Risk Level,Trimester,Fitness Level,Pregnancy Complications,Specific Goal,Activity Before Pregnancy,Recommended Exercises,Category Number
Low,1,Beginner,None,None,Sedentary,"Walking, Swimming",1
High,2,Intermediate,"Back Pain, Pelvic Floor Weakness","Back Pain Relief, Preparation for Labor",Moderately Active,"Modified Cat Cow, Kegels",19
Low,3,Advanced,None,Preparation for Labor,Very Active,"Deep Squats, Perineal Massage",17
Low,1,Beginner,Gestational Diabetes,Weight Control,Sedentary,"Walking, Pelvic Floor Awareness",20
High,2,Intermediate,Diastasis Recti,Preparation for Labor,Moderately Active,"Pelvic Floor Awareness, Supported Pigeon Pose",6
Low,3,Beginner,Pelvic Floor Weakness,Pelvic Floor Strengthening,Sedentary,"Child's Pose, Kegels",12
Low,2,Intermediate,None,General Fitness,Very Active,"Modified Push-Ups, Tricep Dips",7
High,1,Advanced,Diastasis Recti,Core Strengthening,Very Active,"Supported V-Sits, Pelvic Floor Awareness",13
Low,3,Intermediate,None,Stress Relief,Moderately Active,"Pilates, Brahamari Breath",15
Low,2,Beginner,Back Pain,Back Pain Relief,Sedentary,"Walking, Modified Cat Cow",2
High,3,Advanced,Pelvic Girdle Pain,Preparation for Labor,Very Active,"Squat and Rotate, 4-Point Kneel",9
Low,1,Intermediate,Gestational Diabetes,Weight Control,Moderately Active,"Stationary Cycling, Kegels",14
Low,2,Beginner,None,None,Sedentary,"Seated Forward Bend, Brahamari Breath",8
High,3,Intermediate,Pelvic Floor Weakness,Preparation for Labor,Moderately Active,"Perineal Bulges, Breathing Exercises",23
Low,2,Advanced,Back Pain,Back Pain Relief,Very Active,"Modified Side Plank, Psoas Stretch",21
Low,1,Intermediate,Gestational Diabetes,Weight Control,Moderately Active,"Swimming, Light Weight Training",22
High,2,Beginner,Gestational Diabetes,Weight Control,Sedentary,"Walking, Swimming",1
Low,3,Intermediate,Pelvic Girdle Pain,Back Pain Relief,Moderately Active,"Glute Bridges, Mini Squats",16
Low,2,Advanced,None,General Fitness,Very Active,"Dancing, Light Weight Training",18
High,1,Beginner,None,None,Sedentary,"Walking, Seated Pelvic Awareness",20
Low,3,Beginner,None,Stress Relief,Sedentary,"Seated Forward Bend, Brahamari Breath",8
High,2,Intermediate,"Back Pain, Diastasis Recti","Back Pain Relief, Preparation for Labor",Moderately Active,"Pelvic Floor Awareness, Supported Pigeon Pose",6
Low,1,Advanced,None,General Fitness,Very Active,"Dancing, Light Weight Training",18
Low,2,Beginner,Pelvic Floor Weakness,Pelvic Floor Strengthening,Sedentary,"Kegels, Mini Squats, Glute Bridges",3
High,3,Intermediate,Gestational Diabetes,Weight Control,Moderately Active,"Stationary Cycling, Kegels",14
Low,3,Beginner,Back Pain,Back Pain Relief,Sedentary,"Yoga, Modified Cat Cow",11
Low,1,Intermediate,None,None,Moderately Active,"Walking, Stationary Cycling",25
High,2,Advanced,"Pelvic Girdle Pain, Back Pain",Preparation for Labor,Very Active,"Squat and Rotate, 4-Point Kneel",9
Low,2,Beginner,Diastasis Recti,Weight Control,Sedentary,"Stationary Cycling, Seated Forward Bend",5
Low,3,Intermediate,None,Stress Relief,Moderately Active,"Yoga, Brahamari Breath",4
High,1,Beginner,None,None,Sedentary,"Walking, Swimming",1
Low,2,Advanced,Pelvic Floor Weakness,Preparation for Labor,Very Active,"Deep Squats, Perineal Massage",17
Low,1,Intermediate,Gestational Diabetes,Weight Control,Moderately Active,"Swimming, Pelvic Floor Awareness",10
High,3,Beginner,"Back Pain, Pelvic Floor Weakness",Back Pain Relief,Sedentary,"Modified Cat Cow, Kegels",19
Low,2,Intermediate,Diastasis Recti,Preparation for Labor,Moderately Active,"Pelvic Floor Awareness, Supported Pigeon Pose",6
Low,3,Advanced,None,General Fitness,Very Active,"Modified Push-Ups, Tricep Dips",7
High,1,Intermediate,None,Weight Control,Moderately Active,"Walking, Stationary Cycling",25
Low,2,Beginner,Pelvic Girdle Pain,Back Pain Relief,Sedentary,"Glute Bridges, Mini Squats",16
Low,3,Intermediate,None,Stress Relief,Moderately Active,"Pilates, Brahamari Breath",15
High,2,Advanced,"Diastasis Recti, Pelvic Floor Weakness",Core Strengthening,Very Active,"Supported V-Sits, Pelvic Floor Awareness",13
Low,1,Beginner,None,None,Sedentary,"Walking, Swimming",1
Low,2,Intermediate,Back Pain,Back Pain Relief,Moderately Active,"Yoga, Modified Cat Cow",11
High,3,Beginner,Gestational Diabetes,Weight Control,Sedentary,"Stationary Cycling, Kegels",14
Low,1,Advanced,None,General Fitness,Very Active,"Dancing, Light Weight Training",18
Low,2,Beginner,Pelvic Floor Weakness,Pelvic Floor Strengthening,Sedentary,"Child's Pose, Kegels",12
High,3,Intermediate,"Pelvic Girdle Pain, Back Pain",Preparation for Labor,Moderately Active,"Squat and Rotate, 4-Point Kneel",9
Low,1,Intermediate,None,None,Moderately Active,"Walking, Stationary Cycling",25
Low,2,Advanced,Diastasis Recti,Core Strengthening,Very Active,"Supported V-Sits, Pelvic Floor Awareness",13
High,1,Beginner,None,None,Sedentary,"Walking, Seated Pelvic Awareness",20
Low,3,Intermediate,Pelvic Floor Weakness,Preparation for Labor,Moderately Active,"Kegels, Mini Squats, Glute Bridges",3
Low,2,Beginner,Back Pain,Back Pain Relief,Sedentary,"Walking, Modified Cat Cow",2
High,3,Advanced,None,Stress Relief,Very Active,"Yoga, Brahamari Breath",4
Low,1,Intermediate,Gestational Diabetes,Weight Control,Moderately Active,"Swimming, Light Weight Training",22
Low,2,Beginner,None,None,Sedentary,"Seated Forward Bend, Brahamari Breath",8
High,1,Advanced,Diastasis Recti,Core Strengthening,Very Active,"Supported V-Sits, Pelvic Floor Awareness",13
Low,3,Intermediate,"Back Pain, Pelvic Girdle Pain",Back Pain Relief,Moderately Active,"Yoga, Modified Cat Cow",11
Low,2,Beginner,Pelvic Floor Weakness,Pelvic Floor Strengthening,Sedentary,"Kegels, Mini Squats, Glute Bridges",3
High,3,Intermediate,Gestational Diabetes,Weight Control,Moderately Active,"Stationary Cycling, Kegels",14
Low,1,Advanced,None,General Fitness,Very Active,"Dancing, Light Weight Training",18
Low,2,Intermediate,Diastasis Recti,Preparation for Labor,Moderately Active,"Pelvic Floor Awareness, Supported Pigeon Pose",6
High,1,Beginner,None,None,Sedentary,"Walking, Swimming",1
Low,3,Beginner,Back Pain,Back Pain Relief,Sedentary,"Modified Cat Cow, Kegels",19
Low,2,Advanced,Pelvic Girdle Pain,Preparation for Labor,Very Active,"Squat and Rotate, 4-Point Kneel",9
High,3,Intermediate,None,Stress Relief,Moderately Active,"Pilates, Brahamari Breath",15
Low,1,Beginner,None,None,Sedentary,"Walking, Stationary Cycling",25
Low,2,Intermediate,Pelvic Floor Weakness,Preparation for Labor,Moderately Active,"Kegels, Mini Squats, Glute Bridges",3
High,1,Advanced,Diastasis Recti,Core Strengthening,Very Active,"Supported V-Sits, Pelvic Floor Awareness",13
Low,3,Beginner,Gestational Diabetes,Weight Control,Sedentary,"Stationary Cycling, Seated Forward Bend",5
Low,2,Beginner,Back Pain,Back Pain Relief,Sedentary,"Walking, Modified Cat Cow",2
High,3,Intermediate,"Pelvic Girdle Pain, Back Pain",Preparation for Labor,Moderately Active,"Squat and Rotate, 4-Point Kneel",9
Low,1,Intermediate,None,None,Moderately Active,"Walking, Swimming",1
Low,2,Advanced,None,General Fitness,Very Active,"Modified Push-Ups, Tricep Dips",7
High,2,Beginner,None,Weight Control,Sedentary,"Walking, Pelvic Floor Awareness",20
Low,3,Intermediate,Pelvic Floor Weakness,Preparation for Labor,Moderately Active,"Perineal Bulges, Breathing Exercises",23
Low,1,Beginner,Diastasis Recti,Weight Control,Sedentary,"Stationary Cycling, Seated Forward Bend",5
High,2,Intermediate,"Back Pain, Gestational Diabetes","Back Pain Relief, Weight Control",Moderately Active,"Yoga, Modified Cat Cow",11
Low,3,Advanced,None,Stress Relief,Very Active,"Yoga, Brahamari Breath",4
Low,1,Intermediate,Pelvic Girdle Pain,Back Pain Relief,Moderately Active,"Glute Bridges, Mini Squats",16
High,3,Beginner,Pelvic Floor Weakness,Pelvic Floor Strengthening,Sedentary,"Child's Pose, Kegels",12
Low,2,Advanced,Diastasis Recti,Core Strengthening,Very Active,"Supported V-Sits, Pelvic Floor Awareness",13
Low,3,Intermediate,None,Preparation for Labor,Moderately Active,"Kegels, Mini Squats, Glute Bridges",3
High,1,Beginner,None,None,Sedentary,"Walking, Seated Pelvic Awareness",20
Low,2,Beginner,Back Pain,Back Pain Relief,Sedentary,"Modified Cat Cow, Kegels",19
Low,1,Advanced,Gestational Diabetes,Weight Control,Very Active,"Swimming, Light Weight Training",22
High,2,Intermediate,"Diastasis Recti, Pelvic Floor Weakness",Preparation for Labor,Moderately Active,"Pelvic Floor Awareness, Supported Pigeon Pose",6
Low,3,Beginner,None,Stress Relief,Sedentary,"Seated Forward Bend, Brahamari Breath",8
Low,2,Intermediate,Pelvic Girdle Pain,Back Pain Relief,Moderately Active,"Yoga, Supported Pigeon Pose",24
High,1,Advanced,None,General Fitness,Very Active,"Dancing, Light Weight Training",18
Low,3,Beginner,Pelvic Floor Weakness,Pelvic Floor Strengthening,Sedentary,"Kegels, Mini Squats, Glute Bridges",3
Low,2,Intermediate,Diastasis Recti,Preparation for Labor,Moderately Active,"Pelvic Floor Awareness, Supported Pigeon Pose",6
High,3,Advanced,"Back Pain, Pelvic Girdle Pain",Back Pain Relief,Very Active,"Modified Side Plank, Psoas Stretch",21
Low,1,Beginner,None,None,Sedentary,"Walking, Stationary Cycling",25
Low,2,Beginner,Gestational Diabetes,Weight Control,Sedentary,"Stationary Cycling, Kegels",14
High,1,Intermediate,None,Weight Control,Moderately Active,"Walking, Pelvic Floor Awareness",20
Low,3,Advanced,None,Preparation for Labor,Very Active,"Deep Squats, Perineal Massage",17
Low,2,Intermediate,Back Pain,Back Pain Relief,Moderately Active,"Yoga, Modified Cat Cow",11
High,3,Beginner,"Pelvic Floor Weakness, Gestational Diabetes",Pelvic Floor Strengthening,Sedentary,"Child's Pose, Kegels",12
Low,1,Advanced,Diastasis Recti,Core Strengthening,Very Active,"Supported V-Sits, Pelvic Floor Awareness",13
Low,2,Beginner,None,None,Sedentary,"Seated Forward Bend, Brahamari Breath",8
High,1,Intermediate,None,Weight Control,Moderately Active,"Swimming, Pelvic Floor Awareness",10
Low,3,Beginner,Pelvic Girdle Pain,Back Pain Relief,Sedentary,"Glute Bridges, Mini Squats",16
Low,2,Advanced,None,General Fitness,Very Active,"Modified Push-Ups, Tricep Dips",7
High,3,Intermediate,"Back Pain, Diastasis Recti",Back Pain Relief,Moderately Active,"Yoga, Supported Pigeon Pose",24
Low,1,Beginner,Gestational Diabetes,Weight Control,Sedentary,"Walking, Swimming",1
Low,2,Intermediate,Pelvic Floor Weakness,Preparation for Labor,Moderately Active,"Kegels, Mini Squats, Glute Bridges",3
High,1,Advanced,None,Stress Relief,Very Active,"Yoga, Brahamari Breath",4
Low,3,Beginner,Back Pain,Back Pain Relief,Sedentary,"Modified Cat Cow, Kegels",19
Low,2,Beginner,Diastasis Recti,Weight Control,Sedentary,"Stationary Cycling, Seated Forward Bend",5
High,3,Intermediate,"Pelvic Girdle Pain, Pelvic Floor Weakness",Preparation for Labor,Moderately Active,"Squat and Rotate, 4-Point Kneel",9
Low,1,Intermediate,None,None,Moderately Active,"Walking, Stationary Cycling",25
Low,2,Advanced,Gestational Diabetes,Weight Control,Very Active,"Swimming, Light Weight Training",22
High,1,Beginner,None,None,Sedentary,"Walking, Seated Pelvic Awareness",20
Low,3,Intermediate,None,Stress Relief,Moderately Active,"Pilates, Brahamari Breath",15
Low,2,Beginner,Pelvic Floor Weakness,Pelvic Floor Strengthening,Sedentary,"Child's Pose, Kegels",12
High,3,Advanced,"Back Pain, Diastasis Recti",Back Pain Relief,Very Active,"Modified Side Plank, Psoas Stretch",21
Low,1,Intermediate,Gestational Diabetes,Weight Control,Moderately Active,"Stationary Cycling, Kegels",14
Low,2,Beginner,None,None,Sedentary,"Seated Forward Bend, Brahamari Breath",8
High,1,Advanced,Diastasis Recti,Core Strengthening,Very Active,"Supported V-Sits, Pelvic Floor Awareness",13
Low,3,Intermediate,Pelvic Girdle Pain,Back Pain Relief,Moderately Active,"Yoga, Supported Pigeon Pose",24
Low,2,Beginner,Back Pain,Back Pain Relief,Sedentary,"Walking, Modified Cat Cow",2
High,3,Intermediate,"Pelvic Floor Weakness, Gestational Diabetes",Preparation for Labor,Moderately Active,"Perineal Bulges, Breathing Exercises",23
Low,1,Advanced,None,General Fitness,Very Active,"Dancing, Light Weight Training",18
Low,2,Intermediate,Diastasis Recti,Preparation for Labor,Moderately Active,"Pelvic Floor Awareness, Supported Pigeon Pose",6
High,1,Beginner,None,Weight Control,Sedentary,"Walking, Swimming",1
Low,3,Beginner,None,Stress Relief,Sedentary,"Seated Forward Bend, Brahamari Breath",8
Low,2,Advanced,Pelvic Girdle Pain,Preparation for Labor,Very Active,"Squat and Rotate, 4-Point Kneel",9
High,3,Intermediate,Back Pain,Back Pain Relief,Moderately Active,"Yoga, Modified Cat Cow",11
Low,1,Beginner,Gestational Diabetes,Weight Control,Sedentary,"Stationary Cycling, Seated Forward Bend",5
Low,2,Intermediate,None,None,Moderately Active,"Walking, Stationary Cycling",25
High,1,Advanced,Diastasis Recti,Core Strengthening,Very Active,"Supported V-Sits, Pelvic Floor Awareness",13
Low,3,Beginner,Pelvic Floor Weakness,Pelvic Floor Strengthening,Sedentary,"Kegels, Mini Squats, Glute Bridges",3
Low,2,Beginner,Back Pain,Back Pain Relief,Sedentary,"Modified Cat Cow, Kegels",19
High,3,Intermediate,"Pelvic Girdle Pain, Gestational Diabetes",Preparation for Labor,Moderately Active,"Squat and Rotate, 4-Point Kneel",9
Low,1,Advanced,None,General Fitness,Very Active,"Modified Push-Ups, Tricep Dips",7
Low,2,Intermediate,Pelvic Floor Weakness,Preparation for Labor,Moderately Active,"Kegels, Mini Squats, Glute Bridges",3
High,1,Beginner,None,None,Sedentary,"Walking, Seated Pelvic Awareness",20
Low,3,Beginner,Diastasis Recti,Weight Control,Sedentary,"Stationary Cycling, Seated Forward Bend",5
Low,2,Advanced,None,Stress Relief,Very Active,"Yoga, Brahamari Breath",4
High,3,Intermediate,"Back Pain, Pelvic Floor Weakness",Back Pain Relief,Moderately Active,"Yoga, Supported Pigeon Pose",24
Low,1,Beginner,None,None,Sedentary,"Walking, Swimming",1
Low,2,Intermediate,Gestational Diabetes,Weight Control,Moderately Active,"Swimming, Light Weight Training",22
High,3,Advanced,"Pelvic Girdle Pain, Diastasis Recti",Preparation for Labor,Very Active,"Squat and Rotate, 4-Point Kneel",9
Low,1,Beginner,Pelvic Floor Weakness,Pelvic Floor Strengthening,Sedentary,"Child's Pose, Kegels",12
Low,2,Intermediate,Back Pain,Back Pain Relief,Moderately Active,"Yoga, Modified Cat Cow",11
High,1,Advanced,None,General Fitness,Very Active,"Dancing, Light Weight Training",18
Low,3,Beginner,None,Stress Relief,Sedentary,"Seated Forward Bend, Brahamari Breath",8
Low,2,Beginner,Diastasis Recti,Weight Control,Sedentary,"Stationary Cycling, Seated Forward Bend",5
High,3,Intermediate,"Pelvic Floor Weakness, Gestational Diabetes",Preparation for Labor,Moderately Active,"Perineal Bulges, Breathing Exercises",23
Low,1,Intermediate,None,None,Moderately Active,"Walking, Stationary Cycling",25
Low,2,Advanced,Pelvic Girdle Pain,Back Pain Relief,Very Active,"Modified Side Plank, Psoas Stretch",21
High,1,Beginner,None,Weight Control,Sedentary,"Walking, Pelvic Floor Awareness",20
Low,3,Intermediate,None,Preparation for Labor,Moderately Active,"Kegels, Mini Squats, Glute Bridges",3
Low,2,Beginner,Back Pain,Back Pain Relief,Sedentary,"Walking, Modified Cat Cow",2
High,3,Advanced,"Diastasis Recti, Pelvic Floor Weakness",Core Strengthening,Very Active,"Supported V-Sits, Pelvic Floor Awareness",13
Low,1,Intermediate,Gestational Diabetes,Weight Control,Moderately Active,"Stationary Cycling, Kegels",14
Low,2,Beginner,None,None,Sedentary,"Seated Forward Bend, Brahamari Breath",8
High,1,Advanced,Diastasis Recti,Core Strengthening,Very Active,"Supported V-Sits, Pelvic Floor Awareness",13
Low,3,Intermediate,Pelvic Girdle Pain,Back Pain Relief,Moderately Active,"Glute Bridges, Mini Squats",16
Low,2,Beginner,Pelvic Floor Weakness,Pelvic Floor Strengthening,Sedentary,"Child's Pose, Kegels",12
High,3,Intermediate,"Back Pain, Gestational Diabetes",Back Pain Relief,Moderately Active,"Yoga, Modified Cat Cow",11
Low,1,Advanced,None,General Fitness,Very Active,"Dancing, Light Weight Training",18
Low,2,Intermediate,Diastasis Recti,Preparation for Labor,Moderately Active,"Pelvic Floor Awareness, Supported Pigeon Pose",6
High,1,Beginner,None,None,Sedentary,"Walking, Seated Pelvic Awareness",20
Low,3,Beginner,None,Stress Relief,Sedentary,"Seated Forward Bend, Brahamari Breath",8
Low,2,Advanced,Pelvic Girdle Pain,Preparation for Labor,Very Active,"Squat and Rotate, 4-Point Kneel",9
High,3,Intermediate,"Pelvic Floor Weakness, Back Pain",Preparation for Labor,Moderately Active,"Kegels, Mini Squats, Glute Bridges",3
Low,1,Beginner,Gestational Diabetes,Weight Control,Sedentary,"Walking, Swimming",1
Low,2,Intermediate,None,None,Moderately Active,"Walking, Stationary Cycling",25
High,1,Advanced,Diastasis Recti,Core Strengthening,Very Active,"Supported V-Sits, Pelvic Floor Awareness",13
Low,3,Beginner,Pelvic Floor Weakness,Pelvic Floor Strengthening,Sedentary,"Kegels, Mini Squats, Glute Bridges",3
Low,2,Beginner,Back Pain,Back Pain Relief,Sedentary,"Modified Cat Cow, Kegels",19
High,3,Advanced,"Pelvic Girdle Pain, Diastasis Recti",Preparation for Labor,Very Active,"Squat and Rotate, 4-Point Kneel",9
Low,1,Intermediate,Gestational Diabetes,Weight Control,Moderately Active,"Swimming, Light Weight Training",22
Low,2,Beginner,None,None,Sedentary,"Seated Forward Bend, Brahamari Breath",8
High,1,Beginner,None,Weight Control,Sedentary,"Walking, Pelvic Floor Awareness",20
Low,3,Intermediate,Pelvic Girdle Pain,Back Pain Relief,Moderately Active,"Yoga, Supported Pigeon Pose",24
Low,2,Advanced,None,General Fitness,Very Active,"Modified Push-Ups, Tricep Dips",7
High,3,Beginner,"Pelvic Floor Weakness, Gestational Diabetes",Pelvic Floor Strengthening,Sedentary,"Child's Pose, Kegels",12
Low,1,Intermediate,None,None,Moderately Active,"Walking, Swimming",1
Low,2,Beginner,Diastasis Recti,Weight Control,Sedentary,"Stationary Cycling, Seated Forward Bend",5
High,3,Intermediate,"Back Pain, Pelvic Girdle Pain",Back Pain Relief,Moderately Active,"Yoga, Modified Cat Cow",11
Low,1,Advanced,None,Stress Relief,Very Active,"Yoga, Brahamari Breath",4
Low,2,Intermediate,Pelvic Floor Weakness,Preparation for Labor,Moderately Active,"Kegels, Mini Squats, Glute Bridges",3
High,1,Beginner,None,None,Sedentary,"Walking, Seated Pelvic Awareness",20
Low,3,Beginner,Back Pain,Back Pain Relief,Sedentary,"Walking, Modified Cat Cow",2
Low,2,Advanced,Gestational Diabetes,Weight Control,Very Active,"Swimming, Light Weight Training",22
High,3,Intermediate,"Diastasis Recti, Pelvic Floor Weakness",Preparation for Labor,Moderately Active,"Pelvic Floor Awareness, Supported Pigeon Pose",6
Low,1,Beginner,None,None,Sedentary,"Seated Forward Bend, Brahamari Breath",8
Low,2,Intermediate,Pelvic Girdle Pain,Back Pain Relief,Moderately Active,"Glute Bridges, Mini Squats",16
High,1,Advanced,Diastasis Recti,Core Strengthening,Very Active,"Supported V-Sits, Pelvic Floor Awareness",13
Low,3,Beginner,Pelvic Floor Weakness,Pelvic Floor Strengthening,Sedentary,"Child's Pose, Kegels",12
Low,2,Beginner,None,None,Sedentary,"Walking, Stationary Cycling",25
High,3,Intermediate,"Back Pain, Gestational Diabetes",Back Pain Relief,Moderately Active,"Yoga, Modified Cat Cow",11
Low,1,Intermediate,Gestational Diabetes,Weight Control,Moderately Active,"Stationary Cycling, Kegels",14
Low,2,Advanced,None,General Fitness,Very Active,"Dancing, Light Weight Training",18
High,1,Beginner,None,Weight Control,Sedentary,"Walking, Swimming",1
Low,3,Intermediate,Pelvic Girdle Pain,Preparation for Labor,Moderately Active,"Squat and Rotate, 4-Point Kneel",9
Low,2,Beginner,Back Pain,Back Pain Relief,Sedentary,"Modified Cat Cow, Kegels",19
High,3,Advanced,"Pelvic Floor Weakness, Diastasis Recti",Core Strengthening,Very Active,"Supported V-Sits, Pelvic Floor Awareness",13
Low,1,Intermediate,None,Stress Relief,Moderately Active,"Pilates, Brahamari Breath",15
Low,2,Beginner,Diastasis Recti,Weight Control,Sedentary,"Stationary Cycling, Seated Forward Bend",5
High,3,Intermediate,"Pelvic Girdle Pain, Back Pain",Back Pain Relief,Moderately Active,"Yoga, Supported Pigeon Pose",24
Low,1,Advanced,None,General Fitness,Very Active,"Modified Push-Ups, Tricep Dips",7
Low,2,Intermediate,Pelvic Floor Weakness,Preparation for Labor,Moderately Active,"Kegels, Mini Squats, Glute Bridges",3
High,1,Beginner,None,None,Sedentary,"Walking, Seated Pelvic Awareness",20
Low,3,Beginner,Gestational Diabetes,Weight Control,Sedentary,"Walking, Swimming",1
Low,2,Advanced,None,Stress Relief,Very Active,"Yoga, Brahamari Breath",4
High,3,Intermediate,"Back Pain, Pelvic Floor Weakness",Back Pain Relief,Moderately Active,"Yoga, Modified Cat Cow",11
Low,1,Beginner,None,None,Sedentary,"Seated Forward Bend, Brahamari Breath",8
Low,2,Intermediate,Diastasis Recti,Preparation for Labor,Moderately Active,"Pelvic Floor Awareness, Supported Pigeon Pose",6
High,1,Advanced,Pelvic Girdle Pain,Back Pain Relief,Very Active,"Modified Side Plank, Psoas Stretch",21
Low,3,Beginner,Pelvic Floor Weakness,Pelvic Floor Strengthening,Sedentary,"Child's Pose, Kegels",12
Low,2,Beginner,Back Pain,Back Pain Relief,Sedentary,"Walking, Modified Cat Cow",2
High,3,Intermediate,Gestational Diabetes,Weight Control,Moderately Active,"Stationary Cycling, Kegels",14
Low,1,Intermediate,None,None,Moderately Active,"Walking, Stationary Cycling",25
Low,2,Advanced,Diastasis Recti,Core Strengthening,Very Active,"Supported V-Sits, Pelvic Floor Awareness",13
High,1,Beginner,None,Weight Control,Sedentary,"Walking, Pelvic Floor Awareness",20
Low,3,Intermediate,Pelvic Girdle Pain,Preparation for Labor,Moderately Active,"Squat and Rotate, 4-Point Kneel",9
Low,2,Beginner,None,None,Sedentary,"Seated Forward Bend, Brahamari Breath",8
High,3,Advanced,"Pelvic Floor Weakness, Back Pain",Preparation for Labor,Very Active,"Deep Squats, Perineal Massage",17
Low,1,Intermediate,Gestational Diabetes,Weight Control,Moderately Active,"Swimming, Light Weight Training",22
Low,2,Beginner,Diastasis Recti,Weight Control,Sedentary,"Stationary Cycling, Seated Forward Bend",5
High,1,Advanced,None,General Fitness,Very Active,"Dancing, Light Weight Training",18
Low,3,Intermediate,Back Pain,Back Pain Relief,Moderately Active,"Yoga, Modified Cat Cow",11
Low,2,Beginner,Pelvic Floor Weakness,Pelvic Floor Strengthening,Sedentary,"Kegels, Mini Squats, Glute Bridges",3
High,3,Intermediate,"Pelvic Girdle Pain, Gestational Diabetes",Preparation for Labor,Moderately Active,"Squat and Rotate, 4-Point Kneel",9
Low,1,Beginner,None,Stress Relief,Sedentary,"Seated Forward Bend, Brahamari Breath",8
Low,2,Advanced,None,General Fitness,Very Active,"Modified Push-Ups, Tricep Dips",7
High,1,Intermediate,None,Weight Control,Moderately Active,"Walking, Swimming",1
Low,3,Beginner,Back Pain,Back Pain Relief,Sedentary,"Modified Cat Cow, Kegels",19
Low,2,Intermediate,Diastasis Recti,Preparation for Labor,Moderately Active,"Pelvic Floor Awareness, Supported Pigeon Pose",6
High,3,Advanced,"Pelvic Floor Weakness, Diastasis Recti",Core Strengthening,Very Active,"Supported V-Sits, Pelvic Floor Awareness",13
Low,1,Beginner,Gestational Diabetes,Weight Control,Sedentary,"Stationary Cycling, Seated Forward Bend",5
Low,2,Intermediate,None,Stress Relief,Moderately Active,"Pilates, Brahamari Breath",15
High,1,Advanced,Pelvic Girdle Pain,Back Pain Relief,Very Active,"Modified Side Plank, Psoas Stretch",21
Low,3,Beginner,Pelvic Floor Weakness,Pelvic Floor Strengthening,Sedentary,"Child's Pose, Kegels",12
Low,2,Beginner,None,None,Sedentary,"Walking, Stationary Cycling",25
High,3,Intermediate,"Back Pain, Gestational Diabetes",Back Pain Relief,Moderately Active,"Yoga, Modified Cat Cow",11
Low,1,Intermediate,Gestational Diabetes,Weight Control,Moderately Active,"Stationary Cycling, Kegels",14
Low,2,Advanced,None,General Fitness,Very Active,"Dancing, Light Weight Training",18
High,1,Beginner,None,None,Sedentary,"Walking, Seated Pelvic Awareness",20
Low,3,Intermediate,Pelvic Girdle Pain,Preparation for Labor,Moderately Active,"Squat and Rotate, 4-Point Kneel",9
Low,2,Beginner,Back Pain,Back Pain Relief,Sedentary,"Walking, Modified Cat Cow",2
High,3,Advanced,"Diastasis Recti, Pelvic Floor Weakness",Core Strengthening,Very Active,"Supported V-Sits, Pelvic Floor Awareness",13
Low,1,Intermediate,None,Stress Relief,Moderately Active,"Pilates, Brahamari Breath",15
Low,2,Beginner,Diastasis Recti,Weight Control,Sedentary,"Stationary Cycling, Seated Forward Bend",5
High,3,Intermediate,"Pelvic Girdle Pain, Back Pain",Back Pain Relief,Moderately Active,"Yoga, Supported Pigeon Pose",24
Low,1,Advanced,None,General Fitness,Very Active,"Modified Push-Ups, Tricep Dips",7
Low,2,Intermediate,Pelvic Floor Weakness,Preparation for Labor,Moderately Active,"Kegels, Mini Squats, Glute Bridges",3
High,1,Beginner,None,Weight Control,Sedentary,"Walking, Swimming",1
Low,3,Beginner,Gestational Diabetes,Weight Control,Sedentary,"Stationary Cycling, Kegels",14
Low,2,Advanced,None,Stress Relief,Very Active,"Yoga, Brahamari Breath",4
High,3,Intermediate,"Back Pain, Pelvic Floor Weakness",Back Pain Relief,Moderately Active,"Yoga, Modified Cat Cow",11
Low,1,Beginner,None,None,Sedentary,"Seated Forward Bend, Brahamari Breath",8
Low,2,Intermediate,Diastasis Recti,Preparation for Labor,Moderately Active,"Pelvic Floor Awareness, Supported Pigeon Pose",6
High,1,Advanced,Pelvic Girdle Pain,Back Pain Relief,Very Active,"Modified Side Plank, Psoas Stretch",21
Low,3,Beginner,Pelvic Floor Weakness,Pelvic Floor Strengthening,Sedentary,"Child's Pose, Kegels",12
Low,2,Beginner,Back Pain,Back Pain Relief,Sedentary,"Walking, Modified Cat Cow",2
High,3,Intermediate,Gestational Diabetes,Weight Control,Moderately Active,"Stationary Cycling, Kegels",14
Low,1,Intermediate,None,None,Moderately Active,"Walking, Stationary Cycling",25
Low,2,Advanced,Diastasis Recti,Core Strengthening,Very Active,"Supported V-Sits, Pelvic Floor Awareness",13
High,1,Beginner,None,Weight Control,Sedentary,"Walking, Pelvic Floor Awareness",20
Low,3,Intermediate,Pelvic Girdle Pain,Preparation for Labor,Moderately Active,"Squat and Rotate, 4-Point Kneel",9
Low,2,Beginner,None,None,Sedentary,"Seated Forward Bend, Brahamari Breath",8
High,3,Advanced,"Pelvic Floor Weakness, Back Pain",Preparation for Labor,Very Active,"Deep Squats, Perineal Massage",17
Low,1,Intermediate,Gestational Diabetes,Weight Control,Moderately Active,"Swimming, Light Weight Training",22
Low,2,Beginner,Diastasis Recti,Weight Control,Sedentary,"Stationary Cycling, Seated Forward Bend",5
High,1,Advanced,None,General Fitness,Very Active,"Dancing, Light Weight Training",18
Low,3,Intermediate,Back Pain,Back Pain Relief,Moderately Active,"Yoga, Modified Cat Cow",11
Low,2,Beginner,Pelvic Floor Weakness,Pelvic Floor Strengthening,Sedentary,"Kegels, Mini Squats, Glute Bridges",3
High,3,Intermediate,"Pelvic Girdle Pain, Gestational Diabetes",Preparation for Labor,Moderately Active,"Squat and Rotate, 4-Point Kneel",9
Low,1,Beginner,None,Stress Relief,Sedentary,"Seated Forward Bend, Brahamari Breath",8
Low,2,Advanced,None,General Fitness,Very Active,"Modified Push-Ups, Tricep Dips",7
High,1,Intermediate,None,Weight Control,Moderately Active,"Walking, Swimming",1
Low,3,Beginner,Back Pain,Back Pain Relief,Sedentary,"Modified Cat Cow, Kegels",19
Low,2,Intermediate,Diastasis Recti,Preparation for Labor,Moderately Active,"Pelvic Floor Awareness, Supported Pigeon Pose",6
High,3,Advanced,"Pelvic Floor Weakness, Diastasis Recti",Core Strengthening,Very Active,"Supported V-Sits, Pelvic Floor Awareness",13
Low,1,Beginner,Gestational Diabetes,Weight Control,Sedentary,"Stationary Cycling, Seated Forward Bend",5
Low,2,Intermediate,None,Stress Relief,Moderately Active,"Pilates, Brahamari Breath",15
High,1,Advanced,Pelvic Girdle Pain,Back Pain Relief,Very Active,"Modified Side Plank, Psoas Stretch",21
Low,3,Beginner,Pelvic Floor Weakness,Pelvic Floor Strengthening,Sedentary,"Child's Pose, Kegels",12
Low,2,Beginner,None,None,Sedentary,"Walking, Stationary Cycling",25
High,3,Intermediate,"Back Pain, Gestational Diabetes",Back Pain Relief,Moderately Active,"Yoga, Modified Cat Cow",11
Low,1,Intermediate,Gestational Diabetes,Weight Control,Moderately Active,"Stationary Cycling, Kegels",14
Low,2,Advanced,None,General Fitness,Very Active,"Dancing, Light Weight Training",18
High,1,Beginner,None,None,Sedentary,"Walking, Seated Pelvic Awareness",20
Low,3,Intermediate,Pelvic Girdle Pain,Preparation for Labor,Moderately Active,"Squat and Rotate, 4-Point Kneel",9
Low,2,Beginner,Back Pain,Back Pain Relief,Sedentary,"Walking, Modified Cat Cow",2
High,3,Advanced,"Diastasis Recti, Pelvic Floor Weakness",Core Strengthening,Very Active,"Supported V-Sits, Pelvic Floor Awareness",13
Low,1,Intermediate,None,Stress Relief,Moderately Active,"Pilates, Brahamari Breath",15
Low,2,Beginner,Diastasis Recti,Weight Control,Sedentary,"Stationary Cycling, Seated Forward Bend",5
High,3,Intermediate,"Pelvic Girdle Pain, Back Pain",Back Pain Relief,Moderately Active,"Yoga, Supported Pigeon Pose",24
Low,1,Advanced,None,General Fitness,Very Active,"Modified Push-Ups, Tricep Dips",7
Low,2,Intermediate,Pelvic Floor Weakness,Preparation for Labor,Moderately Active,"Kegels, Mini Squats, Glute Bridges",3
High,1,Beginner,None,Weight Control,Sedentary,"Walking, Swimming",1
Low,3,Beginner,Gestational Diabetes,Weight Control,Sedentary,"Stationary Cycling, Kegels",14
Low,2,Advanced,None,Stress Relief,Very Active,"Yoga, Brahamari Breath",4
High,3,Intermediate,"Back Pain, Pelvic Floor Weakness",Back Pain Relief,Moderately Active,"Yoga, Modified Cat Cow",11
Low,1,Beginner,None,None,Sedentary,"Seated Forward Bend, Brahamari Breath",8
Low,2,Intermediate,Diastasis Recti,Preparation for Labor,Moderately Active,"Pelvic Floor Awareness, Supported Pigeon Pose",6
High,1,Advanced,Pelvic Girdle Pain,Back Pain Relief,Very Active,"Modified Side Plank, Psoas Stretch",21
Low,3,Beginner,Pelvic Floor Weakness,Pelvic Floor Strengthening,Sedentary,"Child's Pose, Kegels",12
Low,2,Beginner,Back Pain,Back Pain Relief,Sedentary,"Walking, Modified Cat Cow",2
High,3,Intermediate,Gestational Diabetes,Weight Control,Moderately Active,"Stationary Cycling, Kegels",14
Low,1,Intermediate,None,None,Moderately Active,"Walking, Stationary Cycling",25
Low,2,Advanced,Diastasis Recti,Core Strengthening,Very Active,"Supported V-Sits, Pelvic Floor Awareness",13
High,1,Beginner,None,Weight Control,Sedentary,"Walking, Pelvic Floor Awareness",20
Low,3,Intermediate,Pelvic Girdle Pain,Preparation for Labor,Moderately Active,"Squat and Rotate, 4-Point Kneel",9
Low,2,Beginner,None,None,Sedentary,"Seated Forward Bend, Brahamari Breath",8
High,3,Advanced,"Pelvic Floor Weakness, Back Pain",Preparation for Labor,Very Active,"Deep Squats, Perineal Massage",17
Low,1,Intermediate,Gestational Diabetes,Weight Control,Moderately Active,"Swimming, Light Weight Training",22
Low,2,Beginner,Diastasis Recti,Weight Control,Sedentary,"Stationary Cycling, Seated Forward Bend",5
High,1,Advanced,None,General Fitness,Very Active,"Dancing, Light Weight Training",18
Low,3,Intermediate,Back Pain,Back Pain Relief,Moderately Active,"Yoga, Modified Cat Cow",11
Low,2,Beginner,Pelvic Floor Weakness,Pelvic Floor Strengthening,Sedentary,"Kegels, Mini Squats, Glute Bridges",3
High,3,Intermediate,"Pelvic Girdle Pain, Gestational Diabetes",Preparation for Labor,Moderately Active,"Squat and Rotate, 4-Point Kneel",9
Low,1,Beginner,None,Stress Relief,Sedentary,"Seated Forward Bend, Brahamari Breath",8
Low,2,Advanced,None,General Fitness,Very Active,"Modified Push-Ups, Tricep Dips",7
High,1,Intermediate,None,Weight Control,Moderately Active,"Walking, Swimming",1
Low,3,Beginner,Back Pain,Back Pain Relief,Sedentary,"Modified Cat Cow, Kegels",19
Low,2,Intermediate,Diastasis Recti,Preparation for Labor,Moderately Active,"Pelvic Floor Awareness, Supported Pigeon Pose",6
High,3,Advanced,"Pelvic Floor Weakness, Diastasis Recti",Core Strengthening,Very Active,"Supported V-Sits, Pelvic Floor Awareness",13
Low,1,Beginner,Gestational Diabetes,Weight Control,Sedentary,"Stationary Cycling, Seated Forward Bend",5
Low,2,Intermediate,None,Stress Relief,Moderately Active,"Pilates, Brahamari Breath",15
High,1,Advanced,Pelvic Girdle Pain,Back Pain Relief,Very Active,"Modified Side Plank, Psoas Stretch",21
Low,3,Beginner,Pelvic Floor Weakness,Pelvic Floor Strengthening,Sedentary,"Child's Pose, Kegels",12
Low,2,Beginner,None,None,Sedentary,"Walking, Stationary Cycling",25
High,3,Intermediate,"Back Pain, Gestational Diabetes",Back Pain Relief,Moderately Active,"Yoga, Modified Cat Cow",11
Low,1,Intermediate,Gestational Diabetes,Weight Control,Moderately Active,"Stationary Cycling, Kegels",14
Low,2,Advanced,None,General Fitness,Very Active,"Dancing, Light Weight Training",18
High,1,Beginner,None,None,Sedentary,"Walking, Seated Pelvic Awareness",20
Low,3,Intermediate,Pelvic Girdle Pain,Preparation for Labor,Moderately Active,"Squat and Rotate, 4-Point Kneel",9
Low,2,Beginner,Back Pain,Back Pain Relief,Sedentary,"Walking, Modified Cat Cow",2
High,3,Advanced,"Diastasis Recti, Pelvic Floor Weakness",Core Strengthening,Very Active,"Supported V-Sits, Pelvic Floor Awareness",13
Low,1,Intermediate,None,Stress Relief,Moderately Active,"Pilates, Brahamari Breath",15
Low,2,Beginner,Diastasis Recti,Weight Control,Sedentary,"Stationary Cycling, Seated Forward Bend",5
High,3,Intermediate,"Pelvic Girdle Pain, Back Pain",Back Pain Relief,Moderately Active,"Yoga, Supported Pigeon Pose",24
Low,1,Advanced,None,General Fitness,Very Active,"Modified Push-Ups, Tricep Dips",7
Low,2,Intermediate,Pelvic Floor Weakness,Preparation for Labor,Moderately Active,"Kegels, Mini Squats, Glute Bridges",3
High,1,Beginner,None,Weight Control,Sedentary,"Walking, Swimming",1
Low,3,Beginner,Gestational Diabetes,Weight Control,Sedentary,"Stationary Cycling, Kegels",14
Low,2,Advanced,None,Stress Relief,Very Active,"Yoga, Brahamari Breath",4
High,3,Intermediate,"Back Pain, Pelvic Floor Weakness",Back Pain Relief,Moderately Active,"Yoga, Modified Cat Cow",11
Low,1,Beginner,None,None,Sedentary,"Seated Forward Bend, Brahamari Breath",8
Low,2,Intermediate,Diastasis Recti,Preparation for Labor,Moderately Active,"Pelvic Floor Awareness, Supported Pigeon Pose",6
High,1,Advanced,Pelvic Girdle Pain,Back Pain Relief,Very Active,"Modified Side Plank, Psoas Stretch",21
Low,3,Beginner,Pelvic Floor Weakness,Pelvic Floor Strengthening,Sedentary,"Child's Pose, Kegels",12
Low,2,Beginner,Back Pain,Back Pain Relief,Sedentary,"Walking, Modified Cat Cow",2
High,3,Intermediate,Gestational Diabetes,Weight Control,Moderately Active,"Stationary Cycling, Kegels",14
Low,1,Intermediate,None,None,Moderately Active,"Walking, Stationary Cycling",25
Low,2,Advanced,Diastasis Recti,Core Strengthening,Very Active,"Supported V-Sits, Pelvic Floor Awareness",13
High,1,Beginner,None,Weight Control,Sedentary,"Walking, Pelvic Floor Awareness",20
Low,3,Intermediate,Pelvic Girdle Pain,Preparation for Labor,Moderately Active,"Squat and Rotate, 4-Point Kneel",9
Low,2,Beginner,None,None,Sedentary,"Seated Forward Bend, Brahamari Breath",8
High,3,Advanced,"Pelvic Floor Weakness, Back Pain",Preparation for Labor,Very Active,"Deep Squats, Perineal Massage",17
Low,1,Intermediate,Gestational Diabetes,Weight Control,Moderately Active,"Swimming, Light Weight Training",22
Low,2,Beginner,Diastasis Recti,Weight Control,Sedentary,"Stationary Cycling, Seated Forward Bend",5
High,1,Advanced,None,General Fitness,Very Active,"Dancing, Light Weight Training",18
Low,3,Intermediate,Back Pain,Back Pain Relief,Moderately Active,"Yoga, Modified Cat Cow",11
Low,2,Beginner,Pelvic Floor Weakness,Pelvic Floor Strengthening,Sedentary,"Kegels, Mini Squats, Glute Bridges",3
High,3,Intermediate,"Pelvic Girdle Pain, Gestational Diabetes",Preparation for Labor,Moderately Active,"Squat and Rotate, 4-Point Kneel",9
Low,1,Beginner,None,Stress Relief,Sedentary,"Seated Forward Bend, Brahamari Breath",8
Low,2,Advanced,None,General Fitness,Very Active,"Modified Push-Ups, Tricep Dips",7
High,1,Intermediate,None,Weight Control,Moderately Active,"Walking, Swimming",1
Low,3,Beginner,Back Pain,Back Pain Relief,Sedentary,"Modified Cat Cow, Kegels",19
Low,2,Intermediate,Diastasis Recti,Preparation for Labor,Moderately Active,"Pelvic Floor Awareness, Supported Pigeon Pose",6
High,3,Advanced,"Pelvic Floor Weakness, Diastasis Recti",Core Strengthening,Very Active,"Supported V-Sits, Pelvic Floor Awareness",13
Low,1,Beginner,Gestational Diabetes,Weight Control,Sedentary,"Stationary Cycling, Seated Forward Bend",5
Low,2,Intermediate,None,Stress Relief,Moderately Active,"Pilates, Brahamari Breath",15
High,1,Advanced,Pelvic Girdle Pain,Back Pain Relief,Very Active,"Modified Side Plank, Psoas Stretch",21
Low,3,Beginner,Pelvic Floor Weakness,Pelvic Floor Strengthening,Sedentary,"Child's Pose, Kegels",12
Low,2,Beginner,None,None,Sedentary,"Walking, Stationary Cycling",25
High,3,Intermediate,"Back Pain, Gestational Diabetes",Back Pain Relief,Moderately Active,"Yoga, Modified Cat Cow",11
Low,1,Intermediate,Gestational Diabetes,Weight Control,Moderately Active,"Stationary Cycling, Kegels",14
Low,2,Advanced,None,General Fitness,Very Active,"Dancing, Light Weight Training",18
High,1,Beginner,None,None,Sedentary,"Walking, Seated Pelvic Awareness",20
Low,3,Intermediate,Pelvic Girdle Pain,Preparation for Labor,Moderately Active,"Squat and Rotate, 4-Point Kneel",9
Low,2,Beginner,Back Pain,Back Pain Relief,Sedentary,"Walking, Modified Cat Cow",2
High,3,Advanced,"Diastasis Recti, Pelvic Floor Weakness",Core Strengthening,Very Active,"Supported V-Sits, Pelvic Floor Awareness",13
Low,1,Intermediate,None,Stress Relief,Moderately Active,"Pilates, Brahamari Breath",15
Low,2,Beginner,Diastasis Recti,Weight Control,Sedentary,"Stationary Cycling, Seated Forward Bend",5
High,3,Intermediate,"Pelvic Girdle Pain, Back Pain",Back Pain Relief,Moderately Active,"Yoga, Supported Pigeon Pose",24
Low,1,Advanced,None,General Fitness,Very Active,"Modified Push-Ups, Tricep Dips",7
Low,2,Intermediate,Pelvic Floor Weakness,Preparation for Labor,Moderately Active,"Kegels, Mini Squats, Glute Bridges",3
High,1,Beginner,None,Weight Control,Sedentary,"Walking, Swimming",1
Low,3,Beginner,Gestational Diabetes,Weight Control,Sedentary,"Stationary Cycling, Kegels",14
Low,2,Advanced,None,Stress Relief,Very Active,"Yoga, Brahamari Breath",4
High,3,Intermediate,"Back Pain, Pelvic Floor Weakness",Back Pain Relief,Moderately Active,"Yoga, Modified Cat Cow",11
Low,1,Beginner,None,None,Sedentary,"Seated Forward Bend, Brahamari Breath",8
Low,2,Intermediate,Diastasis Recti,Preparation for Labor,Moderately Active,"Pelvic Floor Awareness, Supported Pigeon Pose",6
High,1,Advanced,Pelvic Girdle Pain,Back Pain Relief,Very Active,"Modified Side Plank, Psoas Stretch",21
Low,3,Beginner,Pelvic Floor Weakness,Pelvic Floor Strengthening,Sedentary,"Child's Pose, Kegels",12
Low,2,Beginner,Back Pain,Back Pain Relief,Sedentary,"Walking, Modified Cat Cow",2
High,3,Intermediate,Gestational Diabetes,Weight Control,Moderately Active,"Stationary Cycling, Kegels",14
Low,1,Intermediate,None,None,Moderately Active,"Walking, Stationary Cycling",25
Low,2,Advanced,Diastasis Recti,Core Strengthening,Very Active,"Supported V-Sits, Pelvic Floor Awareness",13
High,1,Beginner,None,Weight Control,Sedentary,"Walking, Pelvic Floor Awareness",20
Low,3,Intermediate,Pelvic Girdle Pain,Preparation for Labor,Moderately Active,"Squat and Rotate, 4-Point Kneel",9
Low,2,Beginner,None,None,Sedentary,"Seated Forward Bend, Brahamari Breath",8
High,3,Advanced,"Pelvic Floor Weakness, Back Pain",Preparation for Labor,Very Active,"Deep Squats, Perineal Massage",17
Low,1,Intermediate,Gestational Diabetes,Weight Control,Moderately Active,"Swimming, Light Weight Training",22
Low,2,Beginner,Diastasis Recti,Weight Control,Sedentary,"Stationary Cycling, Seated Forward Bend",5
High,1,Advanced,None,General Fitness,Very Active,"Dancing, Light Weight Training",18
Low,3,Intermediate,Back Pain,Back Pain Relief,Moderately Active,"Yoga, Modified Cat Cow",11
Low,2,Beginner,Pelvic Floor Weakness,Pelvic Floor Strengthening,Sedentary,"Kegels, Mini Squats, Glute Bridges",3
High,3,Intermediate,"Pelvic Girdle Pain, Gestational Diabetes",Preparation for Labor,Moderately Active,"Squat and Rotate, 4-Point Kneel",9
Low,1,Beginner,None,Stress Relief,Sedentary,"Seated Forward Bend, Brahamari Breath",8
Low,2,Advanced,None,General Fitness,Very Active,"Modified Push-Ups, Tricep Dips",7
High,1,Intermediate,None,Weight Control,Moderately Active,"Walking, Swimming",1
Low,3,Beginner,Back Pain,Back Pain Relief,Sedentary,"Modified Cat Cow, Kegels",19
Low,2,Intermediate,Diastasis Recti,Preparation for Labor,Moderately Active,"Pelvic Floor Awareness, Supported Pigeon Pose",6
High,3,Advanced,"Pelvic Floor Weakness, Diastasis Recti",Core Strengthening,Very Active,"Supported V-Sits, Pelvic Floor Awareness",13
Low,1,Beginner,Gestational Diabetes,Weight Control,Sedentary,"Stationary Cycling, Seated Forward Bend",5
Low,2,Intermediate,None,Stress Relief,Moderately Active,"Pilates, Brahamari Breath",15
High,1,Advanced,Pelvic Girdle Pain,Back Pain Relief,Very Active,"Modified Side Plank, Psoas Stretch",21
Low,3,Beginner,Pelvic Floor Weakness,Pelvic Floor Strengthening,Sedentary,"Child's Pose, Kegels",12
Low,2,Beginner,None,None,Sedentary,"Walking, Stationary Cycling",25
High,3,Intermediate,"Back Pain, Gestational Diabetes",Back Pain Relief,Moderately Active,"Yoga, Modified Cat Cow",11
Low,1,Intermediate,Gestational Diabetes,Weight Control,Moderately Active,"Stationary Cycling, Kegels",14
Low,2,Advanced,None,General Fitness,Very Active,"Dancing, Light Weight Training",18
High,1,Beginner,None,None,Sedentary,"Walking, Seated Pelvic Awareness",20
Low,3,Intermediate,Pelvic Girdle Pain,Preparation for Labor,Moderately Active,"Squat and Rotate, 4-Point Kneel",9
Low,2,Beginner,Back Pain,Back Pain Relief,Sedentary,"Walking, Modified Cat Cow",2
High,3,Advanced,"Diastasis Recti, Pelvic Floor Weakness",Core Strengthening,Very Active,"Supported V-Sits, Pelvic Floor Awareness",13
Low,1,Intermediate,None,Stress Relief,Moderately Active,"Pilates, Brahamari Breath",15
Low,2,Beginner,Diastasis Recti,Weight Control,Sedentary,"Stationary Cycling, Seated Forward Bend",5
High,3,Intermediate,"Pelvic Girdle Pain, Back Pain",Back Pain Relief,Moderately Active,"Yoga, Supported Pigeon Pose",24
Low,1,Advanced,None,General Fitness,Very Active,"Modified Push-Ups, Tricep Dips",7
Low,2,Intermediate,Pelvic Floor Weakness,Preparation for Labor,Moderately Active,"Kegels, Mini Squats, Glute Bridges",3
High,1,Beginner,None,Weight Control,Sedentary,"Walking, Swimming",1
Low,3,Beginner,Gestational Diabetes,Weight Control,Sedentary,"Stationary Cycling, Kegels",14
Low,2,Advanced,None,Stress Relief,Very Active,"Yoga, Brahamari Breath",4
High,3,Intermediate,"Back Pain, Pelvic Floor Weakness",Back Pain Relief,Moderately Active,"Yoga, Modified Cat Cow",11
Low,1,Beginner,None,None,Sedentary,"Seated Forward Bend, Brahamari Breath",8
Low,2,Intermediate,Diastasis Recti,Preparation for Labor,Moderately Active,"Pelvic Floor Awareness, Supported Pigeon Pose",6
High,1,Advanced,Pelvic Girdle Pain,Back Pain Relief,Very Active,"Modified Side Plank, Psoas Stretch",21
Low,3,Beginner,Pelvic Floor Weakness,Pelvic Floor Strengthening,Sedentary,"Child's Pose, Kegels",12
Low,2,Beginner,Back Pain,Back Pain Relief,Sedentary,"Walking, Modified Cat Cow",2
High,3,Intermediate,Gestational Diabetes,Weight Control,Moderately Active,"Stationary Cycling, Kegels",14
Low,1,Intermediate,None,None,Moderately Active,"Walking, Stationary Cycling",25
Low,2,Advanced,Diastasis Recti,Core Strengthening,Very Active,"Supported V-Sits, Pelvic Floor Awareness",13
High,1,Beginner,None,Weight Control,Sedentary,"Walking, Pelvic Floor Awareness",20
Low,3,Intermediate,Pelvic Girdle Pain,Preparation for Labor,Moderately Active,"Squat and Rotate, 4-Point Kneel",9
Low,2,Beginner,None,None,Sedentary,"Seated Forward Bend, Brahamari Breath",8
High,3,Advanced,"Pelvic Floor Weakness, Back Pain",Preparation for Labor,Very Active,"Deep Squats, Perineal Massage",17
Low,1,Intermediate,Gestational Diabetes,Weight Control,Moderately Active,"Swimming, Light Weight Training",22
Low,2,Beginner,Diastasis Recti,Weight Control,Sedentary,"Stationary Cycling, Seated Forward Bend",5
High,1,Advanced,None,General Fitness,Very Active,"Dancing, Light Weight Training",18
Low,3,Intermediate,Back Pain,Back Pain Relief,Moderately Active,"Yoga, Modified Cat Cow",11
Low,2,Beginner,Pelvic Floor Weakness,Pelvic Floor Strengthening,Sedentary,"Kegels, Mini Squats, Glute Bridges",3
High,3,Intermediate,"Pelvic Girdle Pain, Gestational Diabetes",Preparation for Labor,Moderately Active,"Squat and Rotate, 4-Point Kneel",9
Low,1,Beginner,None,Stress Relief,Sedentary,"Seated Forward Bend, Brahamari Breath",8
Low,2,Advanced,None,General Fitness,Very Active,"Modified Push-Ups, Tricep Dips",7
High,1,Intermediate,None,Weight Control,Moderately Active,"Walking, Swimming",1
Low,3,Beginner,Back Pain,Back Pain Relief,Sedentary,"Modified Cat Cow, Kegels",19
Low,2,Intermediate,Diastasis Recti,Preparation for Labor,Moderately Active,"Pelvic Floor Awareness, Supported Pigeon Pose",6
High,3,Advanced,"Pelvic Floor Weakness, Diastasis Recti",Core Strengthening,Very Active,"Supported V-Sits, Pelvic Floor Awareness",13
Low,1,Beginner,Gestational Diabetes,Weight Control,Sedentary,"Stationary Cycling, Seated Forward Bend",5
Low,2,Intermediate,None,Stress Relief,Moderately Active,"Pilates, Brahamari Breath",15
High,1,Advanced,Pelvic Girdle Pain,Back Pain Relief,Very Active,"Modified Side Plank, Psoas Stretch",21
Low,3,Beginner,Pelvic Floor Weakness,Pelvic Floor Strengthening,Sedentary,"Child's Pose, Kegels",12
Low,2,Beginner,None,None,Sedentary,"Walking, Stationary Cycling",25
High,3,Intermediate,"Back Pain, Gestational Diabetes",Back Pain Relief,Moderately Active,"Yoga, Modified Cat Cow",11
Low,1,Intermediate,Gestational Diabetes,Weight Control,Moderately Active,"Stationary Cycling, Kegels",14
Low,2,Advanced,None,General Fitness,Very Active,"Dancing, Light Weight Training",18
High,1,Beginner,None,None,Sedentary,"Walking, Seated Pelvic Awareness",20
Low,3,Intermediate,Pelvic Girdle Pain,Preparation for Labor,Moderately Active,"Squat and Rotate, 4-Point Kneel",9
Low,2,Beginner,Back Pain,Back Pain Relief,Sedentary,"Walking, Modified Cat Cow",2
High,3,Advanced,"Diastasis Recti, Pelvic Floor Weakness",Core Strengthening,Very Active,"Supported V-Sits, Pelvic Floor Awareness",13
Low,1,Intermediate,None,Stress Relief,Moderately Active,"Pilates, Brahamari Breath",15
Low,2,Beginner,Diastasis Recti,Weight Control,Sedentary,"Stationary Cycling, Seated Forward Bend",5
High,3,Intermediate,"Pelvic Girdle Pain, Back Pain",Back Pain Relief,Moderately Active,"Yoga, Supported Pigeon Pose",24
Low,1,Advanced,None,General Fitness,Very Active,"Modified Push-Ups, Tricep Dips",7
Low,2,Intermediate,Pelvic Floor Weakness,Preparation for Labor,Moderately Active,"Kegels, Mini Squats, Glute Bridges",3
High,1,Beginner,None,Weight Control,Sedentary,"Walking, Swimming",1
Low,3,Beginner,Gestational Diabetes,Weight Control,Sedentary,"Stationary Cycling, Kegels",14
Low,2,Advanced,None,Stress Relief,Very Active,"Yoga, Brahamari Breath",4
High,3,Intermediate,"Back Pain, Pelvic Floor Weakness",Back Pain Relief,Moderately Active,"Yoga, Modified Cat Cow",11
Low,1,Beginner,None,None,Sedentary,"Seated Forward Bend, Brahamari Breath",8
Low,2,Intermediate,Diastasis Recti,Preparation for Labor,Moderately Active,"Pelvic Floor Awareness, Supported Pigeon Pose",6
High,1,Advanced,Pelvic Girdle Pain,Back Pain Relief,Very Active,"Modified Side Plank, Psoas Stretch",21
Low,3,Beginner,Pelvic Floor Weakness,Pelvic Floor Strengthening,Sedentary,"Child's Pose, Kegels",12
Low,2,Beginner,Back Pain,Back Pain Relief,Sedentary,"Walking, Modified Cat Cow",2
High,3,Intermediate,Gestational Diabetes,Weight Control,Moderately Active,"Stationary Cycling, Kegels",14
Low,1,Intermediate,None,None,Moderately Active,"Walking, Stationary Cycling",25
Low,2,Advanced,Diastasis Recti,Core Strengthening,Very Active,"Supported V-Sits, Pelvic Floor Awareness",13
High,1,Beginner,None,Weight Control,Sedentary,"Walking, Pelvic Floor Awareness",20
Low,3,Intermediate,Pelvic Girdle Pain,Preparation for Labor,Moderately Active,"Squat and Rotate, 4-Point Kneel",9
Low,2,Beginner,None,None,Sedentary,"Seated Forward Bend, Brahamari Breath",8
High,3,Advanced,"Pelvic Floor Weakness, Back Pain",Preparation for Labor,Very Active,"Deep Squats, Perineal Massage",17
Low,1,Intermediate,Gestational Diabetes,Weight Control,Moderately Active,"Swimming, Light Weight Training",22
Low,2,Beginner,Diastasis Recti,Weight Control,Sedentary,"Stationary Cycling, Seated Forward Bend",5
High,1,Advanced,None,General Fitness,Very Active,"Dancing, Light Weight Training",18
Low,3,Intermediate,Back Pain,Back Pain Relief,Moderately Active,"Yoga, Modified Cat Cow",11
Low,2,Beginner,Pelvic Floor Weakness,Pelvic Floor Strengthening,Sedentary,"Kegels, Mini Squats, Glute Bridges",3
High,3,Intermediate,"Pelvic Girdle Pain, Gestational Diabetes",Preparation for Labor,Moderately Active,"Squat and Rotate, 4-Point Kneel",9
Low,1,Beginner,None,Stress Relief,Sedentary,"Seated Forward Bend, Brahamari Breath",8
Low,2,Advanced,None,General Fitness,Very Active,"Modified Push-Ups, Tricep Dips",7
High,1,Intermediate,None,Weight Control,Moderately Active,"Walking, Swimming",1
Low,3,Beginner,Back Pain,Back Pain Relief,Sedentary,"Modified Cat Cow, Kegels",19
Low,2,Intermediate,Diastasis Recti,Preparation for Labor,Moderately Active,"Pelvic Floor Awareness, Supported Pigeon Pose",6
High,3,Advanced,"Pelvic Floor Weakness, Diastasis Recti",Core Strengthening,Very Active,"Supported V-Sits, Pelvic Floor Awareness",13
Low,1,Beginner,Gestational Diabetes,Weight Control,Sedentary,"Stationary Cycling, Seated Forward Bend",5
Low,2,Intermediate,None,Stress Relief,Moderately Active,"Pilates, Brahamari Breath",15
High,1,Advanced,Pelvic Girdle Pain,Back Pain Relief,Very Active,"Modified Side Plank, Psoas Stretch",21
Low,3,Beginner,Pelvic Floor Weakness,Pelvic Floor Strengthening,Sedentary,"Child's Pose, Kegels",12
Low,2,Beginner,None,None,Sedentary,"Walking, Stationary Cycling",25
High,3,Intermediate,"Back Pain, Gestational Diabetes",Back Pain Relief,Moderately Active,"Yoga, Modified Cat Cow",11
Low,1,Intermediate,Gestational Diabetes,Weight Control,Moderately Active,"Stationary Cycling, Kegels",14
Low,2,Advanced,None,General Fitness,Very Active,"Dancing, Light Weight Training",18
High,1,Beginner,None,None,Sedentary,"Walking, Seated Pelvic Awareness",20
Low,3,Intermediate,Pelvic Girdle Pain,Preparation for Labor,Moderately Active,"Squat and Rotate, 4-Point Kneel",9
Low,2,Beginner,Back Pain,Back Pain Relief,Sedentary,"Walking, Modified Cat Cow",2
High,3,Advanced,"Diastasis Recti, Pelvic Floor Weakness",Core Strengthening,Very Active,"Supported V-Sits, Pelvic Floor Awareness",13
Low,1,Intermediate,None,Stress Relief,Moderately Active,"Pilates, Brahamari Breath",15
Low,2,Beginner,Diastasis Recti,Weight Control,Sedentary,"Stationary Cycling, Seated Forward Bend",5
High,3,Intermediate,"Pelvic Girdle Pain, Back Pain",Back Pain Relief,Moderately Active,"Yoga, Supported Pigeon Pose",24
Low,1,Advanced,None,General Fitness,Very Active,"Modified Push-Ups, Tricep Dips",7
Low,2,Intermediate,Pelvic Floor Weakness,Preparation for Labor,Moderately Active,"Kegels, Mini Squats, Glute Bridges",3
High,1,Beginner,None,Weight Control,Sedentary,"Walking, Swimming",1
Low,3,Beginner,Gestational Diabetes,Weight Control,Sedentary,"Stationary Cycling, Kegels",14
Low,2,Advanced,None,Stress Relief,Very Active,"Yoga, Brahamari Breath",4
High,3,Intermediate,"Back Pain, Pelvic Floor Weakness",Back Pain Relief,Moderately Active,"Yoga, Modified Cat Cow",11
Low,1,Beginner,None,None,Sedentary,"Seated Forward Bend, Brahamari Breath",8
Low,2,Intermediate,Diastasis Recti,Preparation for Labor,Moderately Active,"Pelvic Floor Awareness, Supported Pigeon Pose",6
High,1,Advanced,Pelvic Girdle Pain,Back Pain Relief,Very Active,"Modified Side Plank, Psoas Stretch",21
Low,3,Beginner,Pelvic Floor Weakness,Pelvic Floor Strengthening,Sedentary,"Child's Pose, Kegels",12
Low,2,Beginner,Back Pain,Back Pain Relief,Sedentary,"Walking, Modified Cat Cow",2
High,3,Intermediate,Gestational Diabetes,Weight Control,Moderately Active,"Stationary Cycling, Kegels",14
Low,1,Intermediate,None,None,Moderately Active,"Walking, Stationary Cycling",25
Low,2,Advanced,Diastasis Recti,Core Strengthening,Very Active,"Supported V-Sits, Pelvic Floor Awareness",13
High,1,Beginner,None,Weight Control,Sedentary,"Walking, Pelvic Floor Awareness",20
Low,3,Intermediate,Pelvic Girdle Pain,Preparation for Labor,Moderately Active,"Squat and Rotate, 4-Point Kneel",9
Low,2,Beginner,None,None,Sedentary,"Seated Forward Bend, Brahamari Breath",8
High,3,Advanced,"Pelvic Floor Weakness, Back Pain",Preparation for Labor,Very Active,"Deep Squats, Perineal Massage",17
Low,1,Intermediate,Gestational Diabetes,Weight Control,Moderately Active,"Swimming, Light Weight Training",22
Low,2,Beginner,Diastasis Recti,Weight Control,Sedentary,"Stationary Cycling, Seated Forward Bend",5
High,1,Advanced,None,General Fitness,Very Active,"Dancing, Light Weight Training",18
Low,3,Intermediate,Back Pain,Back Pain Relief,Moderately Active,"Yoga, Modified Cat Cow",11
Low,2,Beginner,Pelvic Floor Weakness,Pelvic Floor Strengthening,Sedentary,"Kegels, Mini Squats, Glute Bridges",3
High,3,Intermediate,"Pelvic Girdle Pain, Gestational Diabetes",Preparation for Labor,Moderately Active,"Squat and Rotate, 4-Point Kneel",9
Low,1,Beginner,None,Stress Relief,Sedentary,"Seated Forward Bend, Brahamari Breath",8
Low,2,Advanced,None,General Fitness,Very Active,"Modified Push-Ups, Tricep Dips",7
High,1,Intermediate,None,Weight Control,Moderately Active,"Walking, Swimming",1
Low,3,Beginner,Back Pain,Back Pain Relief,Sedentary,"Modified Cat Cow, Kegels",19
Low,2,Intermediate,Diastasis Recti,Preparation for Labor,Moderately Active,"Pelvic Floor Awareness, Supported Pigeon Pose",6
High,3,Advanced,"Pelvic Floor Weakness, Diastasis Recti",Core Strengthening,Very Active,"Supported V-Sits, Pelvic Floor Awareness",13
Low,1,Beginner,Gestational Diabetes,Weight Control,Sedentary,"Stationary Cycling, Seated Forward Bend",5
Low,2,Intermediate,None,Stress Relief,Moderately Active,"Pilates, Brahamari Breath",15
High,1,Advanced,Pelvic Girdle Pain,Back Pain Relief,Very Active,"Modified Side Plank, Psoas Stretch",21
Low,3,Beginner,Pelvic Floor Weakness,Pelvic Floor Strengthening,Sedentary,"Child's Pose, Kegels",12
Low,2,Beginner,None,None,Sedentary,"Walking, Stationary Cycling",25
High,3,Intermediate,"Back Pain, Gestational Diabetes",Back Pain Relief,Moderately Active,"Yoga, Modified Cat Cow",11
Low,1,Intermediate,Gestational Diabetes,Weight Control,Moderately Active,"Stationary Cycling, Kegels",14
Low,2,Advanced,None,General Fitness,Very Active,"Dancing, Light Weight Training",18
High,1,Beginner,None,None,Sedentary,"Walking, Seated Pelvic Awareness",20
Low,3,Intermediate,Pelvic Girdle Pain,Preparation for Labor,Moderately Active,"Squat and Rotate, 4-Point Kneel",9
Low,2,Beginner,Back Pain,Back Pain Relief,Sedentary,"Walking, Modified Cat Cow",2
High,3,Advanced,"Diastasis Recti, Pelvic Floor Weakness",Core Strengthening,Very Active,"Supported V-Sits, Pelvic Floor Awareness",13
Low,1,Intermediate,None,Stress Relief,Moderately Active,"Pilates, Brahamari Breath",15
Low,2,Beginner,Diastasis Recti,Weight Control,Sedentary,"Stationary Cycling, Seated Forward Bend",5
High,3,Intermediate,"Pelvic Girdle Pain, Back Pain",Back Pain Relief,Moderately Active,"Yoga, Supported Pigeon Pose",24
Low,1,Advanced,None,General Fitness,Very Active,"Modified Push-Ups, Tricep Dips",7
Low,2,Intermediate,Pelvic Floor Weakness,Preparation for Labor,Moderately Active,"Kegels, Mini Squats, Glute Bridges",3
High,1,Beginner,None,Weight Control,Sedentary,"Walking, Swimming",1
Low,3,Beginner,Gestational Diabetes,Weight Control,Sedentary,"Stationary Cycling, Kegels",14
Low,2,Advanced,None,Stress Relief,Very Active,"Yoga, Brahamari Breath",4
High,3,Intermediate,"Back Pain, Pelvic Floor Weakness",Back Pain Relief,Moderately Active,"Yoga, Modified Cat Cow",11
Low,1,Beginner,None,None,Sedentary,"Seated Forward Bend, Brahamari Breath",8
Low,2,Intermediate,Diastasis Recti,Preparation for Labor,Moderately Active,"Pelvic Floor Awareness, Supported Pigeon Pose",6
High,1,Advanced,Pelvic Girdle Pain,Back Pain Relief,Very Active,"Modified Side Plank, Psoas Stretch",21
Low,3,Beginner,Pelvic Floor Weakness,Pelvic Floor Strengthening,Sedentary,"Child's Pose, Kegels",12
Low,2,Beginner,Back Pain,Back Pain Relief,Sedentary,"Walking, Modified Cat Cow",2
High,3,Intermediate,Gestational Diabetes,Weight Control,Moderately Active,"Stationary Cycling, Kegels",14
Low,1,Intermediate,None,None,Moderately Active,"Walking, Stationary Cycling",25
Low,2,Advanced,Diastasis Recti,Core Strengthening,Very Active,"Supported V-Sits, Pelvic Floor Awareness",13
High,1,Beginner,None,Weight Control,Sedentary,"Walking, Pelvic Floor Awareness",20
Low,3,Intermediate,Pelvic Girdle Pain,Preparation for Labor,Moderately Active,"Squat and Rotate, 4-Point Kneel",9
Low,2,Beginner,None,None,Sedentary,"Seated Forward Bend, Brahamari Breath",8
High,3,Advanced,"Pelvic Floor Weakness, Back Pain",Preparation for Labor,Very Active,"Deep Squats, Perineal Massage",17
Low,1,Intermediate,Gestational Diabetes,Weight Control,Moderately Active,"Swimming, Light Weight Training",22
Low,2,Beginner,Diastasis Recti,Weight Control,Sedentary,"Stationary Cycling, Seated Forward Bend",5
High,1,Advanced,None,General Fitness,Very Active,"Dancing, Light Weight Training",18
Low,3,Intermediate,Back Pain,Back Pain Relief,Moderately Active,"Yoga, Modified Cat Cow",11
Low,2,Beginner,Pelvic Floor Weakness,Pelvic Floor Strengthening,Sedentary,"Kegels, Mini Squats, Glute Bridges",3
High,3,Intermediate,"Pelvic Girdle Pain, Gestational Diabetes",Preparation for Labor,Moderately Active,"Squat and Rotate, 4-Point Kneel",9
Low,1,Beginner,None,Stress Relief,Sedentary,"Seated Forward Bend, Brahamari Breath",8
Low,2,Advanced,None,General Fitness,Very Active,"Modified Push-Ups, Tricep Dips",7
High,1,Intermediate,None,Weight Control,Moderately Active,"Walking, Swimming",1
Low,3,Beginner,Back Pain,Back Pain Relief,Sedentary,"Modified Cat Cow, Kegels",19
Low,2,Intermediate,Diastasis Recti,Preparation for Labor,Moderately Active,"Pelvic Floor Awareness, Supported Pigeon Pose",6
High,3,Advanced,"Pelvic Floor Weakness, Diastasis Recti",Core Strengthening,Very Active,"Supported V-Sits, Pelvic Floor Awareness",13
Low,1,Beginner,Gestational Diabetes,Weight Control,Sedentary,"Stationary Cycling, Seated Forward Bend",5
Low,2,Intermediate,None,Stress Relief,Moderately Active,"Pilates, Brahamari Breath",15
High,1,Advanced,Pelvic Girdle Pain,Back Pain Relief,Very Active,"Modified Side Plank, Psoas Stretch",21
Low,3,Beginner,Pelvic Floor Weakness,Pelvic Floor Strengthening,Sedentary,"Child's Pose, Kegels",12
Low,2,Beginner,None,None,Sedentary,"Walking, Stationary Cycling",25
High,3,Intermediate,"Back Pain, Gestational Diabetes",Back Pain Relief,Moderately Active,"Yoga, Modified Cat Cow",11
Low,1,Intermediate,Gestational Diabetes,Weight Control,Moderately Active,"Stationary Cycling, Kegels",14
Low,2,Advanced,None,General Fitness,Very Active,"Dancing, Light Weight Training",18
High,1,Beginner,None,None,Sedentary,"Walking, Seated Pelvic Awareness",20
Low,3,Intermediate,Pelvic Girdle Pain,Preparation for Labor,Moderately Active,"Squat and Rotate, 4-Point Kneel",9
Low,2,Beginner,Back Pain,Back Pain Relief,Sedentary,"Walking, Modified Cat Cow",2
High,3,Advanced,"Diastasis Recti, Pelvic Floor Weakness",Core Strengthening,Very Active,"Supported V-Sits, Pelvic Floor Awareness",13
Low,1,Intermediate,None,Stress Relief,Moderately Active,"Pilates, Brahamari Breath",15
Low,2,Beginner,Diastasis Recti,Weight Control,Sedentary,"Stationary Cycling, Seated Forward Bend",5
High,3,Intermediate,"Pelvic Girdle Pain, Back Pain",Back Pain Relief,Moderately Active,"Yoga, Supported Pigeon Pose",24
Low,1,Advanced,None,General Fitness,Very Active,"Modified Push-Ups, Tricep Dips",7
Low,2,Intermediate,Pelvic Floor Weakness,Preparation for Labor,Moderately Active,"Kegels, Mini Squats, Glute Bridges",3
High,1,Beginner,None,Weight Control,Sedentary,"Walking, Swimming",1
Low,3,Beginner,Gestational Diabetes,Weight Control,Sedentary,"Stationary Cycling, Kegels",14
Low,2,Advanced,None,Stress Relief,Very Active,"Yoga, Brahamari Breath",4
High,3,Intermediate,"Back Pain, Pelvic Floor Weakness",Back Pain Relief,Moderately Active,"Yoga, Modified Cat Cow",11
Low,1,Beginner,None,None,Sedentary,"Seated Forward Bend, Brahamari Breath",8
Low,2,Intermediate,Diastasis Recti,Preparation for Labor,Moderately Active,"Pelvic Floor Awareness, Supported Pigeon Pose",6
High,1,Advanced,Pelvic Girdle Pain,Back Pain Relief,Very Active,"Modified Side Plank, Psoas Stretch",21
Low,3,Beginner,Pelvic Floor Weakness,Pelvic Floor Strengthening,Sedentary,"Child's Pose, Kegels",12
Low,2,Beginner,Back Pain,Back Pain Relief,Sedentary,"Walking, Modified Cat Cow",2
High,3,Intermediate,Gestational Diabetes,Weight Control,Moderately Active,"Stationary Cycling, Kegels",14
Low,1,Intermediate,None,None,Moderately Active,"Walking, Stationary Cycling",25
Low,2,Advanced,Diastasis Recti,Core Strengthening,Very Active,"Supported V-Sits, Pelvic Floor Awareness",13
High,1,Beginner,None,Weight Control,Sedentary,"Walking, Pelvic Floor Awareness",20
Low,3,Intermediate,Pelvic Girdle Pain,Preparation for Labor,Moderately Active,"Squat and Rotate, 4-Point Kneel",9
Low,2,Beginner,None,None,Sedentary,"Seated Forward Bend, Brahamari Breath",8
High,3,Advanced,"Pelvic Floor Weakness, Back Pain",Preparation for Labor,Very Active,"Deep Squats, Perineal Massage",17
Low,1,Intermediate,Gestational Diabetes,Weight Control,Moderately Active,"Swimming, Light Weight Training",22
Low,2,Beginner,Diastasis Recti,Weight Control,Sedentary,"Stationary Cycling, Seated Forward Bend",5
High,1,Advanced,None,General Fitness,Very Active,"Dancing, Light Weight Training",18
Low,3,Intermediate,Back Pain,Back Pain Relief,Moderately Active,"Yoga, Modified Cat Cow",11
Low,2,Beginner,Pelvic Floor Weakness,Pelvic Floor Strengthening,Sedentary,"Kegels, Mini Squats, Glute Bridges",3
High,3,Intermediate,"Pelvic Girdle Pain, Gestational Diabetes",Preparation for Labor,Moderately Active,"Squat and Rotate, 4-Point Kneel",9
Low,1,Beginner,None,Stress Relief,Sedentary,"Seated Forward Bend, Brahamari Breath",8
Low,2,Advanced,None,General Fitness,Very Active,"Modified Push-Ups, Tricep Dips",7
High,1,Intermediate,None,Weight Control,Moderately Active,"Walking, Swimming",1
Low,3,Beginner,Back Pain,Back Pain Relief,Sedentary,"Modified Cat Cow, Kegels",19
Low,2,Intermediate,Diastasis Recti,Preparation for Labor,Moderately Active,"Pelvic Floor Awareness, Supported Pigeon Pose",6
High,3,Advanced,"Pelvic Floor Weakness, Diastasis Recti",Core Strengthening,Very Active,"Supported V-Sits, Pelvic Floor Awareness",13
Low,1,Beginner,Gestational Diabetes,Weight Control,Sedentary,"Stationary Cycling, Seated Forward Bend",5
Low,2,Intermediate,None,Stress Relief,Moderately Active,"Pilates, Brahamari Breath",15
High,1,Advanced,Pelvic Girdle Pain,Back Pain Relief,Very Active,"Modified Side Plank, Psoas Stretch",21
Low,3,Beginner,Pelvic Floor Weakness,Pelvic Floor Strengthening,Sedentary,"Child's Pose, Kegels",12
Low,2,Beginner,None,None,Sedentary,"Walking, Stationary Cycling",25
High,3,Intermediate,"Back Pain, Gestational Diabetes",Back Pain Relief,Moderately Active,"Yoga, Modified Cat Cow",11
Low,1,Intermediate,Gestational Diabetes,Weight Control,Moderately Active,"Stationary Cycling, Kegels",14
Low,2,Advanced,None,General Fitness,Very Active,"Dancing, Light Weight Training",18
High,1,Beginner,None,None,Sedentary,"Walking, Seated Pelvic Awareness",20
Low,3,Intermediate,Pelvic Girdle Pain,Preparation for Labor,Moderately Active,"Squat and Rotate, 4-Point Kneel",9
Low,2,Beginner,Back Pain,Back Pain Relief,Sedentary,"Walking, Modified Cat Cow",2
High,3,Advanced,"Diastasis Recti, Pelvic Floor Weakness",Core Strengthening,Very Active,"Supported V-Sits, Pelvic Floor Awareness",13
Low,1,Intermediate,None,Stress Relief,Moderately Active,"Pilates, Brahamari Breath",15
Low,2,Beginner,Diastasis Recti,Weight Control,Sedentary,"Stationary Cycling, Seated Forward Bend",5
High,3,Intermediate,"Pelvic Girdle Pain, Back Pain",Back Pain Relief,Moderately Active,"Yoga, Supported Pigeon Pose",24
Low,1,Advanced,None,General Fitness,Very Active,"Modified Push-Ups, Tricep Dips",7
Low,2,Intermediate,Pelvic Floor Weakness,Preparation for Labor,Moderately Active,"Kegels, Mini Squats, Glute Bridges",3
High,1,Beginner,None,Weight Control,Sedentary,"Walking, Swimming",1
Low,3,Beginner,Gestational Diabetes,Weight Control,Sedentary,"Stationary Cycling, Kegels",14
Low,2,Advanced,None,Stress Relief,Very Active,"Yoga, Brahamari Breath",4
High,3,Intermediate,"Back Pain, Pelvic Floor Weakness",Back Pain Relief,Moderately Active,"Yoga, Modified Cat Cow",11
Low,1,Beginner,None,None,Sedentary,"Seated Forward Bend, Brahamari Breath",8
Low,2,Intermediate,Diastasis Recti,Preparation for Labor,Moderately Active,"Pelvic Floor Awareness, Supported Pigeon Pose",6
High,1,Advanced,Pelvic Girdle Pain,Back Pain Relief,Very Active,"Modified Side Plank, Psoas Stretch",21
Low,3,Beginner,Pelvic Floor Weakness,Pelvic Floor Strengthening,Sedentary,"Child's Pose, Kegels",12
Low,2,Beginner,Back Pain,Back Pain Relief,Sedentary,"Walking, Modified Cat Cow",2
High,3,Intermediate,Gestational Diabetes,Weight Control,Moderately Active,"Stationary Cycling, Kegels",14
Low,1,Intermediate,None,None,Moderately Active,"Walking, Stationary Cycling",25
Low,2,Advanced,Diastasis Recti,Core Strengthening,Very Active,"Supported V-Sits, Pelvic Floor Awareness",13
High,1,Beginner,None,Weight Control,Sedentary,"Walking, Pelvic Floor Awareness",20
Low,3,Intermediate,Pelvic Girdle Pain,Preparation for Labor,Moderately Active,"Squat and Rotate, 4-Point Kneel",9
Low,2,Beginner,None,None,Sedentary,"Seated Forward Bend, Brahamari Breath",8
High,3,Advanced,"Pelvic Floor Weakness, Back Pain",Preparation for Labor,Very Active,"Deep Squats, Perineal Massage",17
Low,1,Intermediate,Gestational Diabetes,Weight Control,Moderately Active,"Swimming, Light Weight Training",22
Low,2,Beginner,Diastasis Recti,Weight Control,Sedentary,"Stationary Cycling, Seated Forward Bend",5
High,1,Advanced,None,General Fitness,Very Active,"Dancing, Light Weight Training",18
Low,3,Intermediate,Back Pain,Back Pain Relief,Moderately Active,"Yoga, Modified Cat Cow",11
Low,2,Beginner,Pelvic Floor Weakness,Pelvic Floor Strengthening,Sedentary,"Kegels, Mini Squats, Glute Bridges",3
High,3,Intermediate,"Pelvic Girdle Pain, Gestational Diabetes",Preparation for Labor,Moderately Active,"Squat and Rotate, 4-Point Kneel",9
Low,1,Beginner,None,Stress Relief,Sedentary,"Seated Forward Bend, Brahamari Breath",8
Low,2,Advanced,None,General Fitness,Very Active,"Modified Push-Ups, Tricep Dips",7
High,1,Intermediate,None,Weight Control,Moderately Active,"Walking, Swimming",1
Low,3,Beginner,Back Pain,Back Pain Relief,Sedentary,"Modified Cat Cow, Kegels",19
Low,2,Intermediate,Diastasis Recti,Preparation for Labor,Moderately Active,"Pelvic Floor Awareness, Supported Pigeon Pose",6
High,3,Advanced,"Pelvic Floor Weakness, Diastasis Recti",Core Strengthening,Very Active,"Supported V-Sits, Pelvic Floor Awareness",13
Low,1,Beginner,Gestational Diabetes,Weight Control,Sedentary,"Stationary Cycling, Seated Forward Bend",5
Low,2,Intermediate,None,Stress Relief,Moderately Active,"Pilates, Brahamari Breath",15
High,1,Advanced,Pelvic Girdle Pain,Back Pain Relief,Very Active,"Modified Side Plank, Psoas Stretch",21
Low,3,Beginner,Pelvic Floor Weakness,Pelvic Floor Strengthening,Sedentary,"Child's Pose, Kegels",12
Low,2,Beginner,None,None,Sedentary,"Walking, Stationary Cycling",25
High,3,Intermediate,"Back Pain, Gestational Diabetes",Back Pain Relief,Moderately Active,"Yoga, Modified Cat Cow",11
Low,1,Intermediate,Gestational Diabetes,Weight Control,Moderately Active,"Stationary Cycling, Kegels",14
Low,2,Advanced,None,General Fitness,Very Active,"Dancing, Light Weight Training",18
High,1,Beginner,None,None,Sedentary,"Walking, Seated Pelvic Awareness",20
Low,3,Intermediate,Pelvic Girdle Pain,Preparation for Labor,Moderately Active,"Squat and Rotate, 4-Point Kneel",9
Low,2,Beginner,Back Pain,Back Pain Relief,Sedentary,"Walking, Modified Cat Cow",2
High,3,Advanced,"Diastasis Recti, Pelvic Floor Weakness",Core Strengthening,Very Active,"Supported V-Sits, Pelvic Floor Awareness",13
Low,1,Intermediate,None,Stress Relief,Moderately Active,"Pilates, Brahamari Breath",15
Low,2,Beginner,Diastasis Recti,Weight Control,Sedentary,"Stationary Cycling, Seated Forward Bend",5
High,3,Intermediate,"Pelvic Girdle Pain, Back Pain",Back Pain Relief,Moderately Active,"Yoga, Supported Pigeon Pose",24
Low,1,Advanced,None,General Fitness,Very Active,"Modified Push-Ups, Tricep Dips",7
Low,2,Intermediate,Pelvic Floor Weakness,Preparation for Labor,Moderately Active,"Kegels, Mini Squats, Glute Bridges",3
High,1,Beginner,None,Weight Control,Sedentary,"Walking, Swimming",1
Low,3,Beginner,Gestational Diabetes,Weight Control,Sedentary,"Stationary Cycling, Kegels",14
Low,2,Advanced,None,Stress Relief,Very Active,"Yoga, Brahamari Breath",4
High,3,Intermediate,"Back Pain, Pelvic Floor Weakness",Back Pain Relief,Moderately Active,"Yoga, Modified Cat Cow",11
Low,1,Beginner,None,None,Sedentary,"Seated Forward Bend, Brahamari Breath",8
Low,2,Intermediate,Diastasis Recti,Preparation for Labor,Moderately Active,"Pelvic Floor Awareness, Supported Pigeon Pose",6
High,1,Advanced,Pelvic Girdle Pain,Back Pain Relief,Very Active,"Modified Side Plank, Psoas Stretch",21
Low,3,Beginner,Pelvic Floor Weakness,Pelvic Floor Strengthening,Sedentary,"Child's Pose, Kegels",12
Low,2,Beginner,Back Pain,Back Pain Relief,Sedentary,"Walking, Modified Cat Cow",2
High,3,Intermediate,Gestational Diabetes,Weight Control,Moderately Active,"Stationary Cycling, Kegels",14
Low,1,Intermediate,None,None,Moderately Active,"Walking, Stationary Cycling",25
Low,2,Advanced,Diastasis Recti,Core Strengthening,Very Active,"Supported V-Sits, Pelvic Floor Awareness",13
High,1,Beginner,None,Weight Control,Sedentary,"Walking, Pelvic Floor Awareness",20
Low,3,Intermediate,Pelvic Girdle Pain,Preparation for Labor,Moderately Active,"Squat and Rotate, 4-Point Kneel",9
Low,2,Beginner,None,None,Sedentary,"Seated Forward Bend, Brahamari Breath",8
High,3,Advanced,"Pelvic Floor Weakness, Back Pain",Preparation for Labor,Very Active,"Deep Squats, Perineal Massage",17
Low,1,Intermediate,Gestational Diabetes,Weight Control,Moderately Active,"Swimming, Light Weight Training",22
Low,2,Beginner,Diastasis Recti,Weight Control,Sedentary,"Stationary Cycling, Seated Forward Bend",5
High,1,Advanced,None,General Fitness,Very Active,"Dancing, Light Weight Training",18
Low,3,Intermediate,Back Pain,Back Pain Relief,Moderately Active,"Yoga, Modified Cat Cow",11
Low,2,Beginner,Pelvic Floor Weakness,Pelvic Floor Strengthening,Sedentary,"Kegels, Mini Squats, Glute Bridges",3
High,3,Intermediate,"Pelvic Girdle Pain, Gestational Diabetes",Preparation for Labor,Moderately Active,"Squat and Rotate, 4-Point Kneel",9
Low,1,Beginner,None,Stress Relief,Sedentary,"Seated Forward Bend, Brahamari Breath",8
Low,2,Advanced,None,General Fitness,Very Active,"Modified Push-Ups, Tricep Dips",7
High,1,Intermediate,None,Weight Control,Moderately Active,"Walking, Swimming",1
Low,3,Beginner,Back Pain,Back Pain Relief,Sedentary,"Modified Cat Cow, Kegels",19
Low,2,Intermediate,Diastasis Recti,Preparation for Labor,Moderately Active,"Pelvic Floor Awareness, Supported Pigeon Pose",6
High,3,Advanced,"Pelvic Floor Weakness, Diastasis Recti",Core Strengthening,Very Active,"Supported V-Sits, Pelvic Floor Awareness",13
Low,1,Beginner,Gestational Diabetes,Weight Control,Sedentary,"Stationary Cycling, Seated Forward Bend",5
Low,2,Intermediate,None,Stress Relief,Moderately Active,"Pilates, Brahamari Breath",15
High,1,Advanced,Pelvic Girdle Pain,Back Pain Relief,Very Active,"Modified Side Plank, Psoas Stretch",21
Low,3,Beginner,Pelvic Floor Weakness,Pelvic Floor Strengthening,Sedentary,"Child's Pose, Kegels",12
Low,2,Beginner,None,None,Sedentary,"Walking, Stationary Cycling",25
High,3,Intermediate,"Back Pain, Gestational Diabetes",Back Pain Relief,Moderately Active,"Yoga, Modified Cat Cow",11
Low,1,Intermediate,Gestational Diabetes,Weight Control,Moderately Active,"Stationary Cycling, Kegels",14
Low,2,Advanced,None,General Fitness,Very Active,"Dancing, Light Weight Training",18
High,1,Beginner,None,None,Sedentary,"Walking, Seated Pelvic Awareness",20
Low,3,Intermediate,Pelvic Girdle Pain,Preparation for Labor,Moderately Active,"Squat and Rotate, 4-Point Kneel",9
Low,2,Beginner,Back Pain,Back Pain Relief,Sedentary,"Walking, Modified Cat Cow",2
High,3,Advanced,"Diastasis Recti, Pelvic Floor Weakness",Core Strengthening,Very Active,"Supported V-Sits, Pelvic Floor Awareness",13
Low,1,Intermediate,None,Stress Relief,Moderately Active,"Pilates, Brahamari Breath",15
Low,2,Beginner,Diastasis Recti,Weight Control,Sedentary,"Stationary Cycling, Seated Forward Bend",5
High,3,Intermediate,"Pelvic Girdle Pain, Back Pain",Back Pain Relief,Moderately Active,"Yoga, Supported Pigeon Pose",24
Low,1,Advanced,None,General Fitness,Very Active,"Modified Push-Ups, Tricep Dips",7
Low,2,Intermediate,Pelvic Floor Weakness,Preparation for Labor,Moderately Active,"Kegels, Mini Squats, Glute Bridges",3
High,1,Beginner,None,Weight Control,Sedentary,"Walking, Swimming",1
Low,3,Beginner,Gestational Diabetes,Weight Control,Sedentary,"Stationary Cycling, Kegels",14
Low,2,Advanced,None,Stress Relief,Very Active,"Yoga, Brahamari Breath",4
High,3,Intermediate,"Back Pain, Pelvic Floor Weakness",Back Pain Relief,Moderately Active,"Yoga, Modified Cat Cow",11
Low,1,Beginner,None,None,Sedentary,"Seated Forward Bend, Brahamari Breath",8
Low,2,Intermediate,Diastasis Recti,Preparation for Labor,Moderately Active,"Pelvic Floor Awareness, Supported Pigeon Pose",6
High,1,Advanced,Pelvic Girdle Pain,Back Pain Relief,Very Active,"Modified Side Plank, Psoas Stretch",21
Low,3,Beginner,Pelvic Floor Weakness,Pelvic Floor Strengthening,Sedentary,"Child's Pose, Kegels",12
Low,2,Beginner,Back Pain,Back Pain Relief,Sedentary,"Walking, Modified Cat Cow",2
High,3,Intermediate,Gestational Diabetes,Weight Control,Moderately Active,"Stationary Cycling, Kegels",14
Low,1,Intermediate,None,None,Moderately Active,"Walking, Stationary Cycling",25
Low,2,Advanced,Diastasis Recti,Core Strengthening,Very Active,"Supported V-Sits, Pelvic Floor Awareness",13
High,1,Beginner,None,Weight Control,Sedentary,"Walking, Pelvic Floor Awareness",20
Low,3,Intermediate,Pelvic Girdle Pain,Preparation for Labor,Moderately Active,"Squat and Rotate, 4-Point Kneel",9
Low,2,Beginner,None,None,Sedentary,"Seated Forward Bend, Brahamari Breath",8
High,3,Advanced,"Pelvic Floor Weakness, Back Pain",Preparation for Labor,Very Active,"Deep Squats, Perineal Massage",17
Low,1,Intermediate,Gestational Diabetes,Weight Control,Moderately Active,"Swimming, Light Weight Training",22
Low,2,Beginner,Diastasis Recti,Weight Control,Sedentary,"Stationary Cycling, Seated Forward Bend",5
High,1,Advanced,None,General Fitness,Very Active,"Dancing, Light Weight Training",18
Low,3,Intermediate,Back Pain,Back Pain Relief,Moderately Active,"Yoga, Modified Cat Cow",11
Low,2,Beginner,Pelvic Floor Weakness,Pelvic Floor Strengthening,Sedentary,"Kegels, Mini Squats, Glute Bridges",3
High,3,Intermediate,"Pelvic Girdle Pain, Gestational Diabetes",Preparation for Labor,Moderately Active,"Squat and Rotate, 4-Point Kneel",9
Low,1,Beginner,None,Stress Relief,Sedentary,"Seated Forward Bend, Brahamari Breath",8
Low,2,Advanced,None,General Fitness,Very Active,"Modified Push-Ups, Tricep Dips",7
High,1,Intermediate,None,Weight Control,Moderately Active,"Walking, Swimming",1
Low,3,Beginner,Back Pain,Back Pain Relief,Sedentary,"Modified Cat Cow, Kegels",19
Low,2,Intermediate,Diastasis Recti,Preparation for Labor,Moderately Active,"Pelvic Floor Awareness, Supported Pigeon Pose",6
High,3,Advanced,"Pelvic Floor Weakness, Diastasis Recti",Core Strengthening,Very Active,"Supported V-Sits, Pelvic Floor Awareness",13
Low,1,Beginner,Gestational Diabetes,Weight Control,Sedentary,"Stationary Cycling, Seated Forward Bend",5
Low,2,Intermediate,None,Stress Relief,Moderately Active,"Pilates, Brahamari Breath",15
High,1,Advanced,Pelvic Girdle Pain,Back Pain Relief,Very Active,"Modified Side Plank, Psoas Stretch",21
Low,3,Beginner,Pelvic Floor Weakness,Pelvic Floor Strengthening,Sedentary,"Child's Pose, Kegels",12
Low,2,Beginner,None,None,Sedentary,"Walking, Stationary Cycling",25
High,3,Intermediate,"Back Pain, Gestational Diabetes",Back Pain Relief,Moderately Active,"Yoga, Modified Cat Cow",11
Low,1,Intermediate,Gestational Diabetes,Weight Control,Moderately Active,"Stationary Cycling, Kegels",14
Low,2,Advanced,None,General Fitness,Very Active,"Dancing, Light Weight Training",18
High,1,Beginner,None,None,Sedentary,"Walking, Seated Pelvic Awareness",20
Low,3,Intermediate,Pelvic Girdle Pain,Preparation for Labor,Moderately Active,"Squat and Rotate, 4-Point Kneel",9
Low,2,Beginner,Back Pain,Back Pain Relief,Sedentary,"Walking, Modified Cat Cow",2
High,3,Advanced,"Diastasis Recti, Pelvic Floor Weakness",Core Strengthening,Very Active,"Supported V-Sits, Pelvic Floor Awareness",13
Low,1,Intermediate,None,Stress Relief,Moderately Active,"Pilates, Brahamari Breath",15
Low,2,Beginner,Diastasis Recti,Weight Control,Sedentary,"Stationary Cycling, Seated Forward Bend",5
High,3,Intermediate,"Pelvic Girdle Pain, Back Pain",Back Pain Relief,Moderately Active,"Yoga, Supported Pigeon Pose",24
Low,1,Advanced,None,General Fitness,Very Active,"Modified Push-Ups, Tricep Dips",7
Low,2,Intermediate,Pelvic Floor Weakness,Preparation for Labor,Moderately Active,"Kegels, Mini Squats, Glute Bridges",3
High,1,Beginner,None,Weight Control,Sedentary,"Walking, Swimming",1
Low,3,Beginner,Gestational Diabetes,Weight Control,Sedentary,"Stationary Cycling, Kegels",14
Low,2,Advanced,None,Stress Relief,Very Active,"Yoga, Brahamari Breath",4
High,3,Intermediate,"Back Pain, Pelvic Floor Weakness",Back Pain Relief,Moderately Active,"Yoga, Modified Cat Cow",11
Low,1,Beginner,None,None,Sedentary,"Seated Forward Bend, Brahamari Breath",8
Low,2,Intermediate,Diastasis Recti,Preparation for Labor,Moderately Active,"Pelvic Floor Awareness, Supported Pigeon Pose",6
High,1,Advanced,Pelvic Girdle Pain,Back Pain Relief,Very Active,"Modified Side Plank, Psoas Stretch",21
Low,3,Beginner,Pelvic Floor Weakness,Pelvic Floor Strengthening,Sedentary,"Child's Pose, Kegels",12
Low,2,Beginner,Back Pain,Back Pain Relief,Sedentary,"Walking, Modified Cat Cow",2
High,3,Intermediate,Gestational Diabetes,Weight Control,Moderately Active,"Stationary Cycling, Kegels",14
Low,1,Intermediate,None,None,Moderately Active,"Walking, Stationary Cycling",25
Low,2,Advanced,Diastasis Recti,Core Strengthening,Very Active,"Supported V-Sits, Pelvic Floor Awareness",13
High,1,Beginner,None,Weight Control,Sedentary,"Walking, Pelvic Floor Awareness",20
Low,3,Intermediate,Pelvic Girdle Pain,Preparation for Labor,Moderately Active,"Squat and Rotate, 4-Point Kneel",9
Low,2,Beginner,None,None,Sedentary,"Seated Forward Bend, Brahamari Breath",8
High,3,Advanced,"Pelvic Floor Weakness, Back Pain",Preparation for Labor,Very Active,"Deep Squats, Perineal Massage",17
Low,1,Intermediate,Gestational Diabetes,Weight Control,Moderately Active,"Swimming, Light Weight Training",22
Low,2,Beginner,Diastasis Recti,Weight Control,Sedentary,"Stationary Cycling, Seated Forward Bend",5
High,1,Advanced,None,General Fitness,Very Active,"Dancing, Light Weight Training",18
Low,3,Intermediate,Back Pain,Back Pain Relief,Moderately Active,"Yoga, Modified Cat Cow",11
Low,2,Beginner,Pelvic Floor Weakness,Pelvic Floor Strengthening,Sedentary,"Kegels, Mini Squats, Glute Bridges",3
High,3,Intermediate,"Pelvic Girdle Pain, Gestational Diabetes",Preparation for Labor,Moderately Active,"Squat and Rotate, 4-Point Kneel",9
Low,1,Beginner,None,Stress Relief,Sedentary,"Seated Forward Bend, Brahamari Breath",8
Low,2,Advanced,None,General Fitness,Very Active,"Modified Push-Ups, Tricep Dips",7
High,1,Intermediate,None,Weight Control,Moderately Active,"Walking, Swimming",1
Low,3,Beginner,Back Pain,Back Pain Relief,Sedentary,"Modified Cat Cow, Kegels",19
Low,2,Intermediate,Diastasis Recti,Preparation for Labor,Moderately Active,"Pelvic Floor Awareness, Supported Pigeon Pose",6
High,3,Advanced,"Pelvic Floor Weakness, Diastasis Recti",Core Strengthening,Very Active,"Supported V-Sits, Pelvic Floor Awareness",13
Low,1,Beginner,Gestational Diabetes,Weight Control,Sedentary,"Stationary Cycling, Seated Forward Bend",5
Low,2,Intermediate,None,Stress Relief,Moderately Active,"Pilates, Brahamari Breath",15
High,1,Advanced,Pelvic Girdle Pain,Back Pain Relief,Very Active,"Modified Side Plank, Psoas Stretch",21
Low,3,Beginner,Pelvic Floor Weakness,Pelvic Floor Strengthening,Sedentary,"Child's Pose, Kegels",12
Low,2,Beginner,None,None,Sedentary,"Walking, Stationary Cycling",25
High,3,Intermediate,"Back Pain, Gestational Diabetes",Back Pain Relief,Moderately Active,"Yoga, Modified Cat Cow",11
Low,1,Intermediate,Gestational Diabetes,Weight Control,Moderately Active,"Stationary Cycling, Kegels",14
Low,2,Advanced,None,General Fitness,Very Active,"Dancing, Light Weight Training",18
High,1,Beginner,None,None,Sedentary,"Walking, Seated Pelvic Awareness",20
Low,3,Intermediate,Pelvic Girdle Pain,Preparation for Labor,Moderately Active,"Squat and Rotate, 4-Point Kneel",9
Low,2,Beginner,Back Pain,Back Pain Relief,Sedentary,"Walking, Modified Cat Cow",2
High,3,Advanced,"Diastasis Recti, Pelvic Floor Weakness",Core Strengthening,Very Active,"Supported V-Sits, Pelvic Floor Awareness",13
Low,1,Intermediate,None,Stress Relief,Moderately Active,"Pilates, Brahamari Breath",15
Low,2,Beginner,Diastasis Recti,Weight Control,Sedentary,"Stationary Cycling, Seated Forward Bend",5
High,3,Intermediate,"Pelvic Girdle Pain, Back Pain",Back Pain Relief,Moderately Active,"Yoga, Supported Pigeon Pose",24
Low,1,Advanced,None,General Fitness,Very Active,"Modified Push-Ups, Tricep Dips",7
Low,2,Intermediate,Pelvic Floor Weakness,Preparation for Labor,Moderately Active,"Kegels, Mini Squats, Glute Bridges",3
High,1,Beginner,None,Weight Control,Sedentary,"Walking, Swimming",1
Low,3,Beginner,Gestational Diabetes,Weight Control,Sedentary,"Stationary Cycling, Kegels",14
Low,2,Advanced,None,Stress Relief,Very Active,"Yoga, Brahamari Breath",4
High,3,Intermediate,"Back Pain, Pelvic Floor Weakness",Back Pain Relief,Moderately Active,"Yoga, Modified Cat Cow",11
Low,1,Beginner,None,None,Sedentary,"Seated Forward Bend, Brahamari Breath",8
Low,2,Intermediate,Diastasis Recti,Preparation for Labor,Moderately Active,"Pelvic Floor Awareness, Supported Pigeon Pose",6
High,1,Advanced,Pelvic Girdle Pain,Back Pain Relief,Very Active,"Modified Side Plank, Psoas Stretch",21
Low,3,Beginner,Pelvic Floor Weakness,Pelvic Floor Strengthening,Sedentary,"Child's Pose, Kegels",12
Low,2,Beginner,Back Pain,Back Pain Relief,Sedentary,"Walking, Modified Cat Cow",2
High,3,Intermediate,Gestational Diabetes,Weight Control,Moderately Active,"Stationary Cycling, Kegels",14
Low,1,Intermediate,None,None,Moderately Active,"Walking, Stationary Cycling",25
Low,2,Advanced,Diastasis Recti,Core Strengthening,Very Active,"Supported V-Sits, Pelvic Floor Awareness",13
High,1,Beginner,None,Weight Control,Sedentary,"Walking, Pelvic Floor Awareness",20
Low,3,Intermediate,Pelvic Girdle Pain,Preparation for Labor,Moderately Active,"Squat and Rotate, 4-Point Kneel",9
Low,2,Beginner,None,None,Sedentary,"Seated Forward Bend, Brahamari Breath",8
High,3,Advanced,"Pelvic Floor Weakness, Back Pain",Preparation for Labor,Very Active,"Deep Squats, Perineal Massage",17
Low,1,Intermediate,Gestational Diabetes,Weight Control,Moderately Active,"Swimming, Light Weight Training",22
Low,2,Beginner,Diastasis Recti,Weight Control,Sedentary,"Stationary Cycling, Seated Forward Bend",5
High,1,Advanced,None,General Fitness,Very Active,"Dancing, Light Weight Training",18
Low,3,Intermediate,Back Pain,Back Pain Relief,Moderately Active,"Yoga, Modified Cat Cow",11
Low,2,Beginner,Pelvic Floor Weakness,Pelvic Floor Strengthening,Sedentary,"Kegels, Mini Squats, Glute Bridges",3
High,3,Intermediate,"Pelvic Girdle Pain, Gestational Diabetes",Preparation for Labor,Moderately Active,"Squat and Rotate, 4-Point Kneel",9
Low,1,Beginner,None,Stress Relief,Sedentary,"Seated Forward Bend, Brahamari Breath",8
Low,2,Advanced,None,General Fitness,Very Active,"Modified Push-Ups, Tricep Dips",7
High,1,Intermediate,None,Weight Control,Moderately Active,"Walking, Swimming",1
Low,3,Beginner,Back Pain,Back Pain Relief,Sedentary,"Modified Cat Cow, Kegels",19
Low,2,Intermediate,Diastasis Recti,Preparation for Labor,Moderately Active,"Pelvic Floor Awareness, Supported Pigeon Pose",6
High,3,Advanced,"Pelvic Floor Weakness, Diastasis Recti",Core Strengthening,Very Active,"Supported V-Sits, Pelvic Floor Awareness",13
Low,1,Beginner,Gestational Diabetes,Weight Control,Sedentary,"Stationary Cycling, Seated Forward Bend",5
Low,2,Intermediate,None,Stress Relief,Moderately Active,"Pilates, Brahamari Breath",15
High,1,Advanced,Pelvic Girdle Pain,Back Pain Relief,Very Active,"Modified Side Plank, Psoas Stretch",21
Low,3,Beginner,Pelvic Floor Weakness,Pelvic Floor Strengthening,Sedentary,"Child's Pose, Kegels",12
Low,2,Beginner,None,None,Sedentary,"Walking, Stationary Cycling",25
High,3,Intermediate,"Back Pain, Gestational Diabetes",Back Pain Relief,Moderately Active,"Yoga, Modified Cat Cow",11
Low,1,Intermediate,Gestational Diabetes,Weight Control,Moderately Active,"Stationary Cycling, Kegels",14
Low,2,Advanced,None,General Fitness,Very Active,"Dancing, Light Weight Training",18
High,1,Beginner,None,None,Sedentary,"Walking, Seated Pelvic Awareness",20
Low,3,Intermediate,Pelvic Girdle Pain,Preparation for Labor,Moderately Active,"Squat and Rotate, 4-Point Kneel",9
Low,2,Beginner,Back Pain,Back Pain Relief,Sedentary,"Walking, Modified Cat Cow",2
High,3,Advanced,"Diastasis Recti, Pelvic Floor Weakness",Core Strengthening,Very Active,"Supported V-Sits, Pelvic Floor Awareness",13
Low,1,Intermediate,None,Stress Relief,Moderately Active,"Pilates, Brahamari Breath",15
Low,2,Beginner,Diastasis Recti,Weight Control,Sedentary,"Stationary Cycling, Seated Forward Bend",5
High,3,Intermediate,"Pelvic Girdle Pain, Back Pain",Back Pain Relief,Moderately Active,"Yoga, Supported Pigeon Pose",24
Low,1,Advanced,None,General Fitness,Very Active,"Modified Push-Ups, Tricep Dips",7
Low,2,Intermediate,Pelvic Floor Weakness,Preparation for Labor,Moderately Active,"Kegels, Mini Squats, Glute Bridges",3
High,1,Beginner,None,Weight Control,Sedentary,"Walking, Swimming",1
Low,3,Beginner,Gestational Diabetes,Weight Control,Sedentary,"Stationary Cycling, Kegels",14
Low,2,Advanced,None,Stress Relief,Very Active,"Yoga, Brahamari Breath",4
High,3,Intermediate,"Back Pain, Pelvic Floor Weakness",Back Pain Relief,Moderately Active,"Yoga, Modified Cat Cow",11
Low,1,Beginner,None,None,Sedentary,"Seated Forward Bend, Brahamari Breath",8
Low,2,Intermediate,Diastasis Recti,Preparation for Labor,Moderately Active,"Pelvic Floor Awareness, Supported Pigeon Pose",6
High,1,Advanced,Pelvic Girdle Pain,Back Pain Relief,Very Active,"Modified Side Plank, Psoas Stretch",21
Low,3,Beginner,Pelvic Floor Weakness,Pelvic Floor Strengthening,Sedentary,"Child's Pose, Kegels",12
Low,2,Beginner,Back Pain,Back Pain Relief,Sedentary,"Walking, Modified Cat Cow",2
High,3,Intermediate,Gestational Diabetes,Weight Control,Moderately Active,"Stationary Cycling, Kegels",14
Low,1,Intermediate,None,None,Moderately Active,"Walking, Stationary Cycling",25
Low,2,Advanced,Diastasis Recti,Core Strengthening,Very Active,"Supported V-Sits, Pelvic Floor Awareness",13
High,1,Beginner,None,Weight Control,Sedentary,"Walking, Pelvic Floor Awareness",20
Low,3,Intermediate,Pelvic Girdle Pain,Preparation for Labor,Moderately Active,"Squat and Rotate, 4-Point Kneel",9
Low,2,Beginner,None,None,Sedentary,"Seated Forward Bend, Brahamari Breath",8
High,3,Advanced,"Pelvic Floor Weakness, Back Pain",Preparation for Labor,Very Active,"Deep Squats, Perineal Massage",17
Low,1,Intermediate,Gestational Diabetes,Weight Control,Moderately Active,"Swimming, Light Weight Training",22
Low,2,Beginner,Diastasis Recti,Weight Control,Sedentary,"Stationary Cycling, Seated Forward Bend",5
High,1,Advanced,None,General Fitness,Very Active,"Dancing, Light Weight Training",18
Low,3,Intermediate,Back Pain,Back Pain Relief,Moderately Active,"Yoga, Modified Cat Cow",11
Low,2,Beginner,Pelvic Floor Weakness,Pelvic Floor Strengthening,Sedentary,"Kegels, Mini Squats, Glute Bridges",3
High,3,Intermediate,"Pelvic Girdle Pain, Gestational Diabetes",Preparation for Labor,Moderately Active,"Squat and Rotate, 4-Point Kneel",9
Low,1,Beginner,None,Stress Relief,Sedentary,"Seated Forward Bend, Brahamari Breath",8
Low,2,Advanced,None,General Fitness,Very Active,"Modified Push-Ups, Tricep Dips",7
High,1,Intermediate,None,Weight Control,Moderately Active,"Walking, Swimming",1
Low,3,Beginner,Back Pain,Back Pain Relief,Sedentary,"Modified Cat Cow, Kegels",19
Low,2,Intermediate,Diastasis Recti,Preparation for Labor,Moderately Active,"Pelvic Floor Awareness, Supported Pigeon Pose",6
High,3,Advanced,"Pelvic Floor Weakness, Diastasis Recti",Core Strengthening,Very Active,"Supported V-Sits, Pelvic Floor Awareness",13
Low,1,Beginner,Gestational Diabetes,Weight Control,Sedentary,"Stationary Cycling, Seated Forward Bend",5
Low,2,Intermediate,None,Stress Relief,Moderately Active,"Pilates, Brahamari Breath",15
High,1,Advanced,Pelvic Girdle Pain,Back Pain Relief,Very Active,"Modified Side Plank, Psoas Stretch",21
Low,3,Beginner,Pelvic Floor Weakness,Pelvic Floor Strengthening,Sedentary,"Child's Pose, Kegels",12
Low,2,Beginner,None,None,Sedentary,"Walking, Stationary Cycling",25
High,3,Intermediate,"Back Pain, Gestational Diabetes",Back Pain Relief,Moderately Active,"Yoga, Modified Cat Cow",11
Low,1,Intermediate,Gestational Diabetes,Weight Control,Moderately Active,"Stationary Cycling, Kegels",14
Low,2,Advanced,None,General Fitness,Very Active,"Dancing, Light Weight Training",18
High,1,Beginner,None,None,Sedentary,"Walking, Seated Pelvic Awareness",20
Low,3,Intermediate,Pelvic Girdle Pain,Preparation for Labor,Moderately Active,"Squat and Rotate, 4-Point Kneel",9
Low,2,Beginner,Back Pain,Back Pain Relief,Sedentary,"Walking, Modified Cat Cow",2
High,3,Advanced,"Diastasis Recti, Pelvic Floor Weakness",Core Strengthening,Very Active,"Supported V-Sits, Pelvic Floor Awareness",13
Low,1,Intermediate,None,Stress Relief,Moderately Active,"Pilates, Brahamari Breath",15
Low,2,Beginner,Diastasis Recti,Weight Control,Sedentary,"Stationary Cycling, Seated Forward Bend",5
High,3,Intermediate,"Pelvic Girdle Pain, Back Pain",Back Pain Relief,Moderately Active,"Yoga, Supported Pigeon Pose",24
Low,1,Advanced,None,General Fitness,Very Active,"Modified Push-Ups, Tricep Dips",7
Low,2,Intermediate,Pelvic Floor Weakness,Preparation for Labor,Moderately Active,"Kegels, Mini Squats, Glute Bridges",3
High,1,Beginner,None,Weight Control,Sedentary,"Walking, Swimming",1
Low,3,Beginner,Gestational Diabetes,Weight Control,Sedentary,"Stationary Cycling, Kegels",14
Low,2,Advanced,None,Stress Relief,Very Active,"Yoga, Brahamari Breath",4
High,3,Intermediate,"Back Pain, Pelvic Floor Weakness",Back Pain Relief,Moderately Active,"Yoga, Modified Cat Cow",11
Low,1,Beginner,None,None,Sedentary,"Seated Forward Bend, Brahamari Breath",8
Low,2,Intermediate,Diastasis Recti,Preparation for Labor,Moderately Active,"Pelvic Floor Awareness, Supported Pigeon Pose",6
High,1,Advanced,Pelvic Girdle Pain,Back Pain Relief,Very Active,"Modified Side Plank, Psoas Stretch",21
Low,3,Beginner,Pelvic Floor Weakness,Pelvic Floor Strengthening,Sedentary,"Child's Pose, Kegels",12
Low,2,Beginner,Back Pain,Back Pain Relief,Sedentary,"Walking, Modified Cat Cow",2
High,3,Intermediate,Gestational Diabetes,Weight Control,Moderately Active,"Stationary Cycling, Kegels",14
Low,1,Intermediate,None,None,Moderately Active,"Walking, Stationary Cycling",25
Low,2,Advanced,Diastasis Recti,Core Strengthening,Very Active,"Supported V-Sits, Pelvic Floor Awareness",13
High,1,Beginner,None,Weight Control,Sedentary,"Walking, Pelvic Floor Awareness",20
Low,3,Intermediate,Pelvic Girdle Pain,Preparation for Labor,Moderately Active,"Squat and Rotate, 4-Point Kneel",9
Low,2,Beginner,None,None,Sedentary,"Seated Forward Bend, Brahamari Breath",8
High,3,Advanced,"Pelvic Floor Weakness, Back Pain",Preparation for Labor,Very Active,"Deep Squats, Perineal Massage",17
Low,1,Intermediate,Gestational Diabetes,Weight Control,Moderately Active,"Swimming, Light Weight Training",22
Low,2,Beginner,Diastasis Recti,Weight Control,Sedentary,"Stationary Cycling, Seated Forward Bend",5
High,1,Advanced,None,General Fitness,Very Active,"Dancing, Light Weight Training",18
Low,3,Intermediate,Back Pain,Back Pain Relief,Moderately Active,"Yoga, Modified Cat Cow",11
Low,2,Beginner,Pelvic Floor Weakness,Pelvic Floor Strengthening,Sedentary,"Kegels, Mini Squats, Glute Bridges",3
High,3,Intermediate,"Pelvic Girdle Pain, Gestational Diabetes",Preparation for Labor,Moderately Active,"Squat and Rotate, 4-Point Kneel",9
Low,1,Beginner,None,Stress Relief,Sedentary,"Seated Forward Bend, Brahamari Breath",8
Low,2,Advanced,None,General Fitness,Very Active,"Modified Push-Ups, Tricep Dips",7
High,1,Intermediate,None,Weight Control,Moderately Active,"Walking, Swimming",1
Low,3,Beginner,Back Pain,Back Pain Relief,Sedentary,"Modified Cat Cow, Kegels",19
Low,2,Intermediate,Diastasis Recti,Preparation for Labor,Moderately Active,"Pelvic Floor Awareness, Supported Pigeon Pose",6
High,3,Advanced,"Pelvic Floor Weakness, Diastasis Recti",Core Strengthening,Very Active,"Supported V-Sits, Pelvic Floor Awareness",13
Low,1,Beginner,Gestational Diabetes,Weight Control,Sedentary,"Stationary Cycling, Seated Forward Bend",5
Low,2,Intermediate,None,Stress Relief,Moderately Active,"Pilates, Brahamari Breath",15
High,1,Advanced,Pelvic Girdle Pain,Back Pain Relief,Very Active,"Modified Side Plank, Psoas Stretch",21
Low,3,Beginner,Pelvic Floor Weakness,Pelvic Floor Strengthening,Sedentary,"Child's Pose, Kegels",12
Low,2,Beginner,None,None,Sedentary,"Walking, Stationary Cycling",25
High,3,Intermediate,"Back Pain, Gestational Diabetes",Back Pain Relief,Moderately Active,"Yoga, Modified Cat Cow",11
Low,1,Intermediate,Gestational Diabetes,Weight Control,Moderately Active,"Stationary Cycling, Kegels",14
Low,2,Advanced,None,General Fitness,Very Active,"Dancing, Light Weight Training",18
High,1,Beginner,None,None,Sedentary,"Walking, Seated Pelvic Awareness",20
Low,3,Intermediate,Pelvic Girdle Pain,Preparation for Labor,Moderately Active,"Squat and Rotate, 4-Point Kneel",9
Low,2,Beginner,Back Pain,Back Pain Relief,Sedentary,"Walking, Modified Cat Cow",2
High,3,Advanced,"Diastasis Recti, Pelvic Floor Weakness",Core Strengthening,Very Active,"Supported V-Sits, Pelvic Floor Awareness",13
Low,1,Intermediate,None,Stress Relief,Moderately Active,"Pilates, Brahamari Breath",15
Low,2,Beginner,Diastasis Recti,Weight Control,Sedentary,"Stationary Cycling, Seated Forward Bend",5
High,3,Intermediate,"Pelvic Girdle Pain, Back Pain",Back Pain Relief,Moderately Active,"Yoga, Supported Pigeon Pose",24
Low,1,Advanced,None,General Fitness,Very Active,"Modified Push-Ups, Tricep Dips",7
Low,2,Intermediate,Pelvic Floor Weakness,Preparation for Labor,Moderately Active,"Kegels, Mini Squats, Glute Bridges",3
High,1,Beginner,None,Weight Control,Sedentary,"Walking, Swimming",1
Low,3,Beginner,Gestational Diabetes,Weight Control,Sedentary,"Stationary Cycling, Kegels",14
Low,2,Advanced,None,Stress Relief,Very Active,"Yoga, Brahamari Breath",4
High,3,Intermediate,"Back Pain, Pelvic Floor Weakness",Back Pain Relief,Moderately Active,"Yoga, Modified Cat Cow",11
Low,1,Beginner,None,None,Sedentary,"Seated Forward Bend, Brahamari Breath",8
Low,2,Intermediate,Diastasis Recti,Preparation for Labor,Moderately Active,"Pelvic Floor Awareness, Supported Pigeon Pose",6
High,1,Advanced,Pelvic Girdle Pain,Back Pain Relief,Very Active,"Modified Side Plank, Psoas Stretch",21
Low,3,Beginner,Pelvic Floor Weakness,Pelvic Floor Strengthening,Sedentary,"Child's Pose, Kegels",12
Low,2,Beginner,Back Pain,Back Pain Relief,Sedentary,"Walking, Modified Cat Cow",2
High,3,Intermediate,Gestational Diabetes,Weight Control,Moderately Active,"Stationary Cycling, Kegels",14
Low,1,Intermediate,None,None,Moderately Active,"Walking, Stationary Cycling",25
Low,2,Advanced,Diastasis Recti,Core Strengthening,Very Active,"Supported V-Sits, Pelvic Floor Awareness",13
High,1,Beginner,None,Weight Control,Sedentary,"Walking, Pelvic Floor Awareness",20
Low,3,Intermediate,Pelvic Girdle Pain,Preparation for Labor,Moderately Active,"Squat and Rotate, 4-Point Kneel",9
Low,2,Beginner,None,None,Sedentary,"Seated Forward Bend, Brahamari Breath",8
High,3,Advanced,"Pelvic Floor Weakness, Back Pain",Preparation for Labor,Very Active,"Deep Squats, Perineal Massage",17
Low,1,Intermediate,Gestational Diabetes,Weight Control,Moderately Active,"Swimming, Light Weight Training",22
Low,2,Beginner,Diastasis Recti,Weight Control,Sedentary,"Stationary Cycling, Seated Forward Bend",5
High,1,Advanced,None,General Fitness,Very Active,"Dancing, Light Weight Training",18
Low,3,Intermediate,Back Pain,Back Pain Relief,Moderately Active,"Yoga, Modified Cat Cow",11
Low,2,Beginner,Pelvic Floor Weakness,Pelvic Floor Strengthening,Sedentary,"Kegels, Mini Squats, Glute Bridges",3
High,3,Intermediate,"Pelvic Girdle Pain, Gestational Diabetes",Preparation for Labor,Moderately Active,"Squat and Rotate, 4-Point Kneel",9
Low,1,Beginner,None,Stress Relief,Sedentary,"Seated Forward Bend, Brahamari Breath",8
Low,2,Advanced,None,General Fitness,Very Active,"Modified Push-Ups, Tricep Dips",7
High,1,Intermediate,None,Weight Control,Moderately Active,"Walking, Swimming",1
Low,3,Beginner,Back Pain,Back Pain Relief,Sedentary,"Modified Cat Cow, Kegels",19
Low,2,Intermediate,Diastasis Recti,Preparation for Labor,Moderately Active,"Pelvic Floor Awareness, Supported Pigeon Pose",6
High,3,Advanced,"Pelvic Floor Weakness, Diastasis Recti",Core Strengthening,Very Active,"Supported V-Sits, Pelvic Floor Awareness",13
Low,1,Beginner,Gestational Diabetes,Weight Control,Sedentary,"Stationary Cycling, Seated Forward Bend",5
Low,2,Intermediate,None,Stress Relief,Moderately Active,"Pilates, Brahamari Breath",15
High,1,Advanced,Pelvic Girdle Pain,Back Pain Relief,Very Active,"Modified Side Plank, Psoas Stretch",21
Low,3,Beginner,Pelvic Floor Weakness,Pelvic Floor Strengthening,Sedentary,"Child's Pose, Kegels",12
Low,2,Beginner,None,None,Sedentary,"Walking, Stationary Cycling",25
High,3,Intermediate,"Back Pain, Gestational Diabetes",Back Pain Relief,Moderately Active,"Yoga, Modified Cat Cow",11
Low,1,Intermediate,Gestational Diabetes,Weight Control,Moderately Active,"Stationary Cycling, Kegels",14
Low,2,Advanced,None,General Fitness,Very Active,"Dancing, Light Weight Training",18
High,1,Beginner,None,None,Sedentary,"Walking, Seated Pelvic Awareness",20
Low,3,Intermediate,Pelvic Girdle Pain,Preparation for Labor,Moderately Active,"Squat and Rotate, 4-Point Kneel",9
Low,2,Beginner,Back Pain,Back Pain Relief,Sedentary,"Walking, Modified Cat Cow",2
High,3,Advanced,"Diastasis Recti, Pelvic Floor Weakness",Core Strengthening,Very Active,"Supported V-Sits, Pelvic Floor Awareness",13
Low,1,Intermediate,None,Stress Relief,Moderately Active,"Pilates, Brahamari Breath",15
Low,2,Beginner,Diastasis Recti,Weight Control,Sedentary,"Stationary Cycling, Seated Forward Bend",5
High,3,Intermediate,"Pelvic Girdle Pain, Back Pain",Back Pain Relief,Moderately Active,"Yoga, Supported Pigeon Pose",24
Low,1,Advanced,None,General Fitness,Very Active,"Modified Push-Ups, Tricep Dips",7
Low,2,Intermediate,Pelvic Floor Weakness,Preparation for Labor,Moderately Active,"Kegels, Mini Squats, Glute Bridges",3
High,1,Beginner,None,Weight Control,Sedentary,"Walking, Swimming",1
Low,3,Beginner,Gestational Diabetes,Weight Control,Sedentary,"Stationary Cycling, Kegels",14
Low,2,Advanced,None,Stress Relief,Very Active,"Yoga, Brahamari Breath",4
High,3,Intermediate,"Back Pain, Pelvic Floor Weakness",Back Pain Relief,Moderately Active,"Yoga, Modified Cat Cow",11
Low,1,Beginner,None,None,Sedentary,"Seated Forward Bend, Brahamari Breath",8
Low,2,Intermediate,Diastasis Recti,Preparation for Labor,Moderately Active,"Pelvic Floor Awareness, Supported Pigeon Pose",6
High,1,Advanced,Pelvic Girdle Pain,Back Pain Relief,Very Active,"Modified Side Plank, Psoas Stretch",21
Low,3,Beginner,Pelvic Floor Weakness,Pelvic Floor Strengthening,Sedentary,"Child's Pose, Kegels",12
Low,2,Beginner,Back Pain,Back Pain Relief,Sedentary,"Walking, Modified Cat Cow",2
High,3,Intermediate,Gestational Diabetes,Weight Control,Moderately Active,"Stationary Cycling, Kegels",14
Low,1,Intermediate,None,None,Moderately Active,"Walking, Stationary Cycling",25
Low,2,Advanced,Diastasis Recti,Core Strengthening,Very Active,"Supported V-Sits, Pelvic Floor Awareness",13
High,1,Beginner,None,Weight Control,Sedentary,"Walking, Pelvic Floor Awareness",20
Low,3,Intermediate,Pelvic Girdle Pain,Preparation for Labor,Moderately Active,"Squat and Rotate, 4-Point Kneel",9
Low,2,Beginner,None,None,Sedentary,"Seated Forward Bend, Brahamari Breath",8
High,3,Advanced,"Pelvic Floor Weakness, Back Pain",Preparation for Labor,Very Active,"Deep Squats, Perineal Massage",17
Low,1,Intermediate,Gestational Diabetes,Weight Control,Moderately Active,"Swimming, Light Weight Training",22
Low,2,Beginner,Diastasis Recti,Weight Control,Sedentary,"Stationary Cycling, Seated Forward Bend",5
High,1,Advanced,None,General Fitness,Very Active,"Dancing, Light Weight Training",18
Low,3,Intermediate,Back Pain,Back Pain Relief,Moderately Active,"Yoga, Modified Cat Cow",11
Low,2,Beginner,Pelvic Floor Weakness,Pelvic Floor Strengthening,Sedentary,"Kegels, Mini Squats, Glute Bridges",3
High,3,Intermediate,"Pelvic Girdle Pain, Gestational Diabetes",Preparation for Labor,Moderately Active,"Squat and Rotate, 4-Point Kneel",9
Low,1,Beginner,None,Stress Relief,Sedentary,"Seated Forward Bend, Brahamari Breath",8
Low,2,Advanced,None,General Fitness,Very Active,"Modified Push-Ups, Tricep Dips",7
High,1,Intermediate,None,Weight Control,Moderately Active,"Walking, Swimming",1
Low,3,Beginner,Back Pain,Back Pain Relief,Sedentary,"Modified Cat Cow, Kegels",19
Low,2,Intermediate,Diastasis Recti,Preparation for Labor,Moderately Active,"Pelvic Floor Awareness, Supported Pigeon Pose",6
High,3,Advanced,"Pelvic Floor Weakness, Diastasis Recti",Core Strengthening,Very Active,"Supported V-Sits, Pelvic Floor Awareness",13
Low,1,Beginner,Gestational Diabetes,Weight Control,Sedentary,"Stationary Cycling, Seated Forward Bend",5
Low,2,Intermediate,None,Stress Relief,Moderately Active,"Pilates, Brahamari Breath",15
High,1,Advanced,Pelvic Girdle Pain,Back Pain Relief,Very Active,"Modified Side Plank, Psoas Stretch",21
Low,3,Beginner,Pelvic Floor Weakness,Pelvic Floor Strengthening,Sedentary,"Child's Pose, Kegels",12
Low,2,Beginner,None,None,Sedentary,"Walking, Stationary Cycling",25
High,3,Intermediate,"Back Pain, Gestational Diabetes",Back Pain Relief,Moderately Active,"Yoga, Modified Cat Cow",11
Low,1,Intermediate,Gestational Diabetes,Weight Control,Moderately Active,"Stationary Cycling, Kegels",14
Low,2,Advanced,None,General Fitness,Very Active,"Dancing, Light Weight Training",18
High,1,Beginner,None,None,Sedentary,"Walking, Seated Pelvic Awareness",20
Low,3,Intermediate,Pelvic Girdle Pain,Preparation for Labor,Moderately Active,"Squat and Rotate, 4-Point Kneel",9
Low,2,Beginner,Back Pain,Back Pain Relief,Sedentary,"Walking, Modified Cat Cow",2
High,3,Advanced,"Diastasis Recti, Pelvic Floor Weakness",Core Strengthening,Very Active,"Supported V-Sits, Pelvic Floor Awareness",13
Low,1,Intermediate,None,Stress Relief,Moderately Active,"Pilates, Brahamari Breath",15
Low,2,Beginner,Diastasis Recti,Weight Control,Sedentary,"Stationary Cycling, Seated Forward Bend",5
High,3,Intermediate,"Pelvic Girdle Pain, Back Pain",Back Pain Relief,Moderately Active,"Yoga, Supported Pigeon Pose",24
Low,1,Advanced,None,General Fitness,Very Active,"Modified Push-Ups, Tricep Dips",7
Low,2,Intermediate,Pelvic Floor Weakness,Preparation for Labor,Moderately Active,"Kegels, Mini Squats, Glute Bridges",3
High,1,Beginner,None,Weight Control,Sedentary,"Walking, Swimming",1
Low,3,Beginner,Gestational Diabetes,Weight Control,Sedentary,"Stationary Cycling, Kegels",14
Low,2,Advanced,None,Stress Relief,Very Active,"Yoga, Brahamari Breath",4
High,3,Intermediate,"Back Pain, Pelvic Floor Weakness",Back Pain Relief,Moderately Active,"Yoga, Modified Cat Cow",11
Low,1,Beginner,None,None,Sedentary,"Seated Forward Bend, Brahamari Breath",8
Low,2,Intermediate,Diastasis Recti,Preparation for Labor,Moderately Active,"Pelvic Floor Awareness, Supported Pigeon Pose",6
High,1,Advanced,Pelvic Girdle Pain,Back Pain Relief,Very Active,"Modified Side Plank, Psoas Stretch",21
Low,3,Beginner,Pelvic Floor Weakness,Pelvic Floor Strengthening,Sedentary,"Child's Pose, Kegels",12
Low,2,Beginner,Back Pain,Back Pain Relief,Sedentary,"Walking, Modified Cat Cow",2
High,3,Intermediate,Gestational Diabetes,Weight Control,Moderately Active,"Stationary Cycling, Kegels",14
Low,1,Intermediate,None,None,Moderately Active,"Walking, Stationary Cycling",25
Low,2,Advanced,Diastasis Recti,Core Strengthening,Very Active,"Supported V-Sits, Pelvic Floor Awareness",13
High,1,Beginner,None,Weight Control,Sedentary,"Walking, Pelvic Floor Awareness",20
Low,3,Intermediate,Pelvic Girdle Pain,Preparation for Labor,Moderately Active,"Squat and Rotate, 4-Point Kneel",9
Low,2,Beginner,None,None,Sedentary,"Seated Forward Bend, Brahamari Breath",8
High,3,Advanced,"Pelvic Floor Weakness, Back Pain",Preparation for Labor,Very Active,"Deep Squats, Perineal Massage",17
Low,1,Intermediate,Gestational Diabetes,Weight Control,Moderately Active,"Swimming, Light Weight Training",22
Low,2,Beginner,Diastasis Recti,Weight Control,Sedentary,"Stationary Cycling, Seated Forward Bend",5
High,1,Advanced,None,General Fitness,Very Active,"Dancing, Light Weight Training",18
Low,3,Intermediate,Back Pain,Back Pain Relief,Moderately Active,"Yoga, Modified Cat Cow",11
Low,2,Beginner,Pelvic Floor Weakness,Pelvic Floor Strengthening,Sedentary,"Kegels, Mini Squats, Glute Bridges",3
High,3,Intermediate,"Pelvic Girdle Pain, Gestational Diabetes",Preparation for Labor,Moderately Active,"Squat and Rotate, 4-Point Kneel",9
Low,1,Beginner,None,Stress Relief,Sedentary,"Seated Forward Bend, Brahamari Breath",8
Low,2,Advanced,None,General Fitness,Very Active,"Modified Push-Ups, Tricep Dips",7
High,1,Intermediate,None,Weight Control,Moderately Active,"Walking, Swimming",1
Low,3,Beginner,Back Pain,Back Pain Relief,Sedentary,"Modified Cat Cow, Kegels",19
Low,2,Intermediate,Diastasis Recti,Preparation for Labor,Moderately Active,"Pelvic Floor Awareness, Supported Pigeon Pose",6
High,3,Advanced,"Pelvic Floor Weakness, Diastasis Recti",Core Strengthening,Very Active,"Supported V-Sits, Pelvic Floor Awareness",13
Low,1,Beginner,Gestational Diabetes,Weight Control,Sedentary,"Stationary Cycling, Seated Forward Bend",5
Low,2,Intermediate,None,Stress Relief,Moderately Active,"Pilates, Brahamari Breath",15
High,1,Advanced,Pelvic Girdle Pain,Back Pain Relief,Very Active,"Modified Side Plank, Psoas Stretch",21
Low,3,Beginner,Pelvic Floor Weakness,Pelvic Floor Strengthening,Sedentary,"Child's Pose, Kegels",12
Low,2,Beginner,None,None,Sedentary,"Walking, Stationary Cycling",25
High,3,Intermediate,"Back Pain, Gestational Diabetes",Back Pain Relief,Moderately Active,"Yoga, Modified Cat Cow",11
Low,1,Intermediate,Gestational Diabetes,Weight Control,Moderately Active,"Stationary Cycling, Kegels",14
Low,2,Advanced,None,General Fitness,Very Active,"Dancing, Light Weight Training",18
High,1,Beginner,None,None,Sedentary,"Walking, Seated Pelvic Awareness",20
Low,3,Intermediate,Pelvic Girdle Pain,Preparation for Labor,Moderately Active,"Squat and Rotate, 4-Point Kneel",9
Low,2,Beginner,Back Pain,Back Pain Relief,Sedentary,"Walking, Modified Cat Cow",2
High,3,Advanced,"Diastasis Recti, Pelvic Floor Weakness",Core Strengthening,Very Active,"Supported V-Sits, Pelvic Floor Awareness",13
Low,1,Intermediate,None,Stress Relief,Moderately Active,"Pilates, Brahamari Breath",15
Low,2,Beginner,Diastasis Recti,Weight Control,Sedentary,"Stationary Cycling, Seated Forward Bend",5
High,3,Intermediate,"Pelvic Girdle Pain, Back Pain",Back Pain Relief,Moderately Active,"Yoga, Supported Pigeon Pose",24
Low,1,Advanced,None,General Fitness,Very Active,"Modified Push-Ups, Tricep Dips",7
Low,2,Intermediate,Pelvic Floor Weakness,Preparation for Labor,Moderately Active,"Kegels, Mini Squats, Glute Bridges",3
High,1,Beginner,None,Weight Control,Sedentary,"Walking, Swimming",1
Low,3,Beginner,Gestational Diabetes,Weight Control,Sedentary,"Stationary Cycling, Kegels",14
Low,2,Advanced,None,Stress Relief,Very Active,"Yoga, Brahamari Breath",4
High,3,Intermediate,"Back Pain, Pelvic Floor Weakness",Back Pain Relief,Moderately Active,"Yoga, Modified Cat Cow",11
Low,1,Beginner,None,None,Sedentary,"Seated Forward Bend, Brahamari Breath",8
Low,2,Intermediate,Diastasis Recti,Preparation for Labor,Moderately Active,"Pelvic Floor Awareness, Supported Pigeon Pose",6
High,1,Advanced,Pelvic Girdle Pain,Back Pain Relief,Very Active,"Modified Side Plank, Psoas Stretch",21
Low,3,Beginner,Pelvic Floor Weakness,Pelvic Floor Strengthening,Sedentary,"Child's Pose, Kegels",12
Low,2,Beginner,Back Pain,Back Pain Relief,Sedentary,"Walking, Modified Cat Cow",2
High,3,Intermediate,Gestational Diabetes,Weight Control,Moderately Active,"Stationary Cycling, Kegels",14
Low,1,Intermediate,None,None,Moderately Active,"Walking, Stationary Cycling",25
Low,2,Advanced,Diastasis Recti,Core Strengthening,Very Active,"Supported V-Sits, Pelvic Floor Awareness",13
High,1,Beginner,None,Weight Control,Sedentary,"Walking, Pelvic Floor Awareness",20
Low,3,Intermediate,Pelvic Girdle Pain,Preparation for Labor,Moderately Active,"Squat and Rotate, 4-Point Kneel",9
Low,2,Beginner,None,None,Sedentary,"Seated Forward Bend, Brahamari Breath",8
High,3,Advanced,"Pelvic Floor Weakness, Back Pain",Preparation for Labor,Very Active,"Deep Squats, Perineal Massage",17
Low,1,Intermediate,Gestational Diabetes,Weight Control,Moderately Active,"Swimming, Light Weight Training",22
Low,2,Beginner,Diastasis Recti,Weight Control,Sedentary,"Stationary Cycling, Seated Forward Bend",5
High,1,Advanced,None,General Fitness,Very Active,"Dancing, Light Weight Training",18
Low,3,Intermediate,Back Pain,Back Pain Relief,Moderately Active,"Yoga, Modified Cat Cow",11
Low,2,Beginner,Pelvic Floor Weakness,Pelvic Floor Strengthening,Sedentary,"Kegels, Mini Squats, Glute Bridges",3
High,3,Intermediate,"Pelvic Girdle Pain, Gestational Diabetes",Preparation for Labor,Moderately Active,"Squat and Rotate, 4-Point Kneel",9
Low,1,Beginner,None,Stress Relief,Sedentary,"Seated Forward Bend, Brahamari Breath",8
Low,2,Advanced,None,General Fitness,Very Active,"Modified Push-Ups, Tricep Dips",7
High,1,Intermediate,None,Weight Control,Moderately Active,"Walking, Swimming",1
Low,3,Beginner,Back Pain,Back Pain Relief,Sedentary,"Modified Cat Cow, Kegels",19
Low,2,Intermediate,Diastasis Recti,Preparation for Labor,Moderately Active,"Pelvic Floor Awareness, Supported Pigeon Pose",6
High,3,Advanced,"Pelvic Floor Weakness, Diastasis Recti",Core Strengthening,Very Active,"Supported V-Sits, Pelvic Floor Awareness",13
Low,1,Beginner,Gestational Diabetes,Weight Control,Sedentary,"Stationary Cycling, Seated Forward Bend",5
Low,2,Intermediate,None,Stress Relief,Moderately Active,"Pilates, Brahamari Breath",15
High,1,Advanced,Pelvic Girdle Pain,Back Pain Relief,Very Active,"Modified Side Plank, Psoas Stretch",21
Low,3,Beginner,Pelvic Floor Weakness,Pelvic Floor Strengthening,Sedentary,"Child's Pose, Kegels",12
Low,2,Beginner,None,None,Sedentary,"Walking, Stationary Cycling",25
High,3,Intermediate,"Back Pain, Gestational Diabetes",Back Pain Relief,Moderately Active,"Yoga, Modified Cat Cow",11
Low,1,Intermediate,Gestational Diabetes,Weight Control,Moderately Active,"Stationary Cycling, Kegels",14
Low,2,Advanced,None,General Fitness,Very Active,"Dancing, Light Weight Training",18
High,1,Beginner,None,None,Sedentary,"Walking, Seated Pelvic Awareness",20
Low,3,Intermediate,Pelvic Girdle Pain,Preparation for Labor,Moderately Active,"Squat and Rotate, 4-Point Kneel",9
Low,2,Beginner,Back Pain,Back Pain Relief,Sedentary,"Walking, Modified Cat Cow",2
High,3,Advanced,"Diastasis Recti, Pelvic Floor Weakness",Core Strengthening,Very Active,"Supported V-Sits, Pelvic Floor Awareness",13
Low,1,Intermediate,None,Stress Relief,Moderately Active,"Pilates, Brahamari Breath",15
Low,2,Beginner,Diastasis Recti,Weight Control,Sedentary,"Stationary Cycling, Seated Forward Bend",5
High,3,Intermediate,"Pelvic Girdle Pain, Back Pain",Back Pain Relief,Moderately Active,"Yoga, Supported Pigeon Pose",24
Low,1,Advanced,None,General Fitness,Very Active,"Modified Push-Ups, Tricep Dips",7
Low,2,Intermediate,Pelvic Floor Weakness,Preparation for Labor,Moderately Active,"Kegels, Mini Squats, Glute Bridges",3
High,1,Beginner,None,Weight Control,Sedentary,"Walking, Swimming",1
Low,3,Beginner,Gestational Diabetes,Weight Control,Sedentary,"Stationary Cycling, Kegels",14
Low,2,Advanced,None,Stress Relief,Very Active,"Yoga, Brahamari Breath",4
High,3,Intermediate,"Back Pain, Pelvic Floor Weakness",Back Pain Relief,Moderately Active,"Yoga, Modified Cat Cow",11
Low,1,Beginner,None,None,Sedentary,"Seated Forward Bend, Brahamari Breath",8
Low,2,Intermediate,Diastasis Recti,Preparation for Labor,Moderately Active,"Pelvic Floor Awareness, Supported Pigeon Pose",6
High,1,Advanced,Pelvic Girdle Pain,Back Pain Relief,Very Active,"Modified Side Plank, Psoas Stretch",21
Low,3,Beginner,Pelvic Floor Weakness,Pelvic Floor Strengthening,Sedentary,"Child's Pose, Kegels",12
Low,2,Beginner,Back Pain,Back Pain Relief,Sedentary,"Walking, Modified Cat Cow",2
High,3,Intermediate,Gestational Diabetes,Weight Control,Moderately Active,"Stationary Cycling, Kegels",14
Low,1,Intermediate,None,None,Moderately Active,"Walking, Stationary Cycling",25
Low,2,Advanced,Diastasis Recti,Core Strengthening,Very Active,"Supported V-Sits, Pelvic Floor Awareness",13
High,1,Beginner,None,Weight Control,Sedentary,"Walking, Pelvic Floor Awareness",20
Low,3,Intermediate,Pelvic Girdle Pain,Preparation for Labor,Moderately Active,"Squat and Rotate, 4-Point Kneel",9
Low,2,Beginner,None,None,Sedentary,"Seated Forward Bend, Brahamari Breath",8
High,3,Advanced,"Pelvic Floor Weakness, Back Pain",Preparation for Labor,Very Active,"Deep Squats, Perineal Massage",17
Low,1,Intermediate,Gestational Diabetes,Weight Control,Moderately Active,"Swimming, Light Weight Training",22
Low,2,Beginner,Diastasis Recti,Weight Control,Sedentary,"Stationary Cycling, Seated Forward Bend",5
High,1,Advanced,None,General Fitness,Very Active,"Dancing, Light Weight Training",18
Low,3,Intermediate,Back Pain,Back Pain Relief,Moderately Active,"Yoga, Modified Cat Cow",11
Low,2,Beginner,Pelvic Floor Weakness,Pelvic Floor Strengthening,Sedentary,"Kegels, Mini Squats, Glute Bridges",3
High,3,Intermediate,"Pelvic Girdle Pain, Gestational Diabetes",Preparation for Labor,Moderately Active,"Squat and Rotate, 4-Point Kneel",9
Low,1,Beginner,None,Stress Relief,Sedentary,"Seated Forward Bend, Brahamari Breath",8
Low,2,Advanced,None,General Fitness,Very Active,"Modified Push-Ups, Tricep Dips",7
High,1,Intermediate,None,Weight Control,Moderately Active,"Walking, Swimming",1
Low,3,Beginner,Back Pain,Back Pain Relief,Sedentary,"Modified Cat Cow, Kegels",19
Low,2,Intermediate,Diastasis Recti,Preparation for Labor,Moderately Active,"Pelvic Floor Awareness, Supported Pigeon Pose",6
High,3,Advanced,"Pelvic Floor Weakness, Diastasis Recti",Core Strengthening,Very Active,"Supported V-Sits, Pelvic Floor Awareness",13
Low,1,Beginner,Gestational Diabetes,Weight Control,Sedentary,"Stationary Cycling, Seated Forward Bend",5
Low,2,Intermediate,None,Stress Relief,Moderately Active,"Pilates, Brahamari Breath",15
High,1,Advanced,Pelvic Girdle Pain,Back Pain Relief,Very Active,"Modified Side Plank, Psoas Stretch",21
Low,3,Beginner,Pelvic Floor Weakness,Pelvic Floor Strengthening,Sedentary,"Child's Pose, Kegels",12
Low,2,Beginner,None,None,Sedentary,"Walking, Stationary Cycling",25
High,3,Intermediate,"Back Pain, Gestational Diabetes",Back Pain Relief,Moderately Active,"Yoga, Modified Cat Cow",11
Low,1,Intermediate,Gestational Diabetes,Weight Control,Moderately Active,"Stationary Cycling, Kegels",14
Low,2,Advanced,None,General Fitness,Very Active,"Dancing, Light Weight Training",18
High,1,Beginner,None,None,Sedentary,"Walking, Seated Pelvic Awareness",20
Low,3,Intermediate,Pelvic Girdle Pain,Preparation for Labor,Moderately Active,"Squat and Rotate, 4-Point Kneel",9
Low,2,Beginner,Back Pain,Back Pain Relief,Sedentary,"Walking, Modified Cat Cow",2
High,3,Advanced,"Diastasis Recti, Pelvic Floor Weakness",Core Strengthening,Very Active,"Supported V-Sits, Pelvic Floor Awareness",13
Low,1,Intermediate,None,Stress Relief,Moderately Active,"Pilates, Brahamari Breath",15
Low,2,Beginner,Diastasis Recti,Weight Control,Sedentary,"Stationary Cycling, Seated Forward Bend",5
High,3,Intermediate,"Pelvic Girdle Pain, Back Pain",Back Pain Relief,Moderately Active,"Yoga, Supported Pigeon Pose",24
Low,1,Advanced,None,General Fitness,Very Active,"Modified Push-Ups, Tricep Dips",7
Low,2,Intermediate,Pelvic Floor Weakness,Preparation for Labor,Moderately Active,"Kegels, Mini Squats, Glute Bridges",3
High,1,Beginner,None,Weight Control,Sedentary,"Walking, Swimming",1
Low,3,Beginner,Gestational Diabetes,Weight Control,Sedentary,"Stationary Cycling, Kegels",14
Low,2,Advanced,None,Stress Relief,Very Active,"Yoga, Brahamari Breath",4
High,3,Intermediate,"Back Pain, Pelvic Floor Weakness",Back Pain Relief,Moderately Active,"Yoga, Modified Cat Cow",11
Low,1,Beginner,None,None,Sedentary,"Seated Forward Bend, Brahamari Breath",8
Low,2,Intermediate,Diastasis Recti,Preparation for Labor,Moderately Active,"Pelvic Floor Awareness, Supported Pigeon Pose",6
High,1,Advanced,Pelvic Girdle Pain,Back Pain Relief,Very Active,"Modified Side Plank, Psoas Stretch",21
Low,3,Beginner,Pelvic Floor Weakness,Pelvic Floor Strengthening,Sedentary,"Child's Pose, Kegels",12
Low,2,Beginner,Back Pain,Back Pain Relief,Sedentary,"Walking, Modified Cat Cow",2
High,3,Intermediate,Gestational Diabetes,Weight Control,Moderately Active,"Stationary Cycling, Kegels",14
Low,1,Intermediate,None,None,Moderately Active,"Walking, Stationary Cycling",25
Low,2,Advanced,Diastasis Recti,Core Strengthening,Very Active,"Supported V-Sits, Pelvic Floor Awareness",13
High,1,Beginner,None,Weight Control,Sedentary,"Walking, Pelvic Floor Awareness",20
Low,3,Intermediate,Pelvic Girdle Pain,Preparation for Labor,Moderately Active,"Squat and Rotate, 4-Point Kneel",9
Low,2,Beginner,None,None,Sedentary,"Seated Forward Bend, Brahamari Breath",8
High,3,Advanced,"Pelvic Floor Weakness, Back Pain",Preparation for Labor,Very Active,"Deep Squats, Perineal Massage",17
Low,1,Intermediate,Gestational Diabetes,Weight Control,Moderately Active,"Swimming, Light Weight Training",22
Low,2,Beginner,Diastasis Recti,Weight Control,Sedentary,"Stationary Cycling, Seated Forward Bend",5
High,1,Advanced,None,General Fitness,Very Active,"Dancing, Light Weight Training",18
Low,3,Intermediate,Back Pain,Back Pain Relief,Moderately Active,"Yoga, Modified Cat Cow",11
Low,2,Beginner,Pelvic Floor Weakness,Pelvic Floor Strengthening,Sedentary,"Kegels, Mini Squats, Glute Bridges",3
High,3,Intermediate,"Pelvic Girdle Pain, Gestational Diabetes",Preparation for Labor,Moderately Active,"Squat and Rotate, 4-Point Kneel",9
Low,1,Beginner,None,Stress Relief,Sedentary,"Seated Forward Bend, Brahamari Breath",8
Low,2,Advanced,None,General Fitness,Very Active,"Modified Push-Ups, Tricep Dips",7
High,1,Intermediate,None,Weight Control,Moderately Active,"Walking, Swimming",1
Low,3,Beginner,Back Pain,Back Pain Relief,Sedentary,"Modified Cat Cow, Kegels",19
Low,2,Intermediate,Diastasis Recti,Preparation for Labor,Moderately Active,"Pelvic Floor Awareness, Supported Pigeon Pose",6
High,3,Advanced,"Pelvic Floor Weakness, Diastasis Recti",Core Strengthening,Very Active,"Supported V-Sits, Pelvic Floor Awareness",13
Low,1,Beginner,Gestational Diabetes,Weight Control,Sedentary,"Stationary Cycling, Seated Forward Bend",5
Low,2,Intermediate,None,Stress Relief,Moderately Active,"Pilates, Brahamari Breath",15
High,1,Advanced,Pelvic Girdle Pain,Back Pain Relief,Very Active,"Modified Side Plank, Psoas Stretch",21
Low,3,Beginner,Pelvic Floor Weakness,Pelvic Floor Strengthening,Sedentary,"Child's Pose, Kegels",12
Low,2,Beginner,None,None,Sedentary,"Walking, Stationary Cycling",25
High,3,Intermediate,"Back Pain, Gestational Diabetes",Back Pain Relief,Moderately Active,"Yoga, Modified Cat Cow",11
Low,1,Intermediate,Gestational Diabetes,Weight Control,Moderately Active,"Stationary Cycling, Kegels",14
Low,2,Advanced,None,General Fitness,Very Active,"Dancing, Light Weight Training",18
High,1,Beginner,None,None,Sedentary,"Walking, Seated Pelvic Awareness",20
Low,3,Intermediate,Pelvic Girdle Pain,Preparation for Labor,Moderately Active,"Squat and Rotate, 4-Point Kneel",9
Low,2,Beginner,Back Pain,Back Pain Relief,Sedentary,"Walking, Modified Cat Cow",2
High,3,Advanced,"Diastasis Recti, Pelvic Floor Weakness",Core Strengthening,Very Active,"Supported V-Sits, Pelvic Floor Awareness",13
Low,1,Intermediate,None,Stress Relief,Moderately Active,"Pilates, Brahamari Breath",15
Low,2,Beginner,Diastasis Recti,Weight Control,Sedentary,"Stationary Cycling, Seated Forward Bend",5
High,3,Intermediate,"Pelvic Girdle Pain, Back Pain",Back Pain Relief,Moderately Active,"Yoga, Supported Pigeon Pose",24
Low,1,Advanced,None,General Fitness,Very Active,"Modified Push-Ups, Tricep Dips",7
Low,2,Intermediate,Pelvic Floor Weakness,Preparation for Labor,Moderately Active,"Kegels, Mini Squats, Glute Bridges",3
High,1,Beginner,None,Weight Control,Sedentary,"Walking, Swimming",1
Low,3,Beginner,Gestational Diabetes,Weight Control,Sedentary,"Stationary Cycling, Kegels",14
Low,2,Advanced,None,Stress Relief,Very Active,"Yoga, Brahamari Breath",4
High,3,Intermediate,"Back Pain, Pelvic Floor Weakness",Back Pain Relief,Moderately Active,"Yoga, Modified Cat Cow",11
Low,1,Beginner,None,None,Sedentary,"Seated Forward Bend, Brahamari Breath",8
Low,2,Intermediate,Diastasis Recti,Preparation for Labor,Moderately Active,"Pelvic Floor Awareness, Supported Pigeon Pose",6
High,1,Advanced,Pelvic Girdle Pain,Back Pain Relief,Very Active,"Modified Side Plank, Psoas Stretch",21
Low,3,Beginner,Pelvic Floor Weakness,Pelvic Floor Strengthening,Sedentary,"Child's Pose, Kegels",12
Low,2,Beginner,Back Pain,Back Pain Relief,Sedentary,"Walking, Modified Cat Cow",2
High,3,Intermediate,Gestational Diabetes,Weight Control,Moderately Active,"Stationary Cycling, Kegels",14
Low,1,Intermediate,None,None,Moderately Active,"Walking, Stationary Cycling",25
Low,2,Advanced,Diastasis Recti,Core Strengthening,Very Active,"Supported V-Sits, Pelvic Floor Awareness",13
High,1,Beginner,None,Weight Control,Sedentary,"Walking, Pelvic Floor Awareness",20
Low,3,Intermediate,Pelvic Girdle Pain,Preparation for Labor,Moderately Active,"Squat and Rotate, 4-Point Kneel",9
Low,2,Beginner,None,None,Sedentary,"Seated Forward Bend, Brahamari Breath",8
High,3,Advanced,"Pelvic Floor Weakness, Back Pain",Preparation for Labor,Very Active,"Deep Squats, Perineal Massage",17
Low,1,Intermediate,Gestational Diabetes,Weight Control,Moderately Active,"Swimming, Light Weight Training",22
Low,2,Beginner,Diastasis Recti,Weight Control,Sedentary,"Stationary Cycling, Seated Forward Bend",5
High,1,Advanced,None,General Fitness,Very Active,"Dancing, Light Weight Training",18
Low,3,Intermediate,Back Pain,Back Pain Relief,Moderately Active,"Yoga, Modified Cat Cow",11
Low,2,Beginner,Pelvic Floor Weakness,Pelvic Floor Strengthening,Sedentary,"Kegels, Mini Squats, Glute Bridges",3
High,3,Intermediate,"Pelvic Girdle Pain, Gestational Diabetes",Preparation for Labor,Moderately Active,"Squat and Rotate, 4-Point Kneel",9
Low,1,Beginner,None,Stress Relief,Sedentary,"Seated Forward Bend, Brahamari Breath",8
Low,2,Advanced,None,General Fitness,Very Active,"Modified Push-Ups, Tricep Dips",7
High,1,Intermediate,None,Weight Control,Moderately Active,"Walking, Swimming",1
Low,3,Beginner,Back Pain,Back Pain Relief,Sedentary,"Modified Cat Cow, Kegels",19
Low,2,Intermediate,Diastasis Recti,Preparation for Labor,Moderately Active,"Pelvic Floor Awareness, Supported Pigeon Pose",6
High,3,Advanced,"Pelvic Floor Weakness, Diastasis Recti",Core Strengthening,Very Active,"Supported V-Sits, Pelvic Floor Awareness",13
Low,1,Beginner,Gestational Diabetes,Weight Control,Sedentary,"Stationary Cycling, Seated Forward Bend",5
Low,2,Intermediate,None,Stress Relief,Moderately Active,"Pilates, Brahamari Breath",15
High,1,Advanced,Pelvic Girdle Pain,Back Pain Relief,Very Active,"Modified Side Plank, Psoas Stretch",21
Low,3,Beginner,Pelvic Floor Weakness,Pelvic Floor Strengthening,Sedentary,"Child's Pose, Kegels",12
Low,2,Beginner,None,None,Sedentary,"Walking, Stationary Cycling",25
High,3,Intermediate,"Back Pain, Gestational Diabetes",Back Pain Relief,Moderately Active,"Yoga, Modified Cat Cow",11
Low,1,Intermediate,Gestational Diabetes,Weight Control,Moderately Active,"Stationary Cycling, Kegels",14
Low,2,Advanced,None,General Fitness,Very Active,"Dancing, Light Weight Training",18
High,1,Beginner,None,None,Sedentary,"Walking, Seated Pelvic Awareness",20
Low,3,Intermediate,Pelvic Girdle Pain,Preparation for Labor,Moderately Active,"Squat and Rotate, 4-Point Kneel",9
Low,2,Beginner,Back Pain,Back Pain Relief,Sedentary,"Walking, Modified Cat Cow",2
High,3,Advanced,"Diastasis Recti, Pelvic Floor Weakness",Core Strengthening,Very Active,"Supported V-Sits, Pelvic Floor Awareness",13
Low,1,Intermediate,None,Stress Relief,Moderately Active,"Pilates, Brahamari Breath",15
Low,2,Beginner,Diastasis Recti,Weight Control,Sedentary,"Stationary Cycling, Seated Forward Bend",5
High,3,Intermediate,"Pelvic Girdle Pain, Back Pain",Back Pain Relief,Moderately Active,"Yoga, Supported Pigeon Pose",24
Low,1,Advanced,None,General Fitness,Very Active,"Modified Push-Ups, Tricep Dips",7
Low,2,Intermediate,Pelvic Floor Weakness,Preparation for Labor,Moderately Active,"Kegels, Mini Squats, Glute Bridges",3
High,1,Beginner,None,Weight Control,Sedentary,"Walking, Swimming",1
Low,3,Beginner,Gestational Diabetes,Weight Control,Sedentary,"Stationary Cycling, Kegels",14
Low,2,Advanced,None,Stress Relief,Very Active,"Yoga, Brahamari Breath",4
High,3,Intermediate,"Back Pain, Pelvic Floor Weakness",Back Pain Relief,Moderately Active,"Yoga, Modified Cat Cow",11
Low,1,Beginner,None,None,Sedentary,"Seated Forward Bend, Brahamari Breath",8
Low,2,Intermediate,Diastasis Recti,Preparation for Labor,Moderately Active,"Pelvic Floor Awareness, Supported Pigeon Pose",6
High,1,Advanced,Pelvic Girdle Pain,Back Pain Relief,Very Active,"Modified Side Plank, Psoas Stretch",21
Low,3,Beginner,Pelvic Floor Weakness,Pelvic Floor Strengthening,Sedentary,"Child's Pose, Kegels",12
Low,2,Beginner,Back Pain,Back Pain Relief,Sedentary,"Walking, Modified Cat Cow",2
High,3,Intermediate,Gestational Diabetes,Weight Control,Moderately Active,"Stationary Cycling, Kegels",14
Low,1,Intermediate,None,None,Moderately Active,"Walking, Stationary Cycling",25
Low,2,Advanced,Diastasis Recti,Core Strengthening,Very Active,"Supported V-Sits, Pelvic Floor Awareness",13
High,1,Beginner,None,Weight Control,Sedentary,"Walking, Pelvic Floor Awareness",20
Low,3,Intermediate,Pelvic Girdle Pain,Preparation for Labor,Moderately Active,"Squat and Rotate, 4-Point Kneel",9
Low,2,Beginner,None,None,Sedentary,"Seated Forward Bend, Brahamari Breath",8
High,3,Advanced,"Pelvic Floor Weakness, Back Pain",Preparation for Labor,Very Active,"Deep Squats, Perineal Massage",17
Low,1,Intermediate,Gestational Diabetes,Weight Control,Moderately Active,"Swimming, Light Weight Training",22
Low,2,Beginner,Diastasis Recti,Weight Control,Sedentary,"Stationary Cycling, Seated Forward Bend",5
High,1,Advanced,None,General Fitness,Very Active,"Dancing, Light Weight Training",18
Low,3,Intermediate,Back Pain,Back Pain Relief,Moderately Active,"Yoga, Modified Cat Cow",11
Low,2,Beginner,Pelvic Floor Weakness,Pelvic Floor Strengthening,Sedentary,"Kegels, Mini Squats, Glute Bridges",3
High,3,Intermediate,"Pelvic Girdle Pain, Gestational Diabetes",Preparation for Labor,Moderately Active,"Squat and Rotate, 4-Point Kneel",9
Low,1,Beginner,None,Stress Relief,Sedentary,"Seated Forward Bend, Brahamari Breath",8
Low,2,Advanced,None,General Fitness,Very Active,"Modified Push-Ups, Tricep Dips",7
High,1,Intermediate,None,Weight Control,Moderately Active,"Walking, Swimming",1
Low,3,Beginner,Back Pain,Back Pain Relief,Sedentary,"Modified Cat Cow, Kegels",19
Low,2,Intermediate,Diastasis Recti,Preparation for Labor,Moderately Active,"Pelvic Floor Awareness, Supported Pigeon Pose",6
High,3,Advanced,"Pelvic Floor Weakness, Diastasis Recti",Core Strengthening,Very Active,"Supported V-Sits, Pelvic Floor Awareness",13
Low,1,Beginner,Gestational Diabetes,Weight Control,Sedentary,"Stationary Cycling, Seated Forward Bend",5
Low,2,Intermediate,None,Stress Relief,Moderately Active,"Pilates, Brahamari Breath",15
High,1,Advanced,Pelvic Girdle Pain,Back Pain Relief,Very Active,"Modified Side Plank, Psoas Stretch",21
Low,3,Beginner,Pelvic Floor Weakness,Pelvic Floor Strengthening,Sedentary,"Child's Pose, Kegels",12
Low,2,Beginner,None,None,Sedentary,"Walking, Stationary Cycling",25
High,3,Intermediate,"Back Pain, Gestational Diabetes",Back Pain Relief,Moderately Active,"Yoga, Modified Cat Cow",11
Low,1,Intermediate,Gestational Diabetes,Weight Control,Moderately Active,"Stationary Cycling, Kegels",14
Low,2,Advanced,None,General Fitness,Very Active,"Dancing, Light Weight Training",18
High,1,Beginner,None,None,Sedentary,"Walking, Seated Pelvic Awareness",20
Low,3,Intermediate,Pelvic Girdle Pain,Preparation for Labor,Moderately Active,"Squat and Rotate, 4-Point Kneel",9
Low,2,Beginner,Back Pain,Back Pain Relief,Sedentary,"Walking, Modified Cat Cow",2
High,3,Advanced,"Diastasis Recti, Pelvic Floor Weakness",Core Strengthening,Very Active,"Supported V-Sits, Pelvic Floor Awareness",13
Low,1,Intermediate,None,Stress Relief,Moderately Active,"Pilates, Brahamari Breath",15
Low,2,Beginner,Diastasis Recti,Weight Control,Sedentary,"Stationary Cycling, Seated Forward Bend",5
High,3,Intermediate,"Pelvic Girdle Pain, Back Pain",Back Pain Relief,Moderately Active,"Yoga, Supported Pigeon Pose",24
Low,1,Advanced,None,General Fitness,Very Active,"Modified Push-Ups, Tricep Dips",7
Low,2,Intermediate,Pelvic Floor Weakness,Preparation for Labor,Moderately Active,"Kegels, Mini Squats, Glute Bridges",3
High,1,Beginner,None,Weight Control,Sedentary,"Walking, Swimming",1
Low,3,Beginner,Gestational Diabetes,Weight Control,Sedentary,"Stationary Cycling, Kegels",14
Low,2,Advanced,None,Stress Relief,Very Active,"Yoga, Brahamari Breath",4
High,3,Intermediate,"Back Pain, Pelvic Floor Weakness",Back Pain Relief,Moderately Active,"Yoga, Modified Cat Cow",11
Low,1,Beginner,None,None,Sedentary,"Seated Forward Bend, Brahamari Breath",8
Low,2,Intermediate,Diastasis Recti,Preparation for Labor,Moderately Active,"Pelvic Floor Awareness, Supported Pigeon Pose",6
High,1,Advanced,Pelvic Girdle Pain,Back Pain Relief,Very Active,"Modified Side Plank, Psoas Stretch",21
Low,3,Beginner,Pelvic Floor Weakness,Pelvic Floor Strengthening,Sedentary,"Child's Pose, Kegels",12
Low,2,Beginner,Back Pain,Back Pain Relief,Sedentary,"Walking, Modified Cat Cow",2
High,3,Intermediate,Gestational Diabetes,Weight Control,Moderately Active,"Stationary Cycling, Kegels",14
Low,1,Intermediate,None,None,Moderately Active,"Walking, Stationary Cycling",25
Low,2,Advanced,Diastasis Recti,Core Strengthening,Very Active,"Supported V-Sits, Pelvic Floor Awareness",13
High,1,Beginner,None,Weight Control,Sedentary,"Walking, Pelvic Floor Awareness",20
Low,3,Intermediate,Pelvic Girdle Pain,Preparation for Labor,Moderately Active,"Squat and Rotate, 4-Point Kneel",9
Low,2,Beginner,None,None,Sedentary,"Seated Forward Bend, Brahamari Breath",8
High,3,Advanced,"Pelvic Floor Weakness, Back Pain",Preparation for Labor,Very Active,"Deep Squats, Perineal Massage",17
Low,1,Intermediate,Gestational Diabetes,Weight Control,Moderately Active,"Swimming, Light Weight Training",22
Low,2,Beginner,Diastasis Recti,Weight Control,Sedentary,"Stationary Cycling, Seated Forward Bend",5
High,1,Advanced,None,General Fitness,Very Active,"Dancing, Light Weight Training",18
Low,3,Intermediate,Back Pain,Back Pain Relief,Moderately Active,"Yoga, Modified Cat Cow",11
Low,2,Beginner,Pelvic Floor Weakness,Pelvic Floor Strengthening,Sedentary,"Kegels, Mini Squats, Glute Bridges",3
High,3,Intermediate,"Pelvic Girdle Pain, Gestational Diabetes",Preparation for Labor,Moderately Active,"Squat and Rotate, 4-Point Kneel",9
Low,1,Beginner,None,Stress Relief,Sedentary,"Seated Forward Bend, Brahamari Breath",8
Low,2,Advanced,None,General Fitness,Very Active,"Modified Push-Ups, Tricep Dips",7
High,1,Intermediate,None,Weight Control,Moderately Active,"Walking, Swimming",1
Low,3,Beginner,Back Pain,Back Pain Relief,Sedentary,"Modified Cat Cow, Kegels",19
Low,2,Intermediate,Diastasis Recti,Preparation for Labor,Moderately Active,"Pelvic Floor Awareness, Supported Pigeon Pose",6
High,3,Advanced,"Pelvic Floor Weakness, Diastasis Recti",Core Strengthening,Very Active,"Supported V-Sits, Pelvic Floor Awareness",13
Low,1,Beginner,Gestational Diabetes,Weight Control,Sedentary,"Stationary Cycling, Seated Forward Bend",5
Low,2,Intermediate,None,Stress Relief,Moderately Active,"Pilates, Brahamari Breath",15
High,1,Advanced,Pelvic Girdle Pain,Back Pain Relief,Very Active,"Modified Side Plank, Psoas Stretch",21
Low,3,Beginner,Pelvic Floor Weakness,Pelvic Floor Strengthening,Sedentary,"Child's Pose, Kegels",12
Low,2,Beginner,None,None,Sedentary,"Walking, Stationary Cycling",25
High,3,Intermediate,"Back Pain, Gestational Diabetes",Back Pain Relief,Moderately Active,"Yoga, Modified Cat Cow",11
Low,1,Intermediate,Gestational Diabetes,Weight Control,Moderately Active,"Stationary Cycling, Kegels",14
Low,2,Advanced,None,General Fitness,Very Active,"Dancing, Light Weight Training",18
High,1,Beginner,None,None,Sedentary,"Walking, Seated Pelvic Awareness",20
Low,3,Intermediate,Pelvic Girdle Pain,Preparation for Labor,Moderately Active,"Squat and Rotate, 4-Point Kneel",9
Low,2,Beginner,Back Pain,Back Pain Relief,Sedentary,"Walking, Modified Cat Cow",2
High,3,Advanced,"Diastasis Recti, Pelvic Floor Weakness",Core Strengthening,Very Active,"Supported V-Sits, Pelvic Floor Awareness",13
Low,1,Intermediate,None,Stress Relief,Moderately Active,"Pilates, Brahamari Breath",15
Low,2,Beginner,Diastasis Recti,Weight Control,Sedentary,"Stationary Cycling, Seated Forward Bend",5
High,3,Intermediate,"Pelvic Girdle Pain, Back Pain",Back Pain Relief,Moderately Active,"Yoga, Supported Pigeon Pose",24
Low,1,Advanced,None,General Fitness,Very Active,"Modified Push-Ups, Tricep Dips",7
Low,2,Intermediate,Pelvic Floor Weakness,Preparation for Labor,Moderately Active,"Kegels, Mini Squats, Glute Bridges",3
High,1,Beginner,None,Weight Control,Sedentary,"Walking, Swimming",1
Low,3,Beginner,Gestational Diabetes,Weight Control,Sedentary,"Stationary Cycling, Kegels",14
Low,2,Advanced,None,Stress Relief,Very Active,"Yoga, Brahamari Breath",4
High,3,Intermediate,"Back Pain, Pelvic Floor Weakness",Back Pain Relief,Moderately Active,"Yoga, Modified Cat Cow",11
Low,1,Beginner,None,None,Sedentary,"Seated Forward Bend, Brahamari Breath",8
Low,2,Intermediate,Diastasis Recti,Preparation for Labor,Moderately Active,"Pelvic Floor Awareness, Supported Pigeon Pose",6
High,1,Advanced,Pelvic Girdle Pain,Back Pain Relief,Very Active,"Modified Side Plank, Psoas Stretch",21
Low,3,Beginner,Pelvic Floor Weakness,Pelvic Floor Strengthening,Sedentary,"Child's Pose, Kegels",12
Low,2,Beginner,Back Pain,Back Pain Relief,Sedentary,"Walking, Modified Cat Cow",2
High,3,Intermediate,Gestational Diabetes,Weight Control,Moderately Active,"Stationary Cycling, Kegels",14
Low,1,Intermediate,None,None,Moderately Active,"Walking, Stationary Cycling",25
Low,2,Advanced,Diastasis Recti,Core Strengthening,Very Active,"Supported V-Sits, Pelvic Floor Awareness",13
High,1,Beginner,None,Weight Control,Sedentary,"Walking, Pelvic Floor Awareness",20
Low,3,Intermediate,Pelvic Girdle Pain,Preparation for Labor,Moderately Active,"Squat and Rotate, 4-Point Kneel",9
Low,2,Beginner,None,None,Sedentary,"Seated Forward Bend, Brahamari Breath",8
High,3,Advanced,"Pelvic Floor Weakness, Back Pain",Preparation for Labor,Very Active,"Deep Squats, Perineal Massage",17
Low,1,Intermediate,Gestational Diabetes,Weight Control,Moderately Active,"Swimming, Light Weight Training",22
Low,2,Beginner,Diastasis Recti,Weight Control,Sedentary,"Stationary Cycling, Seated Forward Bend",5
High,1,Advanced,None,General Fitness,Very Active,"Dancing, Light Weight Training",18
Low,3,Intermediate,Back Pain,Back Pain Relief,Moderately Active,"Yoga, Modified Cat Cow",11
Low,2,Beginner,Pelvic Floor Weakness,Pelvic Floor Strengthening,Sedentary,"Kegels, Mini Squats, Glute Bridges",3
High,3,Intermediate,"Pelvic Girdle Pain, Gestational Diabetes",Preparation for Labor,Moderately Active,"Squat and Rotate, 4-Point Kneel",9
Low,1,Beginner,None,Stress Relief,Sedentary,"Seated Forward Bend, Brahamari Breath",8
Low,2,Advanced,None,General Fitness,Very Active,"Modified Push-Ups, Tricep Dips",7
High,1,Intermediate,None,Weight Control,Moderately Active,"Walking, Swimming",1
Low,3,Beginner,Back Pain,Back Pain Relief,Sedentary,"Modified Cat Cow, Kegels",19
Low,2,Intermediate,Diastasis Recti,Preparation for Labor,Moderately Active,"Pelvic Floor Awareness, Supported Pigeon Pose",6
High,3,Advanced,"Pelvic Floor Weakness, Diastasis Recti",Core Strengthening,Very Active,"Supported V-Sits, Pelvic Floor Awareness",13
Low,1,Beginner,Gestational Diabetes,Weight Control,Sedentary,"Stationary Cycling, Seated Forward Bend",5
Low,2,Intermediate,None,Stress Relief,Moderately Active,"Pilates, Brahamari Breath",15
High,1,Advanced,Pelvic Girdle Pain,Back Pain Relief,Very Active,"Modified Side Plank, Psoas Stretch",21
Low,3,Beginner,Pelvic Floor Weakness,Pelvic Floor Strengthening,Sedentary,"Child's Pose, Kegels",12
Low,2,Beginner,None,None,Sedentary,"Walking, Stationary Cycling",25
High,3,Intermediate,"Back Pain, Gestational Diabetes",Back Pain Relief,Moderately Active,"Yoga, Modified Cat Cow",11
Low,1,Intermediate,Gestational Diabetes,Weight Control,Moderately Active,"Stationary Cycling, Kegels",14
Low,2,Advanced,None,General Fitness,Very Active,"Dancing, Light Weight Training",18
High,1,Beginner,None,None,Sedentary,"Walking, Seated Pelvic Awareness",20
Low,3,Intermediate,Pelvic Girdle Pain,Preparation for Labor,Moderately Active,"Squat and Rotate, 4-Point Kneel",9
Low,2,Beginner,Back Pain,Back Pain Relief,Sedentary,"Walking, Modified Cat Cow",2
High,3,Advanced,"Diastasis Recti, Pelvic Floor Weakness",Core Strengthening,Very Active,"Supported V-Sits, Pelvic Floor Awareness",13
Low,1,Intermediate,None,Stress Relief,Moderately Active,"Pilates, Brahamari Breath",15
Low,2,Beginner,Diastasis Recti,Weight Control,Sedentary,"Stationary Cycling, Seated Forward Bend",5
High,3,Intermediate,"Pelvic Girdle Pain, Back Pain",Back Pain Relief,Moderately Active,"Yoga, Supported Pigeon Pose",24
Low,1,Advanced,None,General Fitness,Very Active,"Modified Push-Ups, Tricep Dips",7
Low,2,Intermediate,Pelvic Floor Weakness,Preparation for Labor,Moderately Active,"Kegels, Mini Squats, Glute Bridges",3
High,1,Beginner,None,Weight Control,Sedentary,"Walking, Swimming",1
Low,3,Beginner,Gestational Diabetes,Weight Control,Sedentary,"Stationary Cycling, Kegels",14
Low,2,Advanced,None,Stress Relief,Very Active,"Yoga, Brahamari Breath",4
High,3,Intermediate,"Back Pain, Pelvic Floor Weakness",Back Pain Relief,Moderately Active,"Yoga, Modified Cat Cow",11
Low,1,Beginner,None,None,Sedentary,"Seated Forward Bend, Brahamari Breath",8
Low,2,Intermediate,Diastasis Recti,Preparation for Labor,Moderately Active,"Pelvic Floor Awareness, Supported Pigeon Pose",6
High,1,Advanced,Pelvic Girdle Pain,Back Pain Relief,Very Active,"Modified Side Plank, Psoas Stretch",21
Low,3,Beginner,Pelvic Floor Weakness,Pelvic Floor Strengthening,Sedentary,"Child's Pose, Kegels",12
Low,2,Beginner,Back Pain,Back Pain Relief,Sedentary,"Walking, Modified Cat Cow",2
High,3,Intermediate,Gestational Diabetes,Weight Control,Moderately Active,"Stationary Cycling, Kegels",14
Low,1,Intermediate,None,None,Moderately Active,"Walking, Stationary Cycling",25
Low,2,Advanced,Diastasis Recti,Core Strengthening,Very Active,"Supported V-Sits, Pelvic Floor Awareness",13
High,1,Beginner,None,Weight Control,Sedentary,"Walking, Pelvic Floor Awareness",20
Low,3,Intermediate,Pelvic Girdle Pain,Preparation for Labor,Moderately Active,"Squat and Rotate, 4-Point Kneel",9
Low,2,Beginner,None,None,Sedentary,"Seated Forward Bend, Brahamari Breath",8
High,3,Advanced,"Pelvic Floor Weakness, Back Pain",Preparation for Labor,Very Active,"Deep Squats, Perineal Massage",17
Low,1,Intermediate,Gestational Diabetes,Weight Control,Moderately Active,"Swimming, Light Weight Training",22
Low,2,Beginner,Diastasis Recti,Weight Control,Sedentary,"Stationary Cycling, Seated Forward Bend",5
High,1,Advanced,None,General Fitness,Very Active,"Dancing, Light Weight Training",18
Low,3,Intermediate,Back Pain,Back Pain Relief,Moderately Active,"Yoga, Modified Cat Cow",11
Low,2,Beginner,Pelvic Floor Weakness,Pelvic Floor Strengthening,Sedentary,"Kegels, Mini Squats, Glute Bridges",3
High,3,Intermediate,"Pelvic Girdle Pain, Gestational Diabetes",Preparation for Labor,Moderately Active,"Squat and Rotate, 4-Point Kneel",9
Low,1,Beginner,None,Stress Relief,Sedentary,"Seated Forward Bend, Brahamari Breath",8
Low,2,Advanced,None,General Fitness,Very Active,"Modified Push-Ups, Tricep Dips",7
High,1,Intermediate,None,Weight Control,Moderately Active,"Walking, Swimming",1
Low,3,Beginner,Back Pain,Back Pain Relief,Sedentary,"Modified Cat Cow, Kegels",19
Low,2,Intermediate,Diastasis Recti,Preparation for Labor,Moderately Active,"Pelvic Floor Awareness, Supported Pigeon Pose",6
High,3,Advanced,"Pelvic Floor Weakness, Diastasis Recti",Core Strengthening,Very Active,"Supported V-Sits, Pelvic Floor Awareness",13
Low,1,Beginner,Gestational Diabetes,Weight Control,Sedentary,"Stationary Cycling, Seated Forward Bend",5
Low,2,Intermediate,None,Stress Relief,Moderately Active,"Pilates, Brahamari Breath",15
High,1,Advanced,Pelvic Girdle Pain,Back Pain Relief,Very Active,"Modified Side Plank, Psoas Stretch",21
Low,3,Beginner,Pelvic Floor Weakness,Pelvic Floor Strengthening,Sedentary,"Child's Pose, Kegels",12
Low,2,Beginner,None,None,Sedentary,"Walking, Stationary Cycling",25
High,3,Intermediate,"Back Pain, Gestational Diabetes",Back Pain Relief,Moderately Active,"Yoga, Modified Cat Cow",11
Low,1,Intermediate,Gestational Diabetes,Weight Control,Moderately Active,"Stationary Cycling, Kegels",14
Low,2,Advanced,None,General Fitness,Very Active,"Dancing, Light Weight Training",18
High,1,Beginner,None,None,Sedentary,"Walking, Seated Pelvic Awareness",20
Low,3,Intermediate,Pelvic Girdle Pain,Preparation for Labor,Moderately Active,"Squat and Rotate, 4-Point Kneel",9
Low,2,Beginner,Back Pain,Back Pain Relief,Sedentary,"Walking, Modified Cat Cow",2
High,3,Advanced,"Diastasis Recti, Pelvic Floor Weakness",Core Strengthening,Very Active,"Supported V-Sits, Pelvic Floor Awareness",13
Low,1,Intermediate,None,Stress Relief,Moderately Active,"Pilates, Brahamari Breath",15
Low,2,Beginner,Diastasis Recti,Weight Control,Sedentary,"Stationary Cycling, Seated Forward Bend",5
High,3,Intermediate,"Pelvic Girdle Pain, Back Pain",Back Pain Relief,Moderately Active,"Yoga, Supported Pigeon Pose",24
Low,1,Advanced,None,General Fitness,Very Active,"Modified Push-Ups, Tricep Dips",7
Low,2,Intermediate,Pelvic Floor Weakness,Preparation for Labor,Moderately Active,"Kegels, Mini Squats, Glute Bridges",3
High,1,Beginner,None,Weight Control,Sedentary,"Walking, Swimming",1
Low,3,Beginner,Gestational Diabetes,Weight Control,Sedentary,"Stationary Cycling, Kegels",14
Low,2,Advanced,None,Stress Relief,Very Active,"Yoga, Brahamari Breath",4
High,3,Intermediate,"Back Pain, Pelvic Floor Weakness",Back Pain Relief,Moderately Active,"Yoga, Modified Cat Cow",11
Low,1,Beginner,None,None,Sedentary,"Seated Forward Bend, Brahamari Breath",8
Low,2,Intermediate,Diastasis Recti,Preparation for Labor,Moderately Active,"Pelvic Floor Awareness, Supported Pigeon Pose",6
High,1,Advanced,Pelvic Girdle Pain,Back Pain Relief,Very Active,"Modified Side Plank, Psoas Stretch",21
Low,3,Beginner,Pelvic Floor Weakness,Pelvic Floor Strengthening,Sedentary,"Child's Pose, Kegels",12
Low,2,Beginner,Back Pain,Back Pain Relief,Sedentary,"Walking, Modified Cat Cow",2
High,3,Intermediate,Gestational Diabetes,Weight Control,Moderately Active,"Stationary Cycling, Kegels",14
Low,1,Intermediate,None,None,Moderately Active,"Walking, Stationary Cycling",25
Low,2,Advanced,Diastasis Recti,Core Strengthening,Very Active,"Supported V-Sits, Pelvic Floor Awareness",13
High,1,Beginner,None,Weight Control,Sedentary,"Walking, Pelvic Floor Awareness",20
Low,3,Intermediate,Pelvic Girdle Pain,Preparation for Labor,Moderately Active,"Squat and Rotate, 4-Point Kneel",9
Low,2,Beginner,None,None,Sedentary,"Seated Forward Bend, Brahamari Breath",8
High,3,Advanced,"Pelvic Floor Weakness, Back Pain",Preparation for Labor,Very Active,"Deep Squats, Perineal Massage",17
Low,1,Intermediate,Gestational Diabetes,Weight Control,Moderately Active,"Swimming, Light Weight Training",22
Low,2,Beginner,Diastasis Recti,Weight Control,Sedentary,"Stationary Cycling, Seated Forward Bend",5
High,1,Advanced,None,General Fitness,Very Active,"Dancing, Light Weight Training",18
Low,3,Intermediate,Back Pain,Back Pain Relief,Moderately Active,"Yoga, Modified Cat Cow",11
Low,2,Beginner,Pelvic Floor Weakness,Pelvic Floor Strengthening,Sedentary,"Kegels, Mini Squats, Glute Bridges",3
High,3,Intermediate,"Pelvic Girdle Pain, Gestational Diabetes",Preparation for Labor,Moderately Active,"Squat and Rotate, 4-Point Kneel",9
Low,1,Beginner,None,Stress Relief,Sedentary,"Seated Forward Bend, Brahamari Breath",8
Low,2,Advanced,None,General Fitness,Very Active,"Modified Push-Ups, Tricep Dips",7
High,1,Intermediate,None,Weight Control,Moderately Active,"Walking, Swimming",1
Low,3,Beginner,Back Pain,Back Pain Relief,Sedentary,"Modified Cat Cow, Kegels",19
Low,2,Intermediate,Diastasis Recti,Preparation for Labor,Moderately Active,"Pelvic Floor Awareness, Supported Pigeon Pose",6
High,3,Advanced,"Pelvic Floor Weakness, Diastasis Recti",Core Strengthening,Very Active,"Supported V-Sits, Pelvic Floor Awareness",13
Low,1,Beginner,Gestational Diabetes,Weight Control,Sedentary,"Stationary Cycling, Seated Forward Bend",5
Low,2,Intermediate,None,Stress Relief,Moderately Active,"Pilates, Brahamari Breath",15
High,1,Advanced,Pelvic Girdle Pain,Back Pain Relief,Very Active,"Modified Side Plank, Psoas Stretch",21
Low,3,Beginner,Pelvic Floor Weakness,Pelvic Floor Strengthening,Sedentary,"Child's Pose, Kegels",12
Low,2,Beginner,None,None,Sedentary,"Walking, Stationary Cycling",25
High,3,Intermediate,"Back Pain, Gestational Diabetes",Back Pain Relief,Moderately Active,"Yoga, Modified Cat Cow",11
Low,1,Intermediate,Gestational Diabetes,Weight Control,Moderately Active,"Stationary Cycling, Kegels",14
Low,2,Advanced,None,General Fitness,Very Active,"Dancing, Light Weight Training",18
High,1,Beginner,None,None,Sedentary,"Walking, Seated Pelvic Awareness",20
Low,3,Intermediate,Pelvic Girdle Pain,Preparation for Labor,Moderately Active,"Squat and Rotate, 4-Point Kneel",9
Low,2,Beginner,Back Pain,Back Pain Relief,Sedentary,"Walking, Modified Cat Cow",2
High,3,Advanced,"Diastasis Recti, Pelvic Floor Weakness",Core Strengthening,Very Active,"Supported V-Sits, Pelvic Floor Awareness",13
Low,1,Intermediate,None,Stress Relief,Moderately Active,"Pilates, Brahamari Breath",15
Low,2,Beginner,Diastasis Recti,Weight Control,Sedentary,"Stationary Cycling, Seated Forward Bend",5
High,3,Intermediate,"Pelvic Girdle Pain, Back Pain",Back Pain Relief,Moderately Active,"Yoga, Supported Pigeon Pose",24
Low,1,Advanced,None,General Fitness,Very Active,"Modified Push-Ups, Tricep Dips",7
Low,2,Intermediate,Pelvic Floor Weakness,Preparation for Labor,Moderately Active,"Kegels, Mini Squats, Glute Bridges",3
High,1,Beginner,None,Weight Control,Sedentary,"Walking, Swimming",1
Low,3,Beginner,Gestational Diabetes,Weight Control,Sedentary,"Stationary Cycling, Kegels",14
Low,2,Advanced,None,Stress Relief,Very Active,"Yoga, Brahamari Breath",4
High,3,Intermediate,"Back Pain, Pelvic Floor Weakness",Back Pain Relief,Moderately Active,"Yoga, Modified Cat Cow",11
Low,1,Beginner,None,None,Sedentary,"Seated Forward Bend, Brahamari Breath",8
Low,2,Intermediate,Diastasis Recti,Preparation for Labor,Moderately Active,"Pelvic Floor Awareness, Supported Pigeon Pose",6
High,1,Advanced,Pelvic Girdle Pain,Back Pain Relief,Very Active,"Modified Side Plank, Psoas Stretch",21
Low,3,Beginner,Pelvic Floor Weakness,Pelvic Floor Strengthening,Sedentary,"Child's Pose, Kegels",12
Low,2,Beginner,Back Pain,Back Pain Relief,Sedentary,"Walking, Modified Cat Cow",2
High,3,Intermediate,Gestational Diabetes,Weight Control,Moderately Active,"Stationary Cycling, Kegels",14
Low,1,Intermediate,None,None,Moderately Active,"Walking, Stationary Cycling",25
Low,2,Advanced,Diastasis Recti,Core Strengthening,Very Active,"Supported V-Sits, Pelvic Floor Awareness",13
High,1,Beginner,None,Weight Control,Sedentary,"Walking, Pelvic Floor Awareness",20
Low,3,Intermediate,Pelvic Girdle Pain,Preparation for Labor,Moderately Active,"Squat and Rotate, 4-Point Kneel",9
Low,2,Beginner,None,None,Sedentary,"Seated Forward Bend, Brahamari Breath",8
High,3,Advanced,"Pelvic Floor Weakness, Back Pain",Preparation for Labor,Very Active,"Deep Squats, Perineal Massage",17
Low,1,Intermediate,Gestational Diabetes,Weight Control,Moderately Active,"Swimming, Light Weight Training",22
Low,2,Beginner,Diastasis Recti,Weight Control,Sedentary,"Stationary Cycling, Seated Forward Bend",5
High,1,Advanced,None,General Fitness,Very Active,"Dancing, Light Weight Training",18
Low,3,Intermediate,Back Pain,Back Pain Relief,Moderately Active,"Yoga, Modified Cat Cow",11
Low,2,Beginner,Pelvic Floor Weakness,Pelvic Floor Strengthening,Sedentary,"Kegels, Mini Squats, Glute Bridges",3
High,3,Intermediate,"Pelvic Girdle Pain, Gestational Diabetes",Preparation for Labor,Moderately Active,"Squat and Rotate, 4-Point Kneel",9
Low,1,Beginner,None,Stress Relief,Sedentary,"Seated Forward Bend, Brahamari Breath",8
Low,2,Advanced,None,General Fitness,Very Active,"Modified Push-Ups, Tricep Dips",7
High,1,Intermediate,None,Weight Control,Moderately Active,"Walking, Swimming",1
Low,3,Beginner,Back Pain,Back Pain Relief,Sedentary,"Modified Cat Cow, Kegels",19
Low,2,Intermediate,Diastasis Recti,Preparation for Labor,Moderately Active,"Pelvic Floor Awareness, Supported Pigeon Pose",6
High,3,Advanced,"Pelvic Floor Weakness, Diastasis Recti",Core Strengthening,Very Active,"Supported V-Sits, Pelvic Floor Awareness",13
Low,1,Beginner,Gestational Diabetes,Weight Control,Sedentary,"Stationary Cycling, Seated Forward Bend",5
Low,2,Intermediate,None,Stress Relief,Moderately Active,"Pilates, Brahamari Breath",15
High,1,Advanced,Pelvic Girdle Pain,Back Pain Relief,Very Active,"Modified Side Plank, Psoas Stretch",21
Low,3,Beginner,Pelvic Floor Weakness,Pelvic Floor Strengthening,Sedentary,"Child's Pose, Kegels",12
Low,2,Beginner,None,None,Sedentary,"Walking, Stationary Cycling",25
High,3,Intermediate,"Back Pain, Gestational Diabetes",Back Pain Relief,Moderately Active,"Yoga, Modified Cat Cow",11
Low,1,Intermediate,Gestational Diabetes,Weight Control,Moderately Active,"Stationary Cycling, Kegels",14
Low,2,Advanced,None,General Fitness,Very Active,"Dancing, Light Weight Training",18
High,1,Beginner,None,None,Sedentary,"Walking, Seated Pelvic Awareness",20
Low,3,Intermediate,Pelvic Girdle Pain,Preparation for Labor,Moderately Active,"Squat and Rotate, 4-Point Kneel",9
Low,2,Beginner,Back Pain,Back Pain Relief,Sedentary,"Walking, Modified Cat Cow",2
High,3,Advanced,"Diastasis Recti, Pelvic Floor Weakness",Core Strengthening,Very Active,"Supported V-Sits, Pelvic Floor Awareness",13
Low,1,Intermediate,None,Stress Relief,Moderately Active,"Pilates, Brahamari Breath",15
Low,2,Beginner,Diastasis Recti,Weight Control,Sedentary,"Stationary Cycling, Seated Forward Bend",5
High,3,Intermediate,"Pelvic Girdle Pain, Back Pain",Back Pain Relief,Moderately Active,"Yoga, Supported Pigeon Pose",24
Low,1,Advanced,None,General Fitness,Very Active,"Modified Push-Ups, Tricep Dips",7
Low,2,Intermediate,Pelvic Floor Weakness,Preparation for Labor,Moderately Active,"Kegels, Mini Squats, Glute Bridges",3
High,1,Beginner,None,Weight Control,Sedentary,"Walking, Swimming",1
Low,3,Beginner,Gestational Diabetes,Weight Control,Sedentary,"Stationary Cycling, Kegels",14
Low,2,Advanced,None,Stress Relief,Very Active,"Yoga, Brahamari Breath",4
High,3,Intermediate,"Back Pain, Pelvic Floor Weakness",Back Pain Relief,Moderately Active,"Yoga, Modified Cat Cow",11
Low,1,Beginner,None,None,Sedentary,"Seated Forward Bend, Brahamari Breath",8
Low,2,Intermediate,Diastasis Recti,Preparation for Labor,Moderately Active,"Pelvic Floor Awareness, Supported Pigeon Pose",6
High,1,Advanced,Pelvic Girdle Pain,Back Pain Relief,Very Active,"Modified Side Plank, Psoas Stretch",21
Low,3,Beginner,Pelvic Floor Weakness,Pelvic Floor Strengthening,Sedentary,"Child's Pose, Kegels",12
Low,2,Beginner,Back Pain,Back Pain Relief,Sedentary,"Walking, Modified Cat Cow",2
High,3,Intermediate,Gestational Diabetes,Weight Control,Moderately Active,"Stationary Cycling, Kegels",14
Low,1,Intermediate,None,None,Moderately Active,"Walking, Stationary Cycling",25
Low,2,Advanced,Diastasis Recti,Core Strengthening,Very Active,"Supported V-Sits, Pelvic Floor Awareness",13
High,1,Beginner,None,Weight Control,Sedentary,"Walking, Pelvic Floor Awareness",20
Low,3,Intermediate,Pelvic Girdle Pain,Preparation for Labor,Moderately Active,"Squat and Rotate, 4-Point Kneel",9
Low,2,Beginner,None,None,Sedentary,"Seated Forward Bend, Brahamari Breath",8
High,3,Advanced,"Pelvic Floor Weakness, Back Pain",Preparation for Labor,Very Active,"Deep Squats, Perineal Massage",17
Low,1,Intermediate,Gestational Diabetes,Weight Control,Moderately Active,"Swimming, Light Weight Training",22
Low,2,Beginner,Diastasis Recti,Weight Control,Sedentary,"Stationary Cycling, Seated Forward Bend",5
High,1,Advanced,None,General Fitness,Very Active,"Dancing, Light Weight Training",18
Low,3,Intermediate,Back Pain,Back Pain Relief,Moderately Active,"Yoga, Modified Cat Cow",11
Low,2,Beginner,Pelvic Floor Weakness,Pelvic Floor Strengthening,Sedentary,"Kegels, Mini Squats, Glute Bridges",3
High,3,Intermediate,"Pelvic Girdle Pain, Gestational Diabetes",Preparation for Labor,Moderately Active,"Squat and Rotate, 4-Point Kneel",9
Low,1,Beginner,None,Stress Relief,Sedentary,"Seated Forward Bend, Brahamari Breath",8
Low,2,Advanced,None,General Fitness,Very Active,"Modified Push-Ups, Tricep Dips",7
High,1,Intermediate,None,Weight Control,Moderately Active,"Walking, Swimming",1
Low,3,Beginner,Back Pain,Back Pain Relief,Sedentary,"Modified Cat Cow, Kegels",19
Low,2,Intermediate,Diastasis Recti,Preparation for Labor,Moderately Active,"Pelvic Floor Awareness, Supported Pigeon Pose",6
High,3,Advanced,"Pelvic Floor Weakness, Diastasis Recti",Core Strengthening,Very Active,"Supported V-Sits, Pelvic Floor Awareness",13
Low,1,Beginner,Gestational Diabetes,Weight Control,Sedentary,"Stationary Cycling, Seated Forward Bend",5
Low,2,Intermediate,None,Stress Relief,Moderately Active,"Pilates, Brahamari Breath",15
High,1,Advanced,Pelvic Girdle Pain,Back Pain Relief,Very Active,"Modified Side Plank, Psoas Stretch",21
Low,3,Beginner,Pelvic Floor Weakness,Pelvic Floor Strengthening,Sedentary,"Child's Pose, Kegels",12
Low,2,Beginner,None,None,Sedentary,"Walking, Stationary Cycling",25
High,3,Intermediate,"Back Pain, Gestational Diabetes",Back Pain Relief,Moderately Active,"Yoga, Modified Cat Cow",11
Low,1,Intermediate,Gestational Diabetes,Weight Control,Moderately Active,"Stationary Cycling, Kegels",14
Low,2,Advanced,None,General Fitness,Very Active,"Dancing, Light Weight Training",18
High,1,Beginner,None,None,Sedentary,"Walking, Seated Pelvic Awareness",20
Low,3,Intermediate,Pelvic Girdle Pain,Preparation for Labor,Moderately Active,"Squat and Rotate, 4-Point Kneel",9
Low,2,Beginner,Back Pain,Back Pain Relief,Sedentary,"Walking, Modified Cat Cow",2
High,3,Advanced,"Diastasis Recti, Pelvic Floor Weakness",Core Strengthening,Very Active,"Supported V-Sits, Pelvic Floor Awareness",13
Low,1,Intermediate,None,Stress Relief,Moderately Active,"Pilates, Brahamari Breath",15
Low,2,Beginner,Diastasis Recti,Weight Control,Sedentary,"Stationary Cycling, Seated Forward Bend",5
High,3,Intermediate,"Pelvic Girdle Pain, Back Pain",Back Pain Relief,Moderately Active,"Yoga, Supported Pigeon Pose",24
Low,1,Advanced,None,General Fitness,Very Active,"Modified Push-Ups, Tricep Dips",7
Low,2,Intermediate,Pelvic Floor Weakness,Preparation for Labor,Moderately Active,"Kegels, Mini Squats, Glute Bridges",3
High,1,Beginner,None,Weight Control,Sedentary,"Walking, Swimming",1
Low,3,Beginner,Gestational Diabetes,Weight Control,Sedentary,"Stationary Cycling, Kegels",14
Low,2,Advanced,None,Stress Relief,Very Active,"Yoga, Brahamari Breath",4
High,3,Intermediate,"Back Pain, Pelvic Floor Weakness",Back Pain Relief,Moderately Active,"Yoga, Modified Cat Cow",11
Low,1,Beginner,None,None,Sedentary,"Seated Forward Bend, Brahamari Breath",8
Low,2,Intermediate,Diastasis Recti,Preparation for Labor,Moderately Active,"Pelvic Floor Awareness, Supported Pigeon Pose",6
High,1,Advanced,Pelvic Girdle Pain,Back Pain Relief,Very Active,"Modified Side Plank, Psoas Stretch",21
Low,3,Beginner,Pelvic Floor Weakness,Pelvic Floor Strengthening,Sedentary,"Child's Pose, Kegels",12
Low,2,Beginner,Back Pain,Back Pain Relief,Sedentary,"Walking, Modified Cat Cow",2
High,3,Intermediate,Gestational Diabetes,Weight Control,Moderately Active,"Stationary Cycling, Kegels",14
Low,1,Intermediate,None,None,Moderately Active,"Walking, Stationary Cycling",25
Low,2,Advanced,Diastasis Recti,Core Strengthening,Very Active,"Supported V-Sits, Pelvic Floor Awareness",13
High,1,Beginner,None,Weight Control,Sedentary,"Walking, Pelvic Floor Awareness",20
Low,3,Intermediate,Pelvic Girdle Pain,Preparation for Labor,Moderately Active,"Squat and Rotate, 4-Point Kneel",9
Low,2,Beginner,None,None,Sedentary,"Seated Forward Bend, Brahamari Breath",8
High,3,Advanced,"Pelvic Floor Weakness, Back Pain",Preparation for Labor,Very Active,"Deep Squats, Perineal Massage",17
Low,1,Intermediate,Gestational Diabetes,Weight Control,Moderately Active,"Swimming, Light Weight Training",22
Low,2,Beginner,Diastasis Recti,Weight Control,Sedentary,"Stationary Cycling, Seated Forward Bend",5
High,1,Advanced,None,General Fitness,Very Active,"Dancing, Light Weight Training",18
Low,3,Intermediate,Back Pain,Back Pain Relief,Moderately Active,"Yoga, Modified Cat Cow",11
Low,2,Beginner,Pelvic Floor Weakness,Pelvic Floor Strengthening,Sedentary,"Kegels, Mini Squats, Glute Bridges",3
High,3,Intermediate,"Pelvic Girdle Pain, Gestational Diabetes",Preparation for Labor,Moderately Active,"Squat and Rotate, 4-Point Kneel",9
Low,1,Beginner,None,Stress Relief,Sedentary,"Seated Forward Bend, Brahamari Breath",8
Low,2,Advanced,None,General Fitness,Very Active,"Modified Push-Ups, Tricep Dips",7
High,1,Intermediate,None,Weight Control,Moderately Active,"Walking, Swimming",1
Low,3,Beginner,Back Pain,Back Pain Relief,Sedentary,"Modified Cat Cow, Kegels",19
Low,2,Intermediate,Diastasis Recti,Preparation for Labor,Moderately Active,"Pelvic Floor Awareness, Supported Pigeon Pose",6
High,3,Advanced,"Pelvic Floor Weakness, Diastasis Recti",Core Strengthening,Very Active,"Supported V-Sits, Pelvic Floor Awareness",13
Low,1,Beginner,Gestational Diabetes,Weight Control,Sedentary,"Stationary Cycling, Seated Forward Bend",5
Low,2,Intermediate,None,Stress Relief,Moderately Active,"Pilates, Brahamari Breath",15
High,1,Advanced,Pelvic Girdle Pain,Back Pain Relief,Very Active,"Modified Side Plank, Psoas Stretch",21
Low,3,Beginner,Pelvic Floor Weakness,Pelvic Floor Strengthening,Sedentary,"Child's Pose, Kegels",12
Low,2,Beginner,None,None,Sedentary,"Walking, Stationary Cycling",25
High,3,Intermediate,"Back Pain, Gestational Diabetes",Back Pain Relief,Moderately Active,"Yoga, Modified Cat Cow",11
Low,1,Intermediate,Gestational Diabetes,Weight Control,Moderately Active,"Stationary Cycling, Kegels",14
Low,2,Advanced,None,General Fitness,Very Active,"Dancing, Light Weight Training",18
High,1,Beginner,None,None,Sedentary,"Walking, Seated Pelvic Awareness",20
Low,3,Intermediate,Pelvic Girdle Pain,Preparation for Labor,Moderately Active,"Squat and Rotate, 4-Point Kneel",9
Low,2,Beginner,Back Pain,Back Pain Relief,Sedentary,"Walking, Modified Cat Cow",2
High,3,Advanced,"Diastasis Recti, Pelvic Floor Weakness",Core Strengthening,Very Active,"Supported V-Sits, Pelvic Floor Awareness",13
Low,1,Intermediate,None,Stress Relief,Moderately Active,"Pilates, Brahamari Breath",15
Low,2,Beginner,Diastasis Recti,Weight Control,Sedentary,"Stationary Cycling, Seated Forward Bend",5
High,3,Intermediate,"Pelvic Girdle Pain, Back Pain",Back Pain Relief,Moderately Active,"Yoga, Supported Pigeon Pose",24
Low,1,Advanced,None,General Fitness,Very Active,"Modified Push-Ups, Tricep Dips",7
Low,2,Intermediate,Pelvic Floor Weakness,Preparation for Labor,Moderately Active,"Kegels, Mini Squats, Glute Bridges",3
High,1,Beginner,None,Weight Control,Sedentary,"Walking, Swimming",1
Low,3,Beginner,Gestational Diabetes,Weight Control,Sedentary,"Stationary Cycling, Kegels",14
Low,2,Advanced,None,Stress Relief,Very Active,"Yoga, Brahamari Breath",4
High,3,Intermediate,"Back Pain, Pelvic Floor Weakness",Back Pain Relief,Moderately Active,"Yoga, Modified Cat Cow",11
Low,1,Beginner,None,None,Sedentary,"Seated Forward Bend, Brahamari Breath",8
Low,2,Intermediate,Diastasis Recti,Preparation for Labor,Moderately Active,"Pelvic Floor Awareness, Supported Pigeon Pose",6
High,1,Advanced,Pelvic Girdle Pain,Back Pain Relief,Very Active,"Modified Side Plank, Psoas Stretch",21
Low,3,Beginner,Pelvic Floor Weakness,Pelvic Floor Strengthening,Sedentary,"Child's Pose, Kegels",12
Low,2,Beginner,Back Pain,Back Pain Relief,Sedentary,"Walking, Modified Cat Cow",2
High,3,Intermediate,Gestational Diabetes,Weight Control,Moderately Active,"Stationary Cycling, Kegels",14
Low,1,Intermediate,None,None,Moderately Active,"Walking, Stationary Cycling",25
Low,2,Advanced,Diastasis Recti,Core Strengthening,Very Active,"Supported V-Sits, Pelvic Floor Awareness",13
High,1,Beginner,None,Weight Control,Sedentary,"Walking, Pelvic Floor Awareness",20
Low,3,Intermediate,Pelvic Girdle Pain,Preparation for Labor,Moderately Active,"Squat and Rotate, 4-Point Kneel",9
Low,2,Beginner,None,None,Sedentary,"Seated Forward Bend, Brahamari Breath",8
High,3,Advanced,"Pelvic Floor Weakness, Back Pain",Preparation for Labor,Very Active,"Deep Squats, Perineal Massage",17
Low,1,Intermediate,Gestational Diabetes,Weight Control,Moderately Active,"Swimming, Light Weight Training",22
Low,2,Beginner,Diastasis Recti,Weight Control,Sedentary,"Stationary Cycling, Seated Forward Bend",5
High,1,Advanced,None,General Fitness,Very Active,"Dancing, Light Weight Training",18
Low,3,Intermediate,Back Pain,Back Pain Relief,Moderately Active,"Yoga, Modified Cat Cow",11
Low,2,Beginner,Pelvic Floor Weakness,Pelvic Floor Strengthening,Sedentary,"Kegels, Mini Squats, Glute Bridges",3
High,3,Intermediate,"Pelvic Girdle Pain, Gestational Diabetes",Preparation for Labor,Moderately Active,"Squat and Rotate, 4-Point Kneel",9
Low,1,Beginner,None,Stress Relief,Sedentary,"Seated Forward Bend, Brahamari Breath",8
Low,2,Advanced,None,General Fitness,Very Active,"Modified Push-Ups, Tricep Dips",7
High,1,Intermediate,None,Weight Control,Moderately Active,"Walking, Swimming",1
Low,3,Beginner,Back Pain,Back Pain Relief,Sedentary,"Modified Cat Cow, Kegels",19
Low,2,Intermediate,Diastasis Recti,Preparation for Labor,Moderately Active,"Pelvic Floor Awareness, Supported Pigeon Pose",6
High,3,Advanced,"Pelvic Floor Weakness, Diastasis Recti",Core Strengthening,Very Active,"Supported V-Sits, Pelvic Floor Awareness",13
Low,1,Beginner,Gestational Diabetes,Weight Control,Sedentary,"Stationary Cycling, Seated Forward Bend",5
Low,2,Intermediate,None,Stress Relief,Moderately Active,"Pilates, Brahamari Breath",15
High,1,Advanced,Pelvic Girdle Pain,Back Pain Relief,Very Active,"Modified Side Plank, Psoas Stretch",21
Low,3,Beginner,Pelvic Floor Weakness,Pelvic Floor Strengthening,Sedentary,"Child's Pose, Kegels",12
Low,2,Beginner,None,None,Sedentary,"Walking, Stationary Cycling",25
High,3,Intermediate,"Back Pain, Gestational Diabetes",Back Pain Relief,Moderately Active,"Yoga, Modified Cat Cow",11
Low,1,Intermediate,Gestational Diabetes,Weight Control,Moderately Active,"Stationary Cycling, Kegels",14
Low,2,Advanced,None,General Fitness,Very Active,"Dancing, Light Weight Training",18
High,1,Beginner,None,None,Sedentary,"Walking, Seated Pelvic Awareness",20
Low,3,Intermediate,Pelvic Girdle Pain,Preparation for Labor,Moderately Active,"Squat and Rotate, 4-Point Kneel",9
Low,2,Beginner,Back Pain,Back Pain Relief,Sedentary,"Walking, Modified Cat Cow",2
High,3,Advanced,"Diastasis Recti, Pelvic Floor Weakness",Core Strengthening,Very Active,"Supported V-Sits, Pelvic Floor Awareness",13
Low,1,Intermediate,None,Stress Relief,Moderately Active,"Pilates, Brahamari Breath",15
Low,2,Beginner,Diastasis Recti,Weight Control,Sedentary,"Stationary Cycling, Seated Forward Bend",5
High,3,Intermediate,"Pelvic Girdle Pain, Back Pain",Back Pain Relief,Moderately Active,"Yoga, Supported Pigeon Pose",24
Low,1,Advanced,None,General Fitness,Very Active,"Modified Push-Ups, Tricep Dips",7
Low,2,Intermediate,Pelvic Floor Weakness,Preparation for Labor,Moderately Active,"Kegels, Mini Squats, Glute Bridges",3
High,1,Beginner,None,Weight Control,Sedentary,"Walking, Swimming",1
Low,3,Beginner,Gestational Diabetes,Weight Control,Sedentary,"Stationary Cycling, Kegels",14
Low,2,Advanced,None,Stress Relief,Very Active,"Yoga, Brahamari Breath",4
High,3,Intermediate,"Back Pain, Pelvic Floor Weakness",Back Pain Relief,Moderately Active,"Yoga, Modified Cat Cow",11
Low,1,Beginner,None,None,Sedentary,"Seated Forward Bend, Brahamari Breath",8
Low,2,Intermediate,Diastasis Recti,Preparation for Labor,Moderately Active,"Pelvic Floor Awareness, Supported Pigeon Pose",6
High,1,Advanced,Pelvic Girdle Pain,Back Pain Relief,Very Active,"Modified Side Plank, Psoas Stretch",21
Low,3,Beginner,Pelvic Floor Weakness,Pelvic Floor Strengthening,Sedentary,"Child's Pose, Kegels",12
Low,2,Beginner,Back Pain,Back Pain Relief,Sedentary,"Walking, Modified Cat Cow",2
High,3,Intermediate,Gestational Diabetes,Weight Control,Moderately Active,"Stationary Cycling, Kegels",14
Low,1,Intermediate,None,None,Moderately Active,"Walking, Stationary Cycling",25
Low,2,Advanced,Diastasis Recti,Core Strengthening,Very Active,"Supported V-Sits, Pelvic Floor Awareness",13
High,1,Beginner,None,Weight Control,Sedentary,"Walking, Pelvic Floor Awareness",20
Low,3,Intermediate,Pelvic Girdle Pain,Preparation for Labor,Moderately Active,"Squat and Rotate, 4-Point Kneel",9
Low,2,Beginner,None,None,Sedentary,"Seated Forward Bend, Brahamari Breath",8
High,3,Advanced,"Pelvic Floor Weakness, Back Pain",Preparation for Labor,Very Active,"Deep Squats, Perineal Massage",17
Low,1,Intermediate,Gestational Diabetes,Weight Control,Moderately Active,"Swimming, Light Weight Training",22
Low,2,Beginner,Diastasis Recti,Weight Control,Sedentary,"Stationary Cycling, Seated Forward Bend",5
High,1,Advanced,None,General Fitness,Very Active,"Dancing, Light Weight Training",18
Low,3,Intermediate,Back Pain,Back Pain Relief,Moderately Active,"Yoga, Modified Cat Cow",11
Low,2,Beginner,Pelvic Floor Weakness,Pelvic Floor Strengthening,Sedentary,"Kegels, Mini Squats, Glute Bridges",3
High,3,Intermediate,"Pelvic Girdle Pain, Gestational Diabetes",Preparation for Labor,Moderately Active,"Squat and Rotate, 4-Point Kneel",9
Low,1,Beginner,None,Stress Relief,Sedentary,"Seated Forward Bend, Brahamari Breath",8
Low,2,Advanced,None,General Fitness,Very Active,"Modified Push-Ups, Tricep Dips",7
High,1,Intermediate,None,Weight Control,Moderately Active,"Walking, Swimming",1
Low,3,Beginner,Back Pain,Back Pain Relief,Sedentary,"Modified Cat Cow, Kegels",19
Low,2,Intermediate,Diastasis Recti,Preparation for Labor,Moderately Active,"Pelvic Floor Awareness, Supported Pigeon Pose",6
High,3,Advanced,"Pelvic Floor Weakness, Diastasis Recti",Core Strengthening,Very Active,"Supported V-Sits, Pelvic Floor Awareness",13
Low,1,Beginner,Gestational Diabetes,Weight Control,Sedentary,"Stationary Cycling, Seated Forward Bend",5
Low,2,Intermediate,None,Stress Relief,Moderately Active,"Pilates, Brahamari Breath",15
High,1,Advanced,Pelvic Girdle Pain,Back Pain Relief,Very Active,"Modified Side Plank, Psoas Stretch",21
Low,3,Beginner,Pelvic Floor Weakness,Pelvic Floor Strengthening,Sedentary,"Child's Pose, Kegels",12
Low,2,Beginner,None,None,Sedentary,"Walking, Stationary Cycling",25
High,3,Intermediate,"Back Pain, Gestational Diabetes",Back Pain Relief,Moderately Active,"Yoga, Modified Cat Cow",11
Low,1,Intermediate,Gestational Diabetes,Weight Control,Moderately Active,"Stationary Cycling, Kegels",14
Low,2,Advanced,None,General Fitness,Very Active,"Dancing, Light Weight Training",18
High,1,Beginner,None,None,Sedentary,"Walking, Seated Pelvic Awareness",20
Low,3,Intermediate,Pelvic Girdle Pain,Preparation for Labor,Moderately Active,"Squat and Rotate, 4-Point Kneel",9
Low,2,Beginner,Back Pain,Back Pain Relief,Sedentary,"Walking, Modified Cat Cow",2
High,3,Advanced,"Diastasis Recti, Pelvic Floor Weakness",Core Strengthening,Very Active,"Supported V-Sits, Pelvic Floor Awareness",13
Low,1,Intermediate,None,Stress Relief,Moderately Active,"Pilates, Brahamari Breath",15
Low,2,Beginner,Diastasis Recti,Weight Control,Sedentary,"Stationary Cycling, Seated Forward Bend",5
High,3,Intermediate,"Pelvic Girdle Pain, Back Pain",Back Pain Relief,Moderately Active,"Yoga, Supported Pigeon Pose",24
Low,1,Advanced,None,General Fitness,Very Active,"Modified Push-Ups, Tricep Dips",7
Low,2,Intermediate,Pelvic Floor Weakness,Preparation for Labor,Moderately Active,"Kegels, Mini Squats, Glute Bridges",3
High,1,Beginner,None,Weight Control,Sedentary,"Walking, Swimming",1
Low,3,Beginner,Gestational Diabetes,Weight Control,Sedentary,"Stationary Cycling, Kegels",14
Low,2,Advanced,None,Stress Relief,Very Active,"Yoga, Brahamari Breath",4
High,3,Intermediate,"Back Pain, Pelvic Floor Weakness",Back Pain Relief,Moderately Active,"Yoga, Modified Cat Cow",11
Low,1,Beginner,None,None,Sedentary,"Seated Forward Bend, Brahamari Breath",8
Low,2,Intermediate,Diastasis Recti,Preparation for Labor,Moderately Active,"Pelvic Floor Awareness, Supported Pigeon Pose",6
High,1,Advanced,Pelvic Girdle Pain,Back Pain Relief,Very Active,"Modified Side Plank, Psoas Stretch",21
Low,3,Beginner,Pelvic Floor Weakness,Pelvic Floor Strengthening,Sedentary,"Child's Pose, Kegels",12
Low,2,Beginner,Back Pain,Back Pain Relief,Sedentary,"Walking, Modified Cat Cow",2
High,3,Intermediate,Gestational Diabetes,Weight Control,Moderately Active,"Stationary Cycling, Kegels",14
Low,1,Intermediate,None,None,Moderately Active,"Walking, Stationary Cycling",25
Low,2,Advanced,Diastasis Recti,Core Strengthening,Very Active,"Supported V-Sits, Pelvic Floor Awareness",13
High,1,Beginner,None,Weight Control,Sedentary,"Walking, Pelvic Floor Awareness",20
Low,3,Intermediate,Pelvic Girdle Pain,Preparation for Labor,Moderately Active,"Squat and Rotate, 4-Point Kneel",9
Low,2,Beginner,None,None,Sedentary,"Seated Forward Bend, Brahamari Breath",8
High,3,Advanced,"Pelvic Floor Weakness, Back Pain",Preparation for Labor,Very Active,"Deep Squats, Perineal Massage",17
Low,1,Intermediate,Gestational Diabetes,Weight Control,Moderately Active,"Swimming, Light Weight Training",22
Low,2,Beginner,Diastasis Recti,Weight Control,Sedentary,"Stationary Cycling, Seated Forward Bend",5
High,1,Advanced,None,General Fitness,Very Active,"Dancing, Light Weight Training",18
Low,3,Intermediate,Back Pain,Back Pain Relief,Moderately Active,"Yoga, Modified Cat Cow",11
Low,2,Beginner,Pelvic Floor Weakness,Pelvic Floor Strengthening,Sedentary,"Kegels, Mini Squats, Glute Bridges",3
High,3,Intermediate,"Pelvic Girdle Pain, Gestational Diabetes",Preparation for Labor,Moderately Active,"Squat and Rotate, 4-Point Kneel",9
Low,1,Beginner,None,Stress Relief,Sedentary,"Seated Forward Bend, Brahamari Breath",8
Low,2,Advanced,None,General Fitness,Very Active,"Modified Push-Ups, Tricep Dips",7
High,1,Intermediate,None,Weight Control,Moderately Active,"Walking, Swimming",1
Low,3,Beginner,Back Pain,Back Pain Relief,Sedentary,"Modified Cat Cow, Kegels",19
Low,2,Intermediate,Diastasis Recti,Preparation for Labor,Moderately Active,"Pelvic Floor Awareness, Supported Pigeon Pose",6
High,3,Advanced,"Pelvic Floor Weakness, Diastasis Recti",Core Strengthening,Very Active,"Supported V-Sits, Pelvic Floor Awareness",13
Low,1,Beginner,Gestational Diabetes,Weight Control,Sedentary,"Stationary Cycling, Seated Forward Bend",5
Low,2,Intermediate,None,Stress Relief,Moderately Active,"Pilates, Brahamari Breath",15
High,1,Advanced,Pelvic Girdle Pain,Back Pain Relief,Very Active,"Modified Side Plank, Psoas Stretch",21
Low,3,Beginner,Pelvic Floor Weakness,Pelvic Floor Strengthening,Sedentary,"Child's Pose, Kegels",12
Low,2,Beginner,None,None,Sedentary,"Walking, Stationary Cycling",25
High,3,Intermediate,"Back Pain, Gestational Diabetes",Back Pain Relief,Moderately Active,"Yoga, Modified Cat Cow",11
Low,1,Intermediate,Gestational Diabetes,Weight Control,Moderately Active,"Stationary Cycling, Kegels",14
Low,2,Advanced,None,General Fitness,Very Active,"Dancing, Light Weight Training",18
High,1,Beginner,None,None,Sedentary,"Walking, Seated Pelvic Awareness",20
Low,3,Intermediate,Pelvic Girdle Pain,Preparation for Labor,Moderately Active,"Squat and Rotate, 4-Point Kneel",9
Low,2,Beginner,Back Pain,Back Pain Relief,Sedentary,"Walking, Modified Cat Cow",2
High,3,Advanced,"Diastasis Recti, Pelvic Floor Weakness",Core Strengthening,Very Active,"Supported V-Sits, Pelvic Floor Awareness",13
Low,1,Intermediate,None,Stress Relief,Moderately Active,"Pilates, Brahamari Breath",15
Low,2,Beginner,Diastasis Recti,Weight Control,Sedentary,"Stationary Cycling, Seated Forward Bend",5
High,3,Intermediate,"Pelvic Girdle Pain, Back Pain",Back Pain Relief,Moderately Active,"Yoga, Supported Pigeon Pose",24
Low,1,Advanced,None,General Fitness,Very Active,"Modified Push-Ups, Tricep Dips",7
Low,2,Intermediate,Pelvic Floor Weakness,Preparation for Labor,Moderately Active,"Kegels, Mini Squats, Glute Bridges",3
High,1,Beginner,None,Weight Control,Sedentary,"Walking, Swimming",1
Low,3,Beginner,Gestational Diabetes,Weight Control,Sedentary,"Stationary Cycling, Kegels",14
Low,2,Advanced,None,Stress Relief,Very Active,"Yoga, Brahamari Breath",4
High,3,Intermediate,"Back Pain, Pelvic Floor Weakness",Back Pain Relief,Moderately Active,"Yoga, Modified Cat Cow",11
Low,1,Beginner,None,None,Sedentary,"Seated Forward Bend, Brahamari Breath",8
Low,2,Intermediate,Diastasis Recti,Preparation for Labor,Moderately Active,"Pelvic Floor Awareness, Supported Pigeon Pose",6
High,1,Advanced,Pelvic Girdle Pain,Back Pain Relief,Very Active,"Modified Side Plank, Psoas Stretch",21
Low,3,Beginner,Pelvic Floor Weakness,Pelvic Floor Strengthening,Sedentary,"Child's Pose, Kegels",12
Low,2,Beginner,Back Pain,Back Pain Relief,Sedentary,"Walking, Modified Cat Cow",2
High,3,Intermediate,Gestational Diabetes,Weight Control,Moderately Active,"Stationary Cycling, Kegels",14
Low,1,Intermediate,None,None,Moderately Active,"Walking, Stationary Cycling",25
Low,2,Advanced,Diastasis Recti,Core Strengthening,Very Active,"Supported V-Sits, Pelvic Floor Awareness",13
High,1,Beginner,None,Weight Control,Sedentary,"Walking, Pelvic Floor Awareness",20
Low,3,Intermediate,Pelvic Girdle Pain,Preparation for Labor,Moderately Active,"Squat and Rotate, 4-Point Kneel",9
Low,2,Beginner,None,None,Sedentary,"Seated Forward Bend, Brahamari Breath",8
High,3,Advanced,"Pelvic Floor Weakness, Back Pain",Preparation for Labor,Very Active,"Deep Squats, Perineal Massage",17
Low,1,Intermediate,Gestational Diabetes,Weight Control,Moderately Active,"Swimming, Light Weight Training",22
Low,2,Beginner,Diastasis Recti,Weight Control,Sedentary,"Stationary Cycling, Seated Forward Bend",5
High,1,Advanced,None,General Fitness,Very Active,"Dancing, Light Weight Training",18
Low,3,Intermediate,Back Pain,Back Pain Relief,Moderately Active,"Yoga, Modified Cat Cow",11
Low,2,Beginner,Pelvic Floor Weakness,Pelvic Floor Strengthening,Sedentary,"Kegels, Mini Squats, Glute Bridges",3
High,3,Intermediate,"Pelvic Girdle Pain, Gestational Diabetes",Preparation for Labor,Moderately Active,"Squat and Rotate, 4-Point Kneel",9
Low,1,Beginner,None,Stress Relief,Sedentary,"Seated Forward Bend, Brahamari Breath",8
Low,2,Advanced,None,General Fitness,Very Active,"Modified Push-Ups, Tricep Dips",7
High,1,Intermediate,None,Weight Control,Moderately Active,"Walking, Swimming",1
Low,3,Beginner,Back Pain,Back Pain Relief,Sedentary,"Modified Cat Cow, Kegels",19
Low,2,Intermediate,Diastasis Recti,Preparation for Labor,Moderately Active,"Pelvic Floor Awareness, Supported Pigeon Pose",6
High,3,Advanced,"Pelvic Floor Weakness, Diastasis Recti",Core Strengthening,Very Active,"Supported V-Sits, Pelvic Floor Awareness",13
Low,1,Beginner,Gestational Diabetes,Weight Control,Sedentary,"Stationary Cycling, Seated Forward Bend",5
Low,2,Intermediate,None,Stress Relief,Moderately Active,"Pilates, Brahamari Breath",15
High,1,Advanced,Pelvic Girdle Pain,Back Pain Relief,Very Active,"Modified Side Plank, Psoas Stretch",21
Low,3,Beginner,Pelvic Floor Weakness,Pelvic Floor Strengthening,Sedentary,"Child's Pose, Kegels",12
Low,2,Beginner,None,None,Sedentary,"Walking, Stationary Cycling",25
High,3,Intermediate,"Back Pain, Gestational Diabetes",Back Pain Relief,Moderately Active,"Yoga, Modified Cat Cow",11
Low,1,Intermediate,Gestational Diabetes,Weight Control,Moderately Active,"Stationary Cycling, Kegels",14
Low,2,Advanced,None,General Fitness,Very Active,"Dancing, Light Weight Training",18
High,1,Beginner,None,None,Sedentary,"Walking, Seated Pelvic Awareness",20
Low,3,Intermediate,Pelvic Girdle Pain,Preparation for Labor,Moderately Active,"Squat and Rotate, 4-Point Kneel",9
Low,2,Beginner,Back Pain,Back Pain Relief,Sedentary,"Walking, Modified Cat Cow",2
High,3,Advanced,"Diastasis Recti, Pelvic Floor Weakness",Core Strengthening,Very Active,"Supported V-Sits, Pelvic Floor Awareness",13
Low,1,Intermediate,None,Stress Relief,Moderately Active,"Pilates, Brahamari Breath",15
Low,2,Beginner,Diastasis Recti,Weight Control,Sedentary,"Stationary Cycling, Seated Forward Bend",5
High,3,Intermediate,"Pelvic Girdle Pain, Back Pain",Back Pain Relief,Moderately Active,"Yoga, Supported Pigeon Pose",24
Low,1,Advanced,None,General Fitness,Very Active,"Modified Push-Ups, Tricep Dips",7
Low,2,Intermediate,Pelvic Floor Weakness,Preparation for Labor,Moderately Active,"Kegels, Mini Squats, Glute Bridges",3
High,1,Beginner,None,Weight Control,Sedentary,"Walking, Swimming",1
Low,3,Beginner,Gestational Diabetes,Weight Control,Sedentary,"Stationary Cycling, Kegels",14
Low,2,Advanced,None,Stress Relief,Very Active,"Yoga, Brahamari Breath",4
High,3,Intermediate,"Back Pain, Pelvic Floor Weakness",Back Pain Relief,Moderately Active,"Yoga, Modified Cat Cow",11
Low,1,Beginner,None,None,Sedentary,"Seated Forward Bend, Brahamari Breath",8
Low,2,Intermediate,Diastasis Recti,Preparation for Labor,Moderately Active,"Pelvic Floor Awareness, Supported Pigeon Pose",6
High,1,Advanced,Pelvic Girdle Pain,Back Pain Relief,Very Active,"Modified Side Plank, Psoas Stretch",21
Low,3,Beginner,Pelvic Floor Weakness,Pelvic Floor Strengthening,Sedentary,"Child's Pose, Kegels",12
Low,2,Beginner,Back Pain,Back Pain Relief,Sedentary,"Walking, Modified Cat Cow",2
High,3,Intermediate,Gestational Diabetes,Weight Control,Moderately Active,"Stationary Cycling, Kegels",14
Low,1,Intermediate,None,None,Moderately Active,"Walking, Stationary Cycling",25
Low,2,Advanced,Diastasis Recti,Core Strengthening,Very Active,"Supported V-Sits, Pelvic Floor Awareness",13
High,1,Beginner,None,Weight Control,Sedentary,"Walking, Pelvic Floor Awareness",20
Low,3,Intermediate,Pelvic Girdle Pain,Preparation for Labor,Moderately Active,"Squat and Rotate, 4-Point Kneel",9
Low,2,Beginner,None,None,Sedentary,"Seated Forward Bend, Brahamari Breath",8
High,3,Advanced,"Pelvic Floor Weakness, Back Pain",Preparation for Labor,Very Active,"Deep Squats, Perineal Massage",17
Low,1,Intermediate,Gestational Diabetes,Weight Control,Moderately Active,"Swimming, Light Weight Training",22
Low,2,Beginner,Diastasis Recti,Weight Control,Sedentary,"Stationary Cycling, Seated Forward Bend",5
High,1,Advanced,None,General Fitness,Very Active,"Dancing, Light Weight Training",18
Low,3,Intermediate,Back Pain,Back Pain Relief,Moderately Active,"Yoga, Modified Cat Cow",11
Low,2,Beginner,Pelvic Floor Weakness,Pelvic Floor Strengthening,Sedentary,"Kegels, Mini Squats, Glute Bridges",3
High,3,Intermediate,"Pelvic Girdle Pain, Gestational Diabetes",Preparation for Labor,Moderately Active,"Squat and Rotate, 4-Point Kneel",9
Low,1,Beginner,None,Stress Relief,Sedentary,"Seated Forward Bend, Brahamari Breath",8
Low,2,Advanced,None,General Fitness,Very Active,"Modified Push-Ups, Tricep Dips",7
High,1,Intermediate,None,Weight Control,Moderately Active,"Walking, Swimming",1
Low,3,Beginner,Back Pain,Back Pain Relief,Sedentary,"Modified Cat Cow, Kegels",19
Low,2,Intermediate,Diastasis Recti,Preparation for Labor,Moderately Active,"Pelvic Floor Awareness, Supported Pigeon Pose",6
High,3,Advanced,"Pelvic Floor Weakness, Diastasis Recti",Core Strengthening,Very Active,"Supported V-Sits, Pelvic Floor Awareness",13
Low,1,Beginner,Gestational Diabetes,Weight Control,Sedentary,"Stationary Cycling, Seated Forward Bend",5
Low,2,Intermediate,None,Stress Relief,Moderately Active,"Pilates, Brahamari Breath",15
High,1,Advanced,Pelvic Girdle Pain,Back Pain Relief,Very Active,"Modified Side Plank, Psoas Stretch",21
Low,3,Beginner,Pelvic Floor Weakness,Pelvic Floor Strengthening,Sedentary,"Child's Pose, Kegels",12
Low,2,Beginner,None,None,Sedentary,"Walking, Stationary Cycling",25
High,3,Intermediate,"Back Pain, Gestational Diabetes",Back Pain Relief,Moderately Active,"Yoga, Modified Cat Cow",11
Low,1,Intermediate,Gestational Diabetes,Weight Control,Moderately Active,"Stationary Cycling, Kegels",14
Low,2,Advanced,None,General Fitness,Very Active,"Dancing, Light Weight Training",18
High,1,Beginner,None,None,Sedentary,"Walking, Seated Pelvic Awareness",20
Low,3,Intermediate,Pelvic Girdle Pain,Preparation for Labor,Moderately Active,"Squat and Rotate, 4-Point Kneel",9
Low,2,Beginner,Back Pain,Back Pain Relief,Sedentary,"Walking, Modified Cat Cow",2
High,3,Advanced,"Diastasis Recti, Pelvic Floor Weakness",Core Strengthening,Very Active,"Supported V-Sits, Pelvic Floor Awareness",13
Low,1,Intermediate,None,Stress Relief,Moderately Active,"Pilates, Brahamari Breath",15
Low,2,Beginner,Diastasis Recti,Weight Control,Sedentary,"Stationary Cycling, Seated Forward Bend",5
High,3,Intermediate,"Pelvic Girdle Pain, Back Pain",Back Pain Relief,Moderately Active,"Yoga, Supported Pigeon Pose",24
Low,1,Advanced,None,General Fitness,Very Active,"Modified Push-Ups, Tricep Dips",7
Low,2,Intermediate,Pelvic Floor Weakness,Preparation for Labor,Moderately Active,"Kegels, Mini Squats, Glute Bridges",3
High,1,Beginner,None,Weight Control,Sedentary,"Walking, Swimming",1
Low,3,Beginner,Gestational Diabetes,Weight Control,Sedentary,"Stationary Cycling, Kegels",14
Low,2,Advanced,None,Stress Relief,Very Active,"Yoga, Brahamari Breath",4
High,3,Intermediate,"Back Pain, Pelvic Floor Weakness",Back Pain Relief,Moderately Active,"Yoga, Modified Cat Cow",11
Low,1,Beginner,None,None,Sedentary,"Seated Forward Bend, Brahamari Breath",8
Low,2,Intermediate,Diastasis Recti,Preparation for Labor,Moderately Active,"Pelvic Floor Awareness, Supported Pigeon Pose",6
High,1,Advanced,Pelvic Girdle Pain,Back Pain Relief,Very Active,"Modified Side Plank, Psoas Stretch",21
Low,3,Beginner,Pelvic Floor Weakness,Pelvic Floor Strengthening,Sedentary,"Child's Pose, Kegels",12
Low,2,Beginner,Back Pain,Back Pain Relief,Sedentary,"Walking, Modified Cat Cow",2
High,3,Intermediate,Gestational Diabetes,Weight Control,Moderately Active,"Stationary Cycling, Kegels",14
Low,1,Intermediate,None,None,Moderately Active,"Walking, Stationary Cycling",25
Low,2,Advanced,Diastasis Recti,Core Strengthening,Very Active,"Supported V-Sits, Pelvic Floor Awareness",13
High,1,Beginner,None,Weight Control,Sedentary,"Walking, Pelvic Floor Awareness",20
Low,3,Intermediate,Pelvic Girdle Pain,Preparation for Labor,Moderately Active,"Squat and Rotate, 4-Point Kneel",9
Low,2,Beginner,None,None,Sedentary,"Seated Forward Bend, Brahamari Breath",8
High,3,Advanced,"Pelvic Floor Weakness, Back Pain",Preparation for Labor,Very Active,"Deep Squats, Perineal Massage",17
Low,1,Intermediate,Gestational Diabetes,Weight Control,Moderately Active,"Swimming, Light Weight Training",22
Low,2,Beginner,Diastasis Recti,Weight Control,Sedentary,"Stationary Cycling, Seated Forward Bend",5
High,1,Advanced,None,General Fitness,Very Active,"Dancing, Light Weight Training",18
Low,3,Intermediate,Back Pain,Back Pain Relief,Moderately Active,"Yoga, Modified Cat Cow",11
Low,2,Beginner,Pelvic Floor Weakness,Pelvic Floor Strengthening,Sedentary,"Kegels, Mini Squats, Glute Bridges",3
High,3,Intermediate,"Pelvic Girdle Pain, Gestational Diabetes",Preparation for Labor,Moderately Active,"Squat and Rotate, 4-Point Kneel",9
Low,1,Beginner,None,Stress Relief,Sedentary,"Seated Forward Bend, Brahamari Breath",8
Low,2,Advanced,None,General Fitness,Very Active,"Modified Push-Ups, Tricep Dips",7
High,1,Intermediate,None,Weight Control,Moderately Active,"Walking, Swimming",1
Low,3,Beginner,Back Pain,Back Pain Relief,Sedentary,"Modified Cat Cow, Kegels",19
Low,2,Intermediate,Diastasis Recti,Preparation for Labor,Moderately Active,"Pelvic Floor Awareness, Supported Pigeon Pose",6
High,3,Advanced,"Pelvic Floor Weakness, Diastasis Recti",Core Strengthening,Very Active,"Supported V-Sits, Pelvic Floor Awareness",13
Low,1,Beginner,Gestational Diabetes,Weight Control,Sedentary,"Stationary Cycling, Seated Forward Bend",5
Low,2,Intermediate,None,Stress Relief,Moderately Active,"Pilates, Brahamari Breath",15
High,1,Advanced,Pelvic Girdle Pain,Back Pain Relief,Very Active,"Modified Side Plank, Psoas Stretch",21
Low,3,Beginner,Pelvic Floor Weakness,Pelvic Floor Strengthening,Sedentary,"Child's Pose, Kegels",12
Low,2,Beginner,None,None,Sedentary,"Walking, Stationary Cycling",25
High,3,Intermediate,"Back Pain, Gestational Diabetes",Back Pain Relief,Moderately Active,"Yoga, Modified Cat Cow",11
Low,1,Intermediate,Gestational Diabetes,Weight Control,Moderately Active,"Stationary Cycling, Kegels",14
Low,2,Advanced,None,General Fitness,Very Active,"Dancing, Light Weight Training",18
High,1,Beginner,None,None,Sedentary,"Walking, Seated Pelvic Awareness",20
Low,3,Intermediate,Pelvic Girdle Pain,Preparation for Labor,Moderately Active,"Squat and Rotate, 4-Point Kneel",9
Low,2,Beginner,Back Pain,Back Pain Relief,Sedentary,"Walking, Modified Cat Cow",2
High,3,Advanced,"Diastasis Recti, Pelvic Floor Weakness",Core Strengthening,Very Active,"Supported V-Sits, Pelvic Floor Awareness",13
Low,1,Intermediate,None,Stress Relief,Moderately Active,"Pilates, Brahamari Breath",15
Low,2,Beginner,Diastasis Recti,Weight Control,Sedentary,"Stationary Cycling, Seated Forward Bend",5
High,3,Intermediate,"Pelvic Girdle Pain, Back Pain",Back Pain Relief,Moderately Active,"Yoga, Supported Pigeon Pose",24
Low,1,Advanced,None,General Fitness,Very Active,"Modified Push-Ups, Tricep Dips",7
Low,2,Intermediate,Pelvic Floor Weakness,Preparation for Labor,Moderately Active,"Kegels, Mini Squats, Glute Bridges",3
High,1,Beginner,None,Weight Control,Sedentary,"Walking, Swimming",1
Low,3,Beginner,Gestational Diabetes,Weight Control,Sedentary,"Stationary Cycling, Kegels",14
Low,2,Advanced,None,Stress Relief,Very Active,"Yoga, Brahamari Breath",4
High,3,Intermediate,"Back Pain, Pelvic Floor Weakness",Back Pain Relief,Moderately Active,"Yoga, Modified Cat Cow",11
Low,1,Beginner,None,None,Sedentary,"Seated Forward Bend, Brahamari Breath",8
Low,2,Intermediate,Diastasis Recti,Preparation for Labor,Moderately Active,"Pelvic Floor Awareness, Supported Pigeon Pose",6
High,1,Advanced,Pelvic Girdle Pain,Back Pain Relief,Very Active,"Modified Side Plank, Psoas Stretch",21
Low,3,Beginner,Pelvic Floor Weakness,Pelvic Floor Strengthening,Sedentary,"Child's Pose, Kegels",12
Low,2,Beginner,Back Pain,Back Pain Relief,Sedentary,"Walking, Modified Cat Cow",2
High,3,Intermediate,Gestational Diabetes,Weight Control,Moderately Active,"Stationary Cycling, Kegels",14
Low,1,Intermediate,None,None,Moderately Active,"Walking, Stationary Cycling",25
Low,2,Advanced,Diastasis Recti,Core Strengthening,Very Active,"Supported V-Sits, Pelvic Floor Awareness",13
High,1,Beginner,None,Weight Control,Sedentary,"Walking, Pelvic Floor Awareness",20
Low,3,Intermediate,Pelvic Girdle Pain,Preparation for Labor,Moderately Active,"Squat and Rotate, 4-Point Kneel",9
Low,2,Beginner,None,None,Sedentary,"Seated Forward Bend, Brahamari Breath",8
High,3,Advanced,"Pelvic Floor Weakness, Back Pain",Preparation for Labor,Very Active,"Deep Squats, Perineal Massage",17
Low,1,Intermediate,Gestational Diabetes,Weight Control,Moderately Active,"Swimming, Light Weight Training",22
Low,2,Beginner,Diastasis Recti,Weight Control,Sedentary,"Stationary Cycling, Seated Forward Bend",5
High,1,Advanced,None,General Fitness,Very Active,"Dancing, Light Weight Training",18
Low,3,Intermediate,Back Pain,Back Pain Relief,Moderately Active,"Yoga, Modified Cat Cow",11
