Category,Trimester,Age,BMI_Category,Ethnicity,Dietary_Preference,Diabetes,High_BP,Anemia,Allergies
6,T1,18,Underweight,Sinhala,Any,No,No,No,None
4,T1,18,Underweight,Sinhala,Any,No,No,Yes,None
3,T1,19,Underweight,Sinhala,Any,No,Yes,No,None
1,T1,19,Underweight,Sinhala,Any,No,Yes,Yes,None
2,T1,19,Underweight,Sinhala,Any,Yes,No,No,None
1,T1,19,Underweight,Sinhala,Any,Yes,No,Yes,None
1,T1,18,Underweight,Sinhala,Any,Yes,Yes,No,None
1,T1,19,Underweight,Sinhala,Any,Yes,Yes,Yes,None
5,T1,19,Underweight,Sinhala,Any,No,No,No,Shellfish
4,T1,19,Underweight,Sinhala,Any,No,No,Yes,Shellfish
3,T1,19,Underweight,Sinhala,Any,No,Yes,No,Shellfish
1,T1,19,Underweight,Sinhala,Any,No,Yes,Yes,Shellfish
2,T1,19,Underweight,Sinhala,Any,Yes,No,No,Shellfish
1,T1,18,Underweight,Sinhala,Any,Yes,No,Yes,Shellfish
1,T1,19,Underweight,Sinhala,Any,Yes,Yes,No,Shellfish
1,T1,18,Underweight,Sinhala,Any,Yes,Yes,Yes,Shellfish
5,T1,19,Underweight,Sinhala,Any,No,No,No,Red meat
4,T1,19,Underweight,Sinhala,Any,No,No,Yes,Red meat
3,T1,18,Underweight,Sinhala,Any,No,Yes,No,Red meat
1,T1,19,Underweight,Sinhala,Any,No,Yes,Yes,Red meat
2,T1,18,Underweight,Sinhala,Any,Yes,No,No,Red meat
1,T1,18,Underweight,Sinhala,Any,Yes,No,Yes,Red meat
1,T1,19,Underweight,Sinhala,Any,Yes,Yes,No,Red meat
1,T1,19,Underweight,Sinhala,Any,Yes,Yes,Yes,Red meat
6,T1,19,Underweight,Sinhala,Vegetarian,No,No,No,None
4,T1,18,Underweight,Sinhala,Vegetarian,No,No,Yes,None
3,T1,19,Underweight,Sinhala,Vegetarian,No,Yes,No,None
1,T1,18,Underweight,Sinhala,Vegetarian,No,Yes,Yes,None
2,T1,19,Underweight,Sinhala,Vegetarian,Yes,No,No,None
1,T1,18,Underweight,Sinhala,Vegetarian,Yes,No,Yes,None
1,T1,18,Underweight,Sinhala,Vegetarian,Yes,Yes,No,None
1,T1,18,Underweight,Sinhala,Vegetarian,Yes,Yes,Yes,None
5,T1,19,Underweight,Sinhala,Vegetarian,No,No,No,Shellfish
4,T1,19,Underweight,Sinhala,Vegetarian,No,No,Yes,Shellfish
3,T1,19,Underweight,Sinhala,Vegetarian,No,Yes,No,Shellfish
1,T1,18,Underweight,Sinhala,Vegetarian,No,Yes,Yes,Shellfish
2,T1,18,Underweight,Sinhala,Vegetarian,Yes,No,No,Shellfish
1,T1,18,Underweight,Sinhala,Vegetarian,Yes,No,Yes,Shellfish
1,T1,18,Underweight,Sinhala,Vegetarian,Yes,Yes,No,Shellfish
1,T1,19,Underweight,Sinhala,Vegetarian,Yes,Yes,Yes,Shellfish
5,T1,18,Underweight,Sinhala,Vegetarian,No,No,No,Red meat
4,T1,19,Underweight,Sinhala,Vegetarian,No,No,Yes,Red meat
3,T1,18,Underweight,Sinhala,Vegetarian,No,Yes,No,Red meat
1,T1,18,Underweight,Sinhala,Vegetarian,No,Yes,Yes,Red meat
2,T1,18,Underweight,Sinhala,Vegetarian,Yes,No,No,Red meat
1,T1,18,Underweight,Sinhala,Vegetarian,Yes,No,Yes,Red meat
1,T1,19,Underweight,Sinhala,Vegetarian,Yes,Yes,No,Red meat
1,T1,19,Underweight,Sinhala,Vegetarian,Yes,Yes,Yes,Red meat
6,T1,19,Underweight,Tamil,Any,No,No,No,None
4,T1,18,Underweight,Tamil,Any,No,No,Yes,None
3,T1,19,Underweight,Tamil,Any,No,Yes,No,None
1,T1,18,Underweight,Tamil,Any,No,Yes,Yes,None
2,T1,18,Underweight,Tamil,Any,Yes,No,No,None
1,T1,18,Underweight,Tamil,Any,Yes,No,Yes,None
1,T1,18,Underweight,Tamil,Any,Yes,Yes,No,None
1,T1,18,Underweight,Tamil,Any,Yes,Yes,Yes,None
5,T1,19,Underweight,Tamil,Any,No,No,No,Shellfish
4,T1,19,Underweight,Tamil,Any,No,No,Yes,Shellfish
3,T1,19,Underweight,Tamil,Any,No,Yes,No,Shellfish
1,T1,19,Underweight,Tamil,Any,No,Yes,Yes,Shellfish
2,T1,18,Underweight,Tamil,Any,Yes,No,No,Shellfish
1,T1,19,Underweight,Tamil,Any,Yes,No,Yes,Shellfish
1,T1,19,Underweight,Tamil,Any,Yes,Yes,No,Shellfish
1,T1,19,Underweight,Tamil,Any,Yes,Yes,Yes,Shellfish
5,T1,18,Underweight,Tamil,Any,No,No,No,Red meat
4,T1,18,Underweight,Tamil,Any,No,No,Yes,Red meat
3,T1,18,Underweight,Tamil,Any,No,Yes,No,Red meat
1,T1,18,Underweight,Tamil,Any,No,Yes,Yes,Red meat
2,T1,18,Underweight,Tamil,Any,Yes,No,No,Red meat
1,T1,18,Underweight,Tamil,Any,Yes,No,Yes,Red meat
1,T1,18,Underweight,Tamil,Any,Yes,Yes,No,Red meat
1,T1,18,Underweight,Tamil,Any,Yes,Yes,Yes,Red meat
6,T1,19,Underweight,Tamil,Vegetarian,No,No,No,None
4,T1,18,Underweight,Tamil,Vegetarian,No,No,Yes,None
3,T1,19,Underweight,Tamil,Vegetarian,No,Yes,No,None
1,T1,19,Underweight,Tamil,Vegetarian,No,Yes,Yes,None
2,T1,18,Underweight,Tamil,Vegetarian,Yes,No,No,None
1,T1,18,Underweight,Tamil,Vegetarian,Yes,No,Yes,None
1,T1,18,Underweight,Tamil,Vegetarian,Yes,Yes,No,None
1,T1,19,Underweight,Tamil,Vegetarian,Yes,Yes,Yes,None
5,T1,19,Underweight,Tamil,Vegetarian,No,No,No,Shellfish
4,T1,19,Underweight,Tamil,Vegetarian,No,No,Yes,Shellfish
3,T1,18,Underweight,Tamil,Vegetarian,No,Yes,No,Shellfish
1,T1,18,Underweight,Tamil,Vegetarian,No,Yes,Yes,Shellfish
2,T1,18,Underweight,Tamil,Vegetarian,Yes,No,No,Shellfish
1,T1,18,Underweight,Tamil,Vegetarian,Yes,No,Yes,Shellfish
1,T1,18,Underweight,Tamil,Vegetarian,Yes,Yes,No,Shellfish
1,T1,18,Underweight,Tamil,Vegetarian,Yes,Yes,Yes,Shellfish
5,T1,18,Underweight,Tamil,Vegetarian,No,No,No,Red meat
4,T1,19,Underweight,Tamil,Vegetarian,No,No,Yes,Red meat
3,T1,18,Underweight,Tamil,Vegetarian,No,Yes,No,Red meat
1,T1,19,Underweight,Tamil,Vegetarian,No,Yes,Yes,Red meat
2,T1,19,Underweight,Tamil,Vegetarian,Yes,No,No,Red meat
1,T1,19,Underweight,Tamil,Vegetarian,Yes,No,Yes,Red meat
1,T1,18,Underweight,Tamil,Vegetarian,Yes,Yes,No,Red meat
1,T1,19,Underweight,Tamil,Vegetarian,Yes,Yes,Yes,Red meat
6,T1,18,Underweight,Muslim,Any,No,No,No,None
4,T1,18,Underweight,Muslim,Any,No,No,Yes,None
3,T1,18,Underweight,Muslim,Any,No,Yes,No,None
1,T1,19,Underweight,Muslim,Any,No,Yes,Yes,None
2,T1,18,Underweight,Muslim,Any,Yes,No,No,None
1,T1,19,Underweight,Muslim,Any,Yes,No,Yes,None
1,T1,18,Underweight,Muslim,Any,Yes,Yes,No,None
1,T1,18,Underweight,Muslim,Any,Yes,Yes,Yes,None
5,T1,18,Underweight,Muslim,Any,No,No,No,Shellfish
4,T1,18,Underweight,Muslim,Any,No,No,Yes,Shellfish
3,T1,19,Underweight,Muslim,Any,No,Yes,No,Shellfish
1,T1,19,Underweight,Muslim,Any,No,Yes,Yes,Shellfish
2,T1,19,Underweight,Muslim,Any,Yes,No,No,Shellfish
1,T1,19,Underweight,Muslim,Any,Yes,No,Yes,Shellfish
1,T1,18,Underweight,Muslim,Any,Yes,Yes,No,Shellfish
1,T1,19,Underweight,Muslim,Any,Yes,Yes,Yes,Shellfish
5,T1,18,Underweight,Muslim,Any,No,No,No,Red meat
4,T1,18,Underweight,Muslim,Any,No,No,Yes,Red meat
3,T1,19,Underweight,Muslim,Any,No,Yes,No,Red meat
1,T1,18,Underweight,Muslim,Any,No,Yes,Yes,Red meat
2,T1,18,Underweight,Muslim,Any,Yes,No,No,Red meat
1,T1,19,Underweight,Muslim,Any,Yes,No,Yes,Red meat
1,T1,19,Underweight,Muslim,Any,Yes,Yes,No,Red meat
1,T1,19,Underweight,Muslim,Any,Yes,Yes,Yes,Red meat
6,T1,19,Underweight,Muslim,Vegetarian,No,No,No,None
4,T1,18,Underweight,Muslim,Vegetarian,No,No,Yes,None
3,T1,18,Underweight,Muslim,Vegetarian,No,Yes,No,None
1,T1,18,Underweight,Muslim,Vegetarian,No,Yes,Yes,None
2,T1,18,Underweight,Muslim,Vegetarian,Yes,No,No,None
1,T1,18,Underweight,Muslim,Vegetarian,Yes,No,Yes,None
1,T1,19,Underweight,Muslim,Vegetarian,Yes,Yes,No,None
1,T1,19,Underweight,Muslim,Vegetarian,Yes,Yes,Yes,None
5,T1,18,Underweight,Muslim,Vegetarian,No,No,No,Shellfish
4,T1,19,Underweight,Muslim,Vegetarian,No,No,Yes,Shellfish
3,T1,19,Underweight,Muslim,Vegetarian,No,Yes,No,Shellfish
1,T1,19,Underweight,Muslim,Vegetarian,No,Yes,Yes,Shellfish
2,T1,19,Underweight,Muslim,Vegetarian,Yes,No,No,Shellfish
1,T1,19,Underweight,Muslim,Vegetarian,Yes,No,Yes,Shellfish
1,T1,19,Underweight,Muslim,Vegetarian,Yes,Yes,No,Shellfish
1,T1,19,Underweight,Muslim,Vegetarian,Yes,Yes,Yes,Shellfish
5,T1,19,Underweight,Muslim,Vegetarian,No,No,No,Red meat
4,T1,18,Underweight,Muslim,Vegetarian,No,No,Yes,Red meat
3,T1,18,Underweight,Muslim,Vegetarian,No,Yes,No,Red meat
1,T1,18,Underweight,Muslim,Vegetarian,No,Yes,Yes,Red meat
2,T1,18,Underweight,Muslim,Vegetarian,Yes,No,No,Red meat
1,T1,18,Underweight,Muslim,Vegetarian,Yes,No,Yes,Red meat
1,T1,18,Underweight,Muslim,Vegetarian,Yes,Yes,No,Red meat
1,T1,19,Underweight,Muslim,Vegetarian,Yes,Yes,Yes,Red meat
8,T1,19,Normal,Sinhala,Any,No,No,No,None
4,T1,18,Normal,Sinhala,Any,No,No,Yes,None
3,T1,18,Normal,Sinhala,Any,No,Yes,No,None
1,T1,19,Normal,Sinhala,Any,No,Yes,Yes,None
2,T1,19,Normal,Sinhala,Any,Yes,No,No,None
1,T1,19,Normal,Sinhala,Any,Yes,No,Yes,None
1,T1,18,Normal,Sinhala,Any,Yes,Yes,No,None
1,T1,18,Normal,Sinhala,Any,Yes,Yes,Yes,None
5,T1,18,Normal,Sinhala,Any,No,No,No,Shellfish
4,T1,19,Normal,Sinhala,Any,No,No,Yes,Shellfish
3,T1,19,Normal,Sinhala,Any,No,Yes,No,Shellfish
1,T1,18,Normal,Sinhala,Any,No,Yes,Yes,Shellfish
2,T1,18,Normal,Sinhala,Any,Yes,No,No,Shellfish
1,T1,19,Normal,Sinhala,Any,Yes,No,Yes,Shellfish
1,T1,18,Normal,Sinhala,Any,Yes,Yes,No,Shellfish
1,T1,18,Normal,Sinhala,Any,Yes,Yes,Yes,Shellfish
5,T1,18,Normal,Sinhala,Any,No,No,No,Red meat
4,T1,19,Normal,Sinhala,Any,No,No,Yes,Red meat
3,T1,18,Normal,Sinhala,Any,No,Yes,No,Red meat
1,T1,18,Normal,Sinhala,Any,No,Yes,Yes,Red meat
2,T1,18,Normal,Sinhala,Any,Yes,No,No,Red meat
1,T1,18,Normal,Sinhala,Any,Yes,No,Yes,Red meat
1,T1,18,Normal,Sinhala,Any,Yes,Yes,No,Red meat
1,T1,19,Normal,Sinhala,Any,Yes,Yes,Yes,Red meat
9,T1,18,Normal,Sinhala,Vegetarian,No,No,No,None
4,T1,18,Normal,Sinhala,Vegetarian,No,No,Yes,None
3,T1,18,Normal,Sinhala,Vegetarian,No,Yes,No,None
1,T1,18,Normal,Sinhala,Vegetarian,No,Yes,Yes,None
2,T1,19,Normal,Sinhala,Vegetarian,Yes,No,No,None
1,T1,19,Normal,Sinhala,Vegetarian,Yes,No,Yes,None
1,T1,19,Normal,Sinhala,Vegetarian,Yes,Yes,No,None
1,T1,18,Normal,Sinhala,Vegetarian,Yes,Yes,Yes,None
5,T1,19,Normal,Sinhala,Vegetarian,No,No,No,Shellfish
4,T1,19,Normal,Sinhala,Vegetarian,No,No,Yes,Shellfish
3,T1,18,Normal,Sinhala,Vegetarian,No,Yes,No,Shellfish
1,T1,18,Normal,Sinhala,Vegetarian,No,Yes,Yes,Shellfish
2,T1,19,Normal,Sinhala,Vegetarian,Yes,No,No,Shellfish
1,T1,19,Normal,Sinhala,Vegetarian,Yes,No,Yes,Shellfish
1,T1,18,Normal,Sinhala,Vegetarian,Yes,Yes,No,Shellfish
1,T1,18,Normal,Sinhala,Vegetarian,Yes,Yes,Yes,Shellfish
5,T1,18,Normal,Sinhala,Vegetarian,No,No,No,Red meat
4,T1,18,Normal,Sinhala,Vegetarian,No,No,Yes,Red meat
3,T1,19,Normal,Sinhala,Vegetarian,No,Yes,No,Red meat
1,T1,18,Normal,Sinhala,Vegetarian,No,Yes,Yes,Red meat
2,T1,19,Normal,Sinhala,Vegetarian,Yes,No,No,Red meat
1,T1,19,Normal,Sinhala,Vegetarian,Yes,No,Yes,Red meat
1,T1,18,Normal,Sinhala,Vegetarian,Yes,Yes,No,Red meat
1,T1,19,Normal,Sinhala,Vegetarian,Yes,Yes,Yes,Red meat
8,T1,19,Normal,Tamil,Any,No,No,No,None
4,T1,19,Normal,Tamil,Any,No,No,Yes,None
3,T1,19,Normal,Tamil,Any,No,Yes,No,None
1,T1,19,Normal,Tamil,Any,No,Yes,Yes,None
2,T1,18,Normal,Tamil,Any,Yes,No,No,None
1,T1,19,Normal,Tamil,Any,Yes,No,Yes,None
1,T1,19,Normal,Tamil,Any,Yes,Yes,No,None
1,T1,18,Normal,Tamil,Any,Yes,Yes,Yes,None
5,T1,18,Normal,Tamil,Any,No,No,No,Shellfish
4,T1,18,Normal,Tamil,Any,No,No,Yes,Shellfish
3,T1,19,Normal,Tamil,Any,No,Yes,No,Shellfish
1,T1,19,Normal,Tamil,Any,No,Yes,Yes,Shellfish
2,T1,18,Normal,Tamil,Any,Yes,No,No,Shellfish
1,T1,18,Normal,Tamil,Any,Yes,No,Yes,Shellfish
1,T1,18,Normal,Tamil,Any,Yes,Yes,No,Shellfish
1,T1,18,Normal,Tamil,Any,Yes,Yes,Yes,Shellfish
5,T1,18,Normal,Tamil,Any,No,No,No,Red meat
4,T1,19,Normal,Tamil,Any,No,No,Yes,Red meat
3,T1,18,Normal,Tamil,Any,No,Yes,No,Red meat
1,T1,18,Normal,Tamil,Any,No,Yes,Yes,Red meat
2,T1,19,Normal,Tamil,Any,Yes,No,No,Red meat
1,T1,18,Normal,Tamil,Any,Yes,No,Yes,Red meat
1,T1,18,Normal,Tamil,Any,Yes,Yes,No,Red meat
1,T1,19,Normal,Tamil,Any,Yes,Yes,Yes,Red meat
9,T1,18,Normal,Tamil,Vegetarian,No,No,No,None
4,T1,19,Normal,Tamil,Vegetarian,No,No,Yes,None
3,T1,18,Normal,Tamil,Vegetarian,No,Yes,No,None
1,T1,19,Normal,Tamil,Vegetarian,No,Yes,Yes,None
2,T1,19,Normal,Tamil,Vegetarian,Yes,No,No,None
1,T1,18,Normal,Tamil,Vegetarian,Yes,No,Yes,None
1,T1,18,Normal,Tamil,Vegetarian,Yes,Yes,No,None
1,T1,18,Normal,Tamil,Vegetarian,Yes,Yes,Yes,None
5,T1,19,Normal,Tamil,Vegetarian,No,No,No,Shellfish
4,T1,19,Normal,Tamil,Vegetarian,No,No,Yes,Shellfish
3,T1,18,Normal,Tamil,Vegetarian,No,Yes,No,Shellfish
1,T1,18,Normal,Tamil,Vegetarian,No,Yes,Yes,Shellfish
2,T1,19,Normal,Tamil,Vegetarian,Yes,No,No,Shellfish
1,T1,18,Normal,Tamil,Vegetarian,Yes,No,Yes,Shellfish
1,T1,19,Normal,Tamil,Vegetarian,Yes,Yes,No,Shellfish
1,T1,18,Normal,Tamil,Vegetarian,Yes,Yes,Yes,Shellfish
5,T1,19,Normal,Tamil,Vegetarian,No,No,No,Red meat
4,T1,18,Normal,Tamil,Vegetarian,No,No,Yes,Red meat
3,T1,19,Normal,Tamil,Vegetarian,No,Yes,No,Red meat
1,T1,19,Normal,Tamil,Vegetarian,No,Yes,Yes,Red meat
2,T1,18,Normal,Tamil,Vegetarian,Yes,No,No,Red meat
1,T1,19,Normal,Tamil,Vegetarian,Yes,No,Yes,Red meat
1,T1,19,Normal,Tamil,Vegetarian,Yes,Yes,No,Red meat
1,T1,19,Normal,Tamil,Vegetarian,Yes,Yes,Yes,Red meat
8,T1,18,Normal,Muslim,Any,No,No,No,None
4,T1,18,Normal,Muslim,Any,No,No,Yes,None
3,T1,18,Normal,Muslim,Any,No,Yes,No,None
1,T1,19,Normal,Muslim,Any,No,Yes,Yes,None
2,T1,18,Normal,Muslim,Any,Yes,No,No,None
1,T1,18,Normal,Muslim,Any,Yes,No,Yes,None
1,T1,18,Normal,Muslim,Any,Yes,Yes,No,None
1,T1,18,Normal,Muslim,Any,Yes,Yes,Yes,None
5,T1,18,Normal,Muslim,Any,No,No,No,Shellfish
4,T1,18,Normal,Muslim,Any,No,No,Yes,Shellfish
3,T1,19,Normal,Muslim,Any,No,Yes,No,Shellfish
1,T1,18,Normal,Muslim,Any,No,Yes,Yes,Shellfish
2,T1,19,Normal,Muslim,Any,Yes,No,No,Shellfish
1,T1,19,Normal,Muslim,Any,Yes,No,Yes,Shellfish
1,T1,19,Normal,Muslim,Any,Yes,Yes,No,Shellfish
1,T1,19,Normal,Muslim,Any,Yes,Yes,Yes,Shellfish
5,T1,18,Normal,Muslim,Any,No,No,No,Red meat
4,T1,19,Normal,Muslim,Any,No,No,Yes,Red meat
3,T1,18,Normal,Muslim,Any,No,Yes,No,Red meat
1,T1,19,Normal,Muslim,Any,No,Yes,Yes,Red meat
2,T1,18,Normal,Muslim,Any,Yes,No,No,Red meat
1,T1,19,Normal,Muslim,Any,Yes,No,Yes,Red meat
1,T1,18,Normal,Muslim,Any,Yes,Yes,No,Red meat
1,T1,19,Normal,Muslim,Any,Yes,Yes,Yes,Red meat
9,T1,19,Normal,Muslim,Vegetarian,No,No,No,None
4,T1,19,Normal,Muslim,Vegetarian,No,No,Yes,None
3,T1,19,Normal,Muslim,Vegetarian,No,Yes,No,None
1,T1,19,Normal,Muslim,Vegetarian,No,Yes,Yes,None
2,T1,19,Normal,Muslim,Vegetarian,Yes,No,No,None
1,T1,19,Normal,Muslim,Vegetarian,Yes,No,Yes,None
1,T1,18,Normal,Muslim,Vegetarian,Yes,Yes,No,None
1,T1,18,Normal,Muslim,Vegetarian,Yes,Yes,Yes,None
5,T1,18,Normal,Muslim,Vegetarian,No,No,No,Shellfish
4,T1,18,Normal,Muslim,Vegetarian,No,No,Yes,Shellfish
3,T1,19,Normal,Muslim,Vegetarian,No,Yes,No,Shellfish
1,T1,19,Normal,Muslim,Vegetarian,No,Yes,Yes,Shellfish
2,T1,19,Normal,Muslim,Vegetarian,Yes,No,No,Shellfish
1,T1,18,Normal,Muslim,Vegetarian,Yes,No,Yes,Shellfish
1,T1,18,Normal,Muslim,Vegetarian,Yes,Yes,No,Shellfish
1,T1,18,Normal,Muslim,Vegetarian,Yes,Yes,Yes,Shellfish
5,T1,19,Normal,Muslim,Vegetarian,No,No,No,Red meat
4,T1,18,Normal,Muslim,Vegetarian,No,No,Yes,Red meat
3,T1,18,Normal,Muslim,Vegetarian,No,Yes,No,Red meat
1,T1,19,Normal,Muslim,Vegetarian,No,Yes,Yes,Red meat
2,T1,18,Normal,Muslim,Vegetarian,Yes,No,No,Red meat
1,T1,18,Normal,Muslim,Vegetarian,Yes,No,Yes,Red meat
1,T1,18,Normal,Muslim,Vegetarian,Yes,Yes,No,Red meat
1,T1,19,Normal,Muslim,Vegetarian,Yes,Yes,Yes,Red meat
8,T1,18,Overweight,Sinhala,Any,No,No,No,None
4,T1,19,Overweight,Sinhala,Any,No,No,Yes,None
3,T1,18,Overweight,Sinhala,Any,No,Yes,No,None
1,T1,19,Overweight,Sinhala,Any,No,Yes,Yes,None
2,T1,19,Overweight,Sinhala,Any,Yes,No,No,None
1,T1,19,Overweight,Sinhala,Any,Yes,No,Yes,None
1,T1,19,Overweight,Sinhala,Any,Yes,Yes,No,None
1,T1,19,Overweight,Sinhala,Any,Yes,Yes,Yes,None
5,T1,18,Overweight,Sinhala,Any,No,No,No,Shellfish
4,T1,18,Overweight,Sinhala,Any,No,No,Yes,Shellfish
3,T1,19,Overweight,Sinhala,Any,No,Yes,No,Shellfish
1,T1,19,Overweight,Sinhala,Any,No,Yes,Yes,Shellfish
2,T1,18,Overweight,Sinhala,Any,Yes,No,No,Shellfish
1,T1,19,Overweight,Sinhala,Any,Yes,No,Yes,Shellfish
1,T1,19,Overweight,Sinhala,Any,Yes,Yes,No,Shellfish
1,T1,18,Overweight,Sinhala,Any,Yes,Yes,Yes,Shellfish
5,T1,18,Overweight,Sinhala,Any,No,No,No,Red meat
4,T1,18,Overweight,Sinhala,Any,No,No,Yes,Red meat
3,T1,19,Overweight,Sinhala,Any,No,Yes,No,Red meat
1,T1,19,Overweight,Sinhala,Any,No,Yes,Yes,Red meat
2,T1,19,Overweight,Sinhala,Any,Yes,No,No,Red meat
1,T1,19,Overweight,Sinhala,Any,Yes,No,Yes,Red meat
1,T1,18,Overweight,Sinhala,Any,Yes,Yes,No,Red meat
1,T1,19,Overweight,Sinhala,Any,Yes,Yes,Yes,Red meat
9,T1,18,Overweight,Sinhala,Vegetarian,No,No,No,None
4,T1,18,Overweight,Sinhala,Vegetarian,No,No,Yes,None
3,T1,18,Overweight,Sinhala,Vegetarian,No,Yes,No,None
1,T1,18,Overweight,Sinhala,Vegetarian,No,Yes,Yes,None
2,T1,19,Overweight,Sinhala,Vegetarian,Yes,No,No,None
1,T1,19,Overweight,Sinhala,Vegetarian,Yes,No,Yes,None
1,T1,18,Overweight,Sinhala,Vegetarian,Yes,Yes,No,None
1,T1,19,Overweight,Sinhala,Vegetarian,Yes,Yes,Yes,None
5,T1,19,Overweight,Sinhala,Vegetarian,No,No,No,Shellfish
4,T1,19,Overweight,Sinhala,Vegetarian,No,No,Yes,Shellfish
3,T1,19,Overweight,Sinhala,Vegetarian,No,Yes,No,Shellfish
1,T1,18,Overweight,Sinhala,Vegetarian,No,Yes,Yes,Shellfish
2,T1,19,Overweight,Sinhala,Vegetarian,Yes,No,No,Shellfish
1,T1,18,Overweight,Sinhala,Vegetarian,Yes,No,Yes,Shellfish
1,T1,19,Overweight,Sinhala,Vegetarian,Yes,Yes,No,Shellfish
1,T1,18,Overweight,Sinhala,Vegetarian,Yes,Yes,Yes,Shellfish
5,T1,19,Overweight,Sinhala,Vegetarian,No,No,No,Red meat
4,T1,19,Overweight,Sinhala,Vegetarian,No,No,Yes,Red meat
3,T1,19,Overweight,Sinhala,Vegetarian,No,Yes,No,Red meat
1,T1,19,Overweight,Sinhala,Vegetarian,No,Yes,Yes,Red meat
2,T1,18,Overweight,Sinhala,Vegetarian,Yes,No,No,Red meat
1,T1,18,Overweight,Sinhala,Vegetarian,Yes,No,Yes,Red meat
1,T1,19,Overweight,Sinhala,Vegetarian,Yes,Yes,No,Red meat
1,T1,18,Overweight,Sinhala,Vegetarian,Yes,Yes,Yes,Red meat
8,T1,19,Overweight,Tamil,Any,No,No,No,None
4,T1,19,Overweight,Tamil,Any,No,No,Yes,None
3,T1,18,Overweight,Tamil,Any,No,Yes,No,None
1,T1,19,Overweight,Tamil,Any,No,Yes,Yes,None
2,T1,18,Overweight,Tamil,Any,Yes,No,No,None
1,T1,19,Overweight,Tamil,Any,Yes,No,Yes,None
1,T1,18,Overweight,Tamil,Any,Yes,Yes,No,None
1,T1,19,Overweight,Tamil,Any,Yes,Yes,Yes,None
5,T1,19,Overweight,Tamil,Any,No,No,No,Shellfish
4,T1,18,Overweight,Tamil,Any,No,No,Yes,Shellfish
3,T1,18,Overweight,Tamil,Any,No,Yes,No,Shellfish
1,T1,18,Overweight,Tamil,Any,No,Yes,Yes,Shellfish
2,T1,19,Overweight,Tamil,Any,Yes,No,No,Shellfish
1,T1,18,Overweight,Tamil,Any,Yes,No,Yes,Shellfish
1,T1,18,Overweight,Tamil,Any,Yes,Yes,No,Shellfish
1,T1,19,Overweight,Tamil,Any,Yes,Yes,Yes,Shellfish
5,T1,19,Overweight,Tamil,Any,No,No,No,Red meat
4,T1,18,Overweight,Tamil,Any,No,No,Yes,Red meat
3,T1,19,Overweight,Tamil,Any,No,Yes,No,Red meat
1,T1,19,Overweight,Tamil,Any,No,Yes,Yes,Red meat
2,T1,18,Overweight,Tamil,Any,Yes,No,No,Red meat
1,T1,19,Overweight,Tamil,Any,Yes,No,Yes,Red meat
1,T1,18,Overweight,Tamil,Any,Yes,Yes,No,Red meat
1,T1,19,Overweight,Tamil,Any,Yes,Yes,Yes,Red meat
9,T1,19,Overweight,Tamil,Vegetarian,No,No,No,None
4,T1,19,Overweight,Tamil,Vegetarian,No,No,Yes,None
3,T1,19,Overweight,Tamil,Vegetarian,No,Yes,No,None
1,T1,19,Overweight,Tamil,Vegetarian,No,Yes,Yes,None
2,T1,18,Overweight,Tamil,Vegetarian,Yes,No,No,None
1,T1,19,Overweight,Tamil,Vegetarian,Yes,No,Yes,None
1,T1,18,Overweight,Tamil,Vegetarian,Yes,Yes,No,None
1,T1,19,Overweight,Tamil,Vegetarian,Yes,Yes,Yes,None
5,T1,18,Overweight,Tamil,Vegetarian,No,No,No,Shellfish
4,T1,18,Overweight,Tamil,Vegetarian,No,No,Yes,Shellfish
3,T1,18,Overweight,Tamil,Vegetarian,No,Yes,No,Shellfish
1,T1,18,Overweight,Tamil,Vegetarian,No,Yes,Yes,Shellfish
2,T1,18,Overweight,Tamil,Vegetarian,Yes,No,No,Shellfish
1,T1,18,Overweight,Tamil,Vegetarian,Yes,No,Yes,Shellfish
1,T1,18,Overweight,Tamil,Vegetarian,Yes,Yes,No,Shellfish
1,T1,19,Overweight,Tamil,Vegetarian,Yes,Yes,Yes,Shellfish
5,T1,18,Overweight,Tamil,Vegetarian,No,No,No,Red meat
4,T1,18,Overweight,Tamil,Vegetarian,No,No,Yes,Red meat
3,T1,19,Overweight,Tamil,Vegetarian,No,Yes,No,Red meat
1,T1,18,Overweight,Tamil,Vegetarian,No,Yes,Yes,Red meat
2,T1,19,Overweight,Tamil,Vegetarian,Yes,No,No,Red meat
1,T1,18,Overweight,Tamil,Vegetarian,Yes,No,Yes,Red meat
1,T1,18,Overweight,Tamil,Vegetarian,Yes,Yes,No,Red meat
1,T1,19,Overweight,Tamil,Vegetarian,Yes,Yes,Yes,Red meat
8,T1,19,Overweight,Muslim,Any,No,No,No,None
4,T1,19,Overweight,Muslim,Any,No,No,Yes,None
3,T1,18,Overweight,Muslim,Any,No,Yes,No,None
1,T1,18,Overweight,Muslim,Any,No,Yes,Yes,None
2,T1,18,Overweight,Muslim,Any,Yes,No,No,None
1,T1,18,Overweight,Muslim,Any,Yes,No,Yes,None
1,T1,19,Overweight,Muslim,Any,Yes,Yes,No,None
1,T1,19,Overweight,Muslim,Any,Yes,Yes,Yes,None
5,T1,18,Overweight,Muslim,Any,No,No,No,Shellfish
4,T1,18,Overweight,Muslim,Any,No,No,Yes,Shellfish
3,T1,19,Overweight,Muslim,Any,No,Yes,No,Shellfish
1,T1,19,Overweight,Muslim,Any,No,Yes,Yes,Shellfish
2,T1,19,Overweight,Muslim,Any,Yes,No,No,Shellfish
1,T1,19,Overweight,Muslim,Any,Yes,No,Yes,Shellfish
1,T1,19,Overweight,Muslim,Any,Yes,Yes,No,Shellfish
1,T1,18,Overweight,Muslim,Any,Yes,Yes,Yes,Shellfish
5,T1,19,Overweight,Muslim,Any,No,No,No,Red meat
4,T1,19,Overweight,Muslim,Any,No,No,Yes,Red meat
3,T1,18,Overweight,Muslim,Any,No,Yes,No,Red meat
1,T1,18,Overweight,Muslim,Any,No,Yes,Yes,Red meat
2,T1,19,Overweight,Muslim,Any,Yes,No,No,Red meat
1,T1,19,Overweight,Muslim,Any,Yes,No,Yes,Red meat
1,T1,19,Overweight,Muslim,Any,Yes,Yes,No,Red meat
1,T1,19,Overweight,Muslim,Any,Yes,Yes,Yes,Red meat
9,T1,18,Overweight,Muslim,Vegetarian,No,No,No,None
4,T1,19,Overweight,Muslim,Vegetarian,No,No,Yes,None
3,T1,18,Overweight,Muslim,Vegetarian,No,Yes,No,None
1,T1,18,Overweight,Muslim,Vegetarian,No,Yes,Yes,None
2,T1,19,Overweight,Muslim,Vegetarian,Yes,No,No,None
1,T1,19,Overweight,Muslim,Vegetarian,Yes,No,Yes,None
1,T1,19,Overweight,Muslim,Vegetarian,Yes,Yes,No,None
1,T1,19,Overweight,Muslim,Vegetarian,Yes,Yes,Yes,None
5,T1,18,Overweight,Muslim,Vegetarian,No,No,No,Shellfish
4,T1,18,Overweight,Muslim,Vegetarian,No,No,Yes,Shellfish
3,T1,18,Overweight,Muslim,Vegetarian,No,Yes,No,Shellfish
1,T1,19,Overweight,Muslim,Vegetarian,No,Yes,Yes,Shellfish
2,T1,19,Overweight,Muslim,Vegetarian,Yes,No,No,Shellfish
1,T1,18,Overweight,Muslim,Vegetarian,Yes,No,Yes,Shellfish
1,T1,18,Overweight,Muslim,Vegetarian,Yes,Yes,No,Shellfish
1,T1,19,Overweight,Muslim,Vegetarian,Yes,Yes,Yes,Shellfish
5,T1,18,Overweight,Muslim,Vegetarian,No,No,No,Red meat
4,T1,19,Overweight,Muslim,Vegetarian,No,No,Yes,Red meat
3,T1,18,Overweight,Muslim,Vegetarian,No,Yes,No,Red meat
1,T1,18,Overweight,Muslim,Vegetarian,No,Yes,Yes,Red meat
2,T1,18,Overweight,Muslim,Vegetarian,Yes,No,No,Red meat
1,T1,19,Overweight,Muslim,Vegetarian,Yes,No,Yes,Red meat
1,T1,19,Overweight,Muslim,Vegetarian,Yes,Yes,No,Red meat
1,T1,18,Overweight,Muslim,Vegetarian,Yes,Yes,Yes,Red meat
7,T1,19,Obese,Sinhala,Any,No,No,No,None
4,T1,18,Obese,Sinhala,Any,No,No,Yes,None
3,T1,18,Obese,Sinhala,Any,No,Yes,No,None
1,T1,18,Obese,Sinhala,Any,No,Yes,Yes,None
2,T1,18,Obese,Sinhala,Any,Yes,No,No,None
1,T1,18,Obese,Sinhala,Any,Yes,No,Yes,None
1,T1,18,Obese,Sinhala,Any,Yes,Yes,No,None
1,T1,18,Obese,Sinhala,Any,Yes,Yes,Yes,None
5,T1,19,Obese,Sinhala,Any,No,No,No,Shellfish
4,T1,19,Obese,Sinhala,Any,No,No,Yes,Shellfish
3,T1,18,Obese,Sinhala,Any,No,Yes,No,Shellfish
1,T1,19,Obese,Sinhala,Any,No,Yes,Yes,Shellfish
2,T1,18,Obese,Sinhala,Any,Yes,No,No,Shellfish
1,T1,18,Obese,Sinhala,Any,Yes,No,Yes,Shellfish
1,T1,19,Obese,Sinhala,Any,Yes,Yes,No,Shellfish
1,T1,18,Obese,Sinhala,Any,Yes,Yes,Yes,Shellfish
5,T1,19,Obese,Sinhala,Any,No,No,No,Red meat
4,T1,18,Obese,Sinhala,Any,No,No,Yes,Red meat
3,T1,19,Obese,Sinhala,Any,No,Yes,No,Red meat
1,T1,19,Obese,Sinhala,Any,No,Yes,Yes,Red meat
2,T1,19,Obese,Sinhala,Any,Yes,No,No,Red meat
1,T1,18,Obese,Sinhala,Any,Yes,No,Yes,Red meat
1,T1,18,Obese,Sinhala,Any,Yes,Yes,No,Red meat
1,T1,19,Obese,Sinhala,Any,Yes,Yes,Yes,Red meat
7,T1,19,Obese,Sinhala,Vegetarian,No,No,No,None
4,T1,18,Obese,Sinhala,Vegetarian,No,No,Yes,None
3,T1,18,Obese,Sinhala,Vegetarian,No,Yes,No,None
1,T1,18,Obese,Sinhala,Vegetarian,No,Yes,Yes,None
2,T1,19,Obese,Sinhala,Vegetarian,Yes,No,No,None
1,T1,19,Obese,Sinhala,Vegetarian,Yes,No,Yes,None
1,T1,19,Obese,Sinhala,Vegetarian,Yes,Yes,No,None
1,T1,18,Obese,Sinhala,Vegetarian,Yes,Yes,Yes,None
5,T1,19,Obese,Sinhala,Vegetarian,No,No,No,Shellfish
4,T1,18,Obese,Sinhala,Vegetarian,No,No,Yes,Shellfish
3,T1,19,Obese,Sinhala,Vegetarian,No,Yes,No,Shellfish
1,T1,19,Obese,Sinhala,Vegetarian,No,Yes,Yes,Shellfish
2,T1,19,Obese,Sinhala,Vegetarian,Yes,No,No,Shellfish
1,T1,18,Obese,Sinhala,Vegetarian,Yes,No,Yes,Shellfish
1,T1,19,Obese,Sinhala,Vegetarian,Yes,Yes,No,Shellfish
1,T1,19,Obese,Sinhala,Vegetarian,Yes,Yes,Yes,Shellfish
5,T1,18,Obese,Sinhala,Vegetarian,No,No,No,Red meat
4,T1,18,Obese,Sinhala,Vegetarian,No,No,Yes,Red meat
3,T1,19,Obese,Sinhala,Vegetarian,No,Yes,No,Red meat
1,T1,18,Obese,Sinhala,Vegetarian,No,Yes,Yes,Red meat
2,T1,18,Obese,Sinhala,Vegetarian,Yes,No,No,Red meat
1,T1,19,Obese,Sinhala,Vegetarian,Yes,No,Yes,Red meat
1,T1,19,Obese,Sinhala,Vegetarian,Yes,Yes,No,Red meat
1,T1,18,Obese,Sinhala,Vegetarian,Yes,Yes,Yes,Red meat
7,T1,18,Obese,Tamil,Any,No,No,No,None
4,T1,18,Obese,Tamil,Any,No,No,Yes,None
3,T1,18,Obese,Tamil,Any,No,Yes,No,None
1,T1,18,Obese,Tamil,Any,No,Yes,Yes,None
2,T1,19,Obese,Tamil,Any,Yes,No,No,None
1,T1,18,Obese,Tamil,Any,Yes,No,Yes,None
1,T1,19,Obese,Tamil,Any,Yes,Yes,No,None
1,T1,19,Obese,Tamil,Any,Yes,Yes,Yes,None
5,T1,19,Obese,Tamil,Any,No,No,No,Shellfish
4,T1,19,Obese,Tamil,Any,No,No,Yes,Shellfish
3,T1,18,Obese,Tamil,Any,No,Yes,No,Shellfish
1,T1,18,Obese,Tamil,Any,No,Yes,Yes,Shellfish
2,T1,19,Obese,Tamil,Any,Yes,No,No,Shellfish
1,T1,19,Obese,Tamil,Any,Yes,No,Yes,Shellfish
1,T1,19,Obese,Tamil,Any,Yes,Yes,No,Shellfish
1,T1,19,Obese,Tamil,Any,Yes,Yes,Yes,Shellfish
5,T1,18,Obese,Tamil,Any,No,No,No,Red meat
4,T1,18,Obese,Tamil,Any,No,No,Yes,Red meat
3,T1,19,Obese,Tamil,Any,No,Yes,No,Red meat
1,T1,18,Obese,Tamil,Any,No,Yes,Yes,Red meat
2,T1,19,Obese,Tamil,Any,Yes,No,No,Red meat
1,T1,18,Obese,Tamil,Any,Yes,No,Yes,Red meat
1,T1,18,Obese,Tamil,Any,Yes,Yes,No,Red meat
1,T1,18,Obese,Tamil,Any,Yes,Yes,Yes,Red meat
7,T1,18,Obese,Tamil,Vegetarian,No,No,No,None
4,T1,18,Obese,Tamil,Vegetarian,No,No,Yes,None
3,T1,18,Obese,Tamil,Vegetarian,No,Yes,No,None
1,T1,18,Obese,Tamil,Vegetarian,No,Yes,Yes,None
2,T1,18,Obese,Tamil,Vegetarian,Yes,No,No,None
1,T1,18,Obese,Tamil,Vegetarian,Yes,No,Yes,None
1,T1,18,Obese,Tamil,Vegetarian,Yes,Yes,No,None
1,T1,19,Obese,Tamil,Vegetarian,Yes,Yes,Yes,None
5,T1,19,Obese,Tamil,Vegetarian,No,No,No,Shellfish
4,T1,18,Obese,Tamil,Vegetarian,No,No,Yes,Shellfish
3,T1,19,Obese,Tamil,Vegetarian,No,Yes,No,Shellfish
1,T1,19,Obese,Tamil,Vegetarian,No,Yes,Yes,Shellfish
2,T1,18,Obese,Tamil,Vegetarian,Yes,No,No,Shellfish
1,T1,18,Obese,Tamil,Vegetarian,Yes,No,Yes,Shellfish
1,T1,18,Obese,Tamil,Vegetarian,Yes,Yes,No,Shellfish
1,T1,18,Obese,Tamil,Vegetarian,Yes,Yes,Yes,Shellfish
5,T1,19,Obese,Tamil,Vegetarian,No,No,No,Red meat
4,T1,19,Obese,Tamil,Vegetarian,No,No,Yes,Red meat
3,T1,18,Obese,Tamil,Vegetarian,No,Yes,No,Red meat
1,T1,19,Obese,Tamil,Vegetarian,No,Yes,Yes,Red meat
2,T1,19,Obese,Tamil,Vegetarian,Yes,No,No,Red meat
1,T1,18,Obese,Tamil,Vegetarian,Yes,No,Yes,Red meat
1,T1,19,Obese,Tamil,Vegetarian,Yes,Yes,No,Red meat
1,T1,19,Obese,Tamil,Vegetarian,Yes,Yes,Yes,Red meat
7,T1,19,Obese,Muslim,Any,No,No,No,None
4,T1,18,Obese,Muslim,Any,No,No,Yes,None
3,T1,18,Obese,Muslim,Any,No,Yes,No,None
1,T1,19,Obese,Muslim,Any,No,Yes,Yes,None
2,T1,18,Obese,Muslim,Any,Yes,No,No,None
1,T1,19,Obese,Muslim,Any,Yes,No,Yes,None
1,T1,19,Obese,Muslim,Any,Yes,Yes,No,None
1,T1,18,Obese,Muslim,Any,Yes,Yes,Yes,None
5,T1,19,Obese,Muslim,Any,No,No,No,Shellfish
4,T1,18,Obese,Muslim,Any,No,No,Yes,Shellfish
3,T1,18,Obese,Muslim,Any,No,Yes,No,Shellfish
1,T1,19,Obese,Muslim,Any,No,Yes,Yes,Shellfish
2,T1,19,Obese,Muslim,Any,Yes,No,No,Shellfish
1,T1,19,Obese,Muslim,Any,Yes,No,Yes,Shellfish
1,T1,19,Obese,Muslim,Any,Yes,Yes,No,Shellfish
1,T1,18,Obese,Muslim,Any,Yes,Yes,Yes,Shellfish
5,T1,19,Obese,Muslim,Any,No,No,No,Red meat
4,T1,18,Obese,Muslim,Any,No,No,Yes,Red meat
3,T1,18,Obese,Muslim,Any,No,Yes,No,Red meat
1,T1,18,Obese,Muslim,Any,No,Yes,Yes,Red meat
2,T1,19,Obese,Muslim,Any,Yes,No,No,Red meat
1,T1,18,Obese,Muslim,Any,Yes,No,Yes,Red meat
1,T1,19,Obese,Muslim,Any,Yes,Yes,No,Red meat
1,T1,19,Obese,Muslim,Any,Yes,Yes,Yes,Red meat
7,T1,18,Obese,Muslim,Vegetarian,No,No,No,None
4,T1,19,Obese,Muslim,Vegetarian,No,No,Yes,None
3,T1,18,Obese,Muslim,Vegetarian,No,Yes,No,None
1,T1,19,Obese,Muslim,Vegetarian,No,Yes,Yes,None
2,T1,19,Obese,Muslim,Vegetarian,Yes,No,No,None
1,T1,18,Obese,Muslim,Vegetarian,Yes,No,Yes,None
1,T1,18,Obese,Muslim,Vegetarian,Yes,Yes,No,None
1,T1,18,Obese,Muslim,Vegetarian,Yes,Yes,Yes,None
5,T1,18,Obese,Muslim,Vegetarian,No,No,No,Shellfish
4,T1,19,Obese,Muslim,Vegetarian,No,No,Yes,Shellfish
3,T1,18,Obese,Muslim,Vegetarian,No,Yes,No,Shellfish
1,T1,18,Obese,Muslim,Vegetarian,No,Yes,Yes,Shellfish
2,T1,19,Obese,Muslim,Vegetarian,Yes,No,No,Shellfish
1,T1,18,Obese,Muslim,Vegetarian,Yes,No,Yes,Shellfish
1,T1,18,Obese,Muslim,Vegetarian,Yes,Yes,No,Shellfish
1,T1,18,Obese,Muslim,Vegetarian,Yes,Yes,Yes,Shellfish
5,T1,18,Obese,Muslim,Vegetarian,No,No,No,Red meat
4,T1,19,Obese,Muslim,Vegetarian,No,No,Yes,Red meat
3,T1,18,Obese,Muslim,Vegetarian,No,Yes,No,Red meat
1,T1,19,Obese,Muslim,Vegetarian,No,Yes,Yes,Red meat
2,T1,19,Obese,Muslim,Vegetarian,Yes,No,No,Red meat
1,T1,18,Obese,Muslim,Vegetarian,Yes,No,Yes,Red meat
1,T1,18,Obese,Muslim,Vegetarian,Yes,Yes,No,Red meat
1,T1,19,Obese,Muslim,Vegetarian,Yes,Yes,Yes,Red meat
6,T1,27,Underweight,Sinhala,Any,No,No,No,None
4,T1,26,Underweight,Sinhala,Any,No,No,Yes,None
3,T1,25,Underweight,Sinhala,Any,No,Yes,No,None
1,T1,23,Underweight,Sinhala,Any,No,Yes,Yes,None
2,T1,28,Underweight,Sinhala,Any,Yes,No,No,None
1,T1,25,Underweight,Sinhala,Any,Yes,No,Yes,None
1,T1,22,Underweight,Sinhala,Any,Yes,Yes,No,None
1,T1,27,Underweight,Sinhala,Any,Yes,Yes,Yes,None
5,T1,23,Underweight,Sinhala,Any,No,No,No,Shellfish
4,T1,21,Underweight,Sinhala,Any,No,No,Yes,Shellfish
3,T1,24,Underweight,Sinhala,Any,No,Yes,No,Shellfish
1,T1,23,Underweight,Sinhala,Any,No,Yes,Yes,Shellfish
2,T1,24,Underweight,Sinhala,Any,Yes,No,No,Shellfish
1,T1,21,Underweight,Sinhala,Any,Yes,No,Yes,Shellfish
1,T1,27,Underweight,Sinhala,Any,Yes,Yes,No,Shellfish
1,T1,20,Underweight,Sinhala,Any,Yes,Yes,Yes,Shellfish
5,T1,29,Underweight,Sinhala,Any,No,No,No,Red meat
4,T1,28,Underweight,Sinhala,Any,No,No,Yes,Red meat
3,T1,20,Underweight,Sinhala,Any,No,Yes,No,Red meat
1,T1,27,Underweight,Sinhala,Any,No,Yes,Yes,Red meat
2,T1,20,Underweight,Sinhala,Any,Yes,No,No,Red meat
1,T1,26,Underweight,Sinhala,Any,Yes,No,Yes,Red meat
1,T1,28,Underweight,Sinhala,Any,Yes,Yes,No,Red meat
1,T1,24,Underweight,Sinhala,Any,Yes,Yes,Yes,Red meat
6,T1,25,Underweight,Sinhala,Vegetarian,No,No,No,None
4,T1,24,Underweight,Sinhala,Vegetarian,No,No,Yes,None
3,T1,29,Underweight,Sinhala,Vegetarian,No,Yes,No,None
1,T1,25,Underweight,Sinhala,Vegetarian,No,Yes,Yes,None
2,T1,29,Underweight,Sinhala,Vegetarian,Yes,No,No,None
1,T1,23,Underweight,Sinhala,Vegetarian,Yes,No,Yes,None
1,T1,29,Underweight,Sinhala,Vegetarian,Yes,Yes,No,None
1,T1,22,Underweight,Sinhala,Vegetarian,Yes,Yes,Yes,None
5,T1,29,Underweight,Sinhala,Vegetarian,No,No,No,Shellfish
4,T1,27,Underweight,Sinhala,Vegetarian,No,No,Yes,Shellfish
3,T1,26,Underweight,Sinhala,Vegetarian,No,Yes,No,Shellfish
1,T1,26,Underweight,Sinhala,Vegetarian,No,Yes,Yes,Shellfish
2,T1,27,Underweight,Sinhala,Vegetarian,Yes,No,No,Shellfish
1,T1,20,Underweight,Sinhala,Vegetarian,Yes,No,Yes,Shellfish
1,T1,26,Underweight,Sinhala,Vegetarian,Yes,Yes,No,Shellfish
1,T1,27,Underweight,Sinhala,Vegetarian,Yes,Yes,Yes,Shellfish
5,T1,23,Underweight,Sinhala,Vegetarian,No,No,No,Red meat
4,T1,29,Underweight,Sinhala,Vegetarian,No,No,Yes,Red meat
3,T1,23,Underweight,Sinhala,Vegetarian,No,Yes,No,Red meat
1,T1,23,Underweight,Sinhala,Vegetarian,No,Yes,Yes,Red meat
2,T1,23,Underweight,Sinhala,Vegetarian,Yes,No,No,Red meat
1,T1,26,Underweight,Sinhala,Vegetarian,Yes,No,Yes,Red meat
1,T1,25,Underweight,Sinhala,Vegetarian,Yes,Yes,No,Red meat
1,T1,26,Underweight,Sinhala,Vegetarian,Yes,Yes,Yes,Red meat
6,T1,20,Underweight,Tamil,Any,No,No,No,None
4,T1,27,Underweight,Tamil,Any,No,No,Yes,None
3,T1,20,Underweight,Tamil,Any,No,Yes,No,None
1,T1,27,Underweight,Tamil,Any,No,Yes,Yes,None
2,T1,28,Underweight,Tamil,Any,Yes,No,No,None
1,T1,28,Underweight,Tamil,Any,Yes,No,Yes,None
1,T1,29,Underweight,Tamil,Any,Yes,Yes,No,None
1,T1,24,Underweight,Tamil,Any,Yes,Yes,Yes,None
5,T1,22,Underweight,Tamil,Any,No,No,No,Shellfish
4,T1,25,Underweight,Tamil,Any,No,No,Yes,Shellfish
3,T1,26,Underweight,Tamil,Any,No,Yes,No,Shellfish
1,T1,27,Underweight,Tamil,Any,No,Yes,Yes,Shellfish
2,T1,22,Underweight,Tamil,Any,Yes,No,No,Shellfish
1,T1,25,Underweight,Tamil,Any,Yes,No,Yes,Shellfish
1,T1,23,Underweight,Tamil,Any,Yes,Yes,No,Shellfish
1,T1,29,Underweight,Tamil,Any,Yes,Yes,Yes,Shellfish
5,T1,25,Underweight,Tamil,Any,No,No,No,Red meat
4,T1,20,Underweight,Tamil,Any,No,No,Yes,Red meat
3,T1,26,Underweight,Tamil,Any,No,Yes,No,Red meat
1,T1,22,Underweight,Tamil,Any,No,Yes,Yes,Red meat
2,T1,26,Underweight,Tamil,Any,Yes,No,No,Red meat
1,T1,20,Underweight,Tamil,Any,Yes,No,Yes,Red meat
1,T1,26,Underweight,Tamil,Any,Yes,Yes,No,Red meat
1,T1,22,Underweight,Tamil,Any,Yes,Yes,Yes,Red meat
6,T1,23,Underweight,Tamil,Vegetarian,No,No,No,None
4,T1,27,Underweight,Tamil,Vegetarian,No,No,Yes,None
3,T1,21,Underweight,Tamil,Vegetarian,No,Yes,No,None
1,T1,26,Underweight,Tamil,Vegetarian,No,Yes,Yes,None
2,T1,25,Underweight,Tamil,Vegetarian,Yes,No,No,None
1,T1,27,Underweight,Tamil,Vegetarian,Yes,No,Yes,None
1,T1,25,Underweight,Tamil,Vegetarian,Yes,Yes,No,None
1,T1,23,Underweight,Tamil,Vegetarian,Yes,Yes,Yes,None
5,T1,27,Underweight,Tamil,Vegetarian,No,No,No,Shellfish
4,T1,29,Underweight,Tamil,Vegetarian,No,No,Yes,Shellfish
3,T1,29,Underweight,Tamil,Vegetarian,No,Yes,No,Shellfish
1,T1,28,Underweight,Tamil,Vegetarian,No,Yes,Yes,Shellfish
2,T1,23,Underweight,Tamil,Vegetarian,Yes,No,No,Shellfish
1,T1,24,Underweight,Tamil,Vegetarian,Yes,No,Yes,Shellfish
1,T1,24,Underweight,Tamil,Vegetarian,Yes,Yes,No,Shellfish
1,T1,21,Underweight,Tamil,Vegetarian,Yes,Yes,Yes,Shellfish
5,T1,20,Underweight,Tamil,Vegetarian,No,No,No,Red meat
4,T1,25,Underweight,Tamil,Vegetarian,No,No,Yes,Red meat
3,T1,20,Underweight,Tamil,Vegetarian,No,Yes,No,Red meat
1,T1,21,Underweight,Tamil,Vegetarian,No,Yes,Yes,Red meat
2,T1,26,Underweight,Tamil,Vegetarian,Yes,No,No,Red meat
1,T1,22,Underweight,Tamil,Vegetarian,Yes,No,Yes,Red meat
1,T1,29,Underweight,Tamil,Vegetarian,Yes,Yes,No,Red meat
1,T1,25,Underweight,Tamil,Vegetarian,Yes,Yes,Yes,Red meat
6,T1,29,Underweight,Muslim,Any,No,No,No,None
4,T1,21,Underweight,Muslim,Any,No,No,Yes,None
3,T1,22,Underweight,Muslim,Any,No,Yes,No,None
1,T1,22,Underweight,Muslim,Any,No,Yes,Yes,None
2,T1,21,Underweight,Muslim,Any,Yes,No,No,None
1,T1,29,Underweight,Muslim,Any,Yes,No,Yes,None
1,T1,22,Underweight,Muslim,Any,Yes,Yes,No,None
1,T1,25,Underweight,Muslim,Any,Yes,Yes,Yes,None
5,T1,27,Underweight,Muslim,Any,No,No,No,Shellfish
4,T1,26,Underweight,Muslim,Any,No,No,Yes,Shellfish
3,T1,26,Underweight,Muslim,Any,No,Yes,No,Shellfish
1,T1,25,Underweight,Muslim,Any,No,Yes,Yes,Shellfish
2,T1,20,Underweight,Muslim,Any,Yes,No,No,Shellfish
1,T1,21,Underweight,Muslim,Any,Yes,No,Yes,Shellfish
1,T1,20,Underweight,Muslim,Any,Yes,Yes,No,Shellfish
1,T1,22,Underweight,Muslim,Any,Yes,Yes,Yes,Shellfish
5,T1,28,Underweight,Muslim,Any,No,No,No,Red meat
4,T1,28,Underweight,Muslim,Any,No,No,Yes,Red meat
3,T1,20,Underweight,Muslim,Any,No,Yes,No,Red meat
1,T1,27,Underweight,Muslim,Any,No,Yes,Yes,Red meat
2,T1,21,Underweight,Muslim,Any,Yes,No,No,Red meat
1,T1,23,Underweight,Muslim,Any,Yes,No,Yes,Red meat
1,T1,23,Underweight,Muslim,Any,Yes,Yes,No,Red meat
1,T1,27,Underweight,Muslim,Any,Yes,Yes,Yes,Red meat
6,T1,22,Underweight,Muslim,Vegetarian,No,No,No,None
4,T1,27,Underweight,Muslim,Vegetarian,No,No,Yes,None
3,T1,28,Underweight,Muslim,Vegetarian,No,Yes,No,None
1,T1,26,Underweight,Muslim,Vegetarian,No,Yes,Yes,None
2,T1,20,Underweight,Muslim,Vegetarian,Yes,No,No,None
1,T1,21,Underweight,Muslim,Vegetarian,Yes,No,Yes,None
1,T1,29,Underweight,Muslim,Vegetarian,Yes,Yes,No,None
1,T1,20,Underweight,Muslim,Vegetarian,Yes,Yes,Yes,None
5,T1,28,Underweight,Muslim,Vegetarian,No,No,No,Shellfish
4,T1,23,Underweight,Muslim,Vegetarian,No,No,Yes,Shellfish
3,T1,22,Underweight,Muslim,Vegetarian,No,Yes,No,Shellfish
1,T1,22,Underweight,Muslim,Vegetarian,No,Yes,Yes,Shellfish
2,T1,21,Underweight,Muslim,Vegetarian,Yes,No,No,Shellfish
1,T1,28,Underweight,Muslim,Vegetarian,Yes,No,Yes,Shellfish
1,T1,27,Underweight,Muslim,Vegetarian,Yes,Yes,No,Shellfish
1,T1,25,Underweight,Muslim,Vegetarian,Yes,Yes,Yes,Shellfish
5,T1,27,Underweight,Muslim,Vegetarian,No,No,No,Red meat
4,T1,29,Underweight,Muslim,Vegetarian,No,No,Yes,Red meat
3,T1,23,Underweight,Muslim,Vegetarian,No,Yes,No,Red meat
1,T1,23,Underweight,Muslim,Vegetarian,No,Yes,Yes,Red meat
2,T1,25,Underweight,Muslim,Vegetarian,Yes,No,No,Red meat
1,T1,25,Underweight,Muslim,Vegetarian,Yes,No,Yes,Red meat
1,T1,28,Underweight,Muslim,Vegetarian,Yes,Yes,No,Red meat
1,T1,21,Underweight,Muslim,Vegetarian,Yes,Yes,Yes,Red meat
8,T1,28,Normal,Sinhala,Any,No,No,No,None
4,T1,20,Normal,Sinhala,Any,No,No,Yes,None
3,T1,24,Normal,Sinhala,Any,No,Yes,No,None
1,T1,27,Normal,Sinhala,Any,No,Yes,Yes,None
2,T1,27,Normal,Sinhala,Any,Yes,No,No,None
1,T1,20,Normal,Sinhala,Any,Yes,No,Yes,None
1,T1,26,Normal,Sinhala,Any,Yes,Yes,No,None
1,T1,26,Normal,Sinhala,Any,Yes,Yes,Yes,None
5,T1,22,Normal,Sinhala,Any,No,No,No,Shellfish
4,T1,28,Normal,Sinhala,Any,No,No,Yes,Shellfish
3,T1,26,Normal,Sinhala,Any,No,Yes,No,Shellfish
1,T1,23,Normal,Sinhala,Any,No,Yes,Yes,Shellfish
2,T1,20,Normal,Sinhala,Any,Yes,No,No,Shellfish
1,T1,29,Normal,Sinhala,Any,Yes,No,Yes,Shellfish
1,T1,23,Normal,Sinhala,Any,Yes,Yes,No,Shellfish
1,T1,27,Normal,Sinhala,Any,Yes,Yes,Yes,Shellfish
5,T1,20,Normal,Sinhala,Any,No,No,No,Red meat
4,T1,22,Normal,Sinhala,Any,No,No,Yes,Red meat
3,T1,27,Normal,Sinhala,Any,No,Yes,No,Red meat
1,T1,21,Normal,Sinhala,Any,No,Yes,Yes,Red meat
2,T1,25,Normal,Sinhala,Any,Yes,No,No,Red meat
1,T1,21,Normal,Sinhala,Any,Yes,No,Yes,Red meat
1,T1,25,Normal,Sinhala,Any,Yes,Yes,No,Red meat
1,T1,28,Normal,Sinhala,Any,Yes,Yes,Yes,Red meat
9,T1,24,Normal,Sinhala,Vegetarian,No,No,No,None
4,T1,21,Normal,Sinhala,Vegetarian,No,No,Yes,None
3,T1,26,Normal,Sinhala,Vegetarian,No,Yes,No,None
1,T1,26,Normal,Sinhala,Vegetarian,No,Yes,Yes,None
2,T1,26,Normal,Sinhala,Vegetarian,Yes,No,No,None
1,T1,24,Normal,Sinhala,Vegetarian,Yes,No,Yes,None
1,T1,27,Normal,Sinhala,Vegetarian,Yes,Yes,No,None
1,T1,22,Normal,Sinhala,Vegetarian,Yes,Yes,Yes,None
5,T1,23,Normal,Sinhala,Vegetarian,No,No,No,Shellfish
4,T1,25,Normal,Sinhala,Vegetarian,No,No,Yes,Shellfish
3,T1,25,Normal,Sinhala,Vegetarian,No,Yes,No,Shellfish
1,T1,25,Normal,Sinhala,Vegetarian,No,Yes,Yes,Shellfish
2,T1,24,Normal,Sinhala,Vegetarian,Yes,No,No,Shellfish
1,T1,26,Normal,Sinhala,Vegetarian,Yes,No,Yes,Shellfish
1,T1,21,Normal,Sinhala,Vegetarian,Yes,Yes,No,Shellfish
1,T1,27,Normal,Sinhala,Vegetarian,Yes,Yes,Yes,Shellfish
5,T1,22,Normal,Sinhala,Vegetarian,No,No,No,Red meat
4,T1,20,Normal,Sinhala,Vegetarian,No,No,Yes,Red meat
3,T1,25,Normal,Sinhala,Vegetarian,No,Yes,No,Red meat
1,T1,25,Normal,Sinhala,Vegetarian,No,Yes,Yes,Red meat
2,T1,21,Normal,Sinhala,Vegetarian,Yes,No,No,Red meat
1,T1,23,Normal,Sinhala,Vegetarian,Yes,No,Yes,Red meat
1,T1,25,Normal,Sinhala,Vegetarian,Yes,Yes,No,Red meat
1,T1,29,Normal,Sinhala,Vegetarian,Yes,Yes,Yes,Red meat
8,T1,26,Normal,Tamil,Any,No,No,No,None
4,T1,28,Normal,Tamil,Any,No,No,Yes,None
3,T1,27,Normal,Tamil,Any,No,Yes,No,None
1,T1,22,Normal,Tamil,Any,No,Yes,Yes,None
2,T1,22,Normal,Tamil,Any,Yes,No,No,None
1,T1,20,Normal,Tamil,Any,Yes,No,Yes,None
1,T1,27,Normal,Tamil,Any,Yes,Yes,No,None
1,T1,26,Normal,Tamil,Any,Yes,Yes,Yes,None
5,T1,27,Normal,Tamil,Any,No,No,No,Shellfish
4,T1,29,Normal,Tamil,Any,No,No,Yes,Shellfish
3,T1,27,Normal,Tamil,Any,No,Yes,No,Shellfish
1,T1,28,Normal,Tamil,Any,No,Yes,Yes,Shellfish
2,T1,27,Normal,Tamil,Any,Yes,No,No,Shellfish
1,T1,20,Normal,Tamil,Any,Yes,No,Yes,Shellfish
1,T1,28,Normal,Tamil,Any,Yes,Yes,No,Shellfish
1,T1,22,Normal,Tamil,Any,Yes,Yes,Yes,Shellfish
5,T1,22,Normal,Tamil,Any,No,No,No,Red meat
4,T1,28,Normal,Tamil,Any,No,No,Yes,Red meat
3,T1,23,Normal,Tamil,Any,No,Yes,No,Red meat
1,T1,20,Normal,Tamil,Any,No,Yes,Yes,Red meat
2,T1,25,Normal,Tamil,Any,Yes,No,No,Red meat
1,T1,25,Normal,Tamil,Any,Yes,No,Yes,Red meat
1,T1,20,Normal,Tamil,Any,Yes,Yes,No,Red meat
1,T1,25,Normal,Tamil,Any,Yes,Yes,Yes,Red meat
9,T1,24,Normal,Tamil,Vegetarian,No,No,No,None
4,T1,22,Normal,Tamil,Vegetarian,No,No,Yes,None
3,T1,25,Normal,Tamil,Vegetarian,No,Yes,No,None
1,T1,26,Normal,Tamil,Vegetarian,No,Yes,Yes,None
2,T1,28,Normal,Tamil,Vegetarian,Yes,No,No,None
1,T1,26,Normal,Tamil,Vegetarian,Yes,No,Yes,None
1,T1,24,Normal,Tamil,Vegetarian,Yes,Yes,No,None
1,T1,27,Normal,Tamil,Vegetarian,Yes,Yes,Yes,None
5,T1,28,Normal,Tamil,Vegetarian,No,No,No,Shellfish
4,T1,20,Normal,Tamil,Vegetarian,No,No,Yes,Shellfish
3,T1,29,Normal,Tamil,Vegetarian,No,Yes,No,Shellfish
1,T1,28,Normal,Tamil,Vegetarian,No,Yes,Yes,Shellfish
2,T1,20,Normal,Tamil,Vegetarian,Yes,No,No,Shellfish
1,T1,26,Normal,Tamil,Vegetarian,Yes,No,Yes,Shellfish
1,T1,29,Normal,Tamil,Vegetarian,Yes,Yes,No,Shellfish
1,T1,20,Normal,Tamil,Vegetarian,Yes,Yes,Yes,Shellfish
5,T1,21,Normal,Tamil,Vegetarian,No,No,No,Red meat
4,T1,24,Normal,Tamil,Vegetarian,No,No,Yes,Red meat
3,T1,23,Normal,Tamil,Vegetarian,No,Yes,No,Red meat
1,T1,27,Normal,Tamil,Vegetarian,No,Yes,Yes,Red meat
2,T1,23,Normal,Tamil,Vegetarian,Yes,No,No,Red meat
1,T1,25,Normal,Tamil,Vegetarian,Yes,No,Yes,Red meat
1,T1,23,Normal,Tamil,Vegetarian,Yes,Yes,No,Red meat
1,T1,23,Normal,Tamil,Vegetarian,Yes,Yes,Yes,Red meat
8,T1,20,Normal,Muslim,Any,No,No,No,None
4,T1,23,Normal,Muslim,Any,No,No,Yes,None
3,T1,23,Normal,Muslim,Any,No,Yes,No,None
1,T1,29,Normal,Muslim,Any,No,Yes,Yes,None
2,T1,27,Normal,Muslim,Any,Yes,No,No,None
1,T1,20,Normal,Muslim,Any,Yes,No,Yes,None
1,T1,20,Normal,Muslim,Any,Yes,Yes,No,None
1,T1,24,Normal,Muslim,Any,Yes,Yes,Yes,None
5,T1,22,Normal,Muslim,Any,No,No,No,Shellfish
4,T1,20,Normal,Muslim,Any,No,No,Yes,Shellfish
3,T1,28,Normal,Muslim,Any,No,Yes,No,Shellfish
1,T1,23,Normal,Muslim,Any,No,Yes,Yes,Shellfish
2,T1,28,Normal,Muslim,Any,Yes,No,No,Shellfish
1,T1,25,Normal,Muslim,Any,Yes,No,Yes,Shellfish
1,T1,25,Normal,Muslim,Any,Yes,Yes,No,Shellfish
1,T1,20,Normal,Muslim,Any,Yes,Yes,Yes,Shellfish
5,T1,23,Normal,Muslim,Any,No,No,No,Red meat
4,T1,21,Normal,Muslim,Any,No,No,Yes,Red meat
3,T1,22,Normal,Muslim,Any,No,Yes,No,Red meat
1,T1,21,Normal,Muslim,Any,No,Yes,Yes,Red meat
2,T1,20,Normal,Muslim,Any,Yes,No,No,Red meat
1,T1,21,Normal,Muslim,Any,Yes,No,Yes,Red meat
1,T1,21,Normal,Muslim,Any,Yes,Yes,No,Red meat
1,T1,24,Normal,Muslim,Any,Yes,Yes,Yes,Red meat
9,T1,22,Normal,Muslim,Vegetarian,No,No,No,None
4,T1,25,Normal,Muslim,Vegetarian,No,No,Yes,None
3,T1,24,Normal,Muslim,Vegetarian,No,Yes,No,None
1,T1,23,Normal,Muslim,Vegetarian,No,Yes,Yes,None
2,T1,23,Normal,Muslim,Vegetarian,Yes,No,No,None
1,T1,22,Normal,Muslim,Vegetarian,Yes,No,Yes,None
1,T1,23,Normal,Muslim,Vegetarian,Yes,Yes,No,None
1,T1,22,Normal,Muslim,Vegetarian,Yes,Yes,Yes,None
5,T1,22,Normal,Muslim,Vegetarian,No,No,No,Shellfish
4,T1,20,Normal,Muslim,Vegetarian,No,No,Yes,Shellfish
3,T1,23,Normal,Muslim,Vegetarian,No,Yes,No,Shellfish
1,T1,24,Normal,Muslim,Vegetarian,No,Yes,Yes,Shellfish
2,T1,27,Normal,Muslim,Vegetarian,Yes,No,No,Shellfish
1,T1,24,Normal,Muslim,Vegetarian,Yes,No,Yes,Shellfish
1,T1,20,Normal,Muslim,Vegetarian,Yes,Yes,No,Shellfish
1,T1,20,Normal,Muslim,Vegetarian,Yes,Yes,Yes,Shellfish
5,T1,22,Normal,Muslim,Vegetarian,No,No,No,Red meat
4,T1,29,Normal,Muslim,Vegetarian,No,No,Yes,Red meat
3,T1,21,Normal,Muslim,Vegetarian,No,Yes,No,Red meat
1,T1,28,Normal,Muslim,Vegetarian,No,Yes,Yes,Red meat
2,T1,20,Normal,Muslim,Vegetarian,Yes,No,No,Red meat
1,T1,25,Normal,Muslim,Vegetarian,Yes,No,Yes,Red meat
1,T1,28,Normal,Muslim,Vegetarian,Yes,Yes,No,Red meat
1,T1,24,Normal,Muslim,Vegetarian,Yes,Yes,Yes,Red meat
8,T1,23,Overweight,Sinhala,Any,No,No,No,None
4,T1,28,Overweight,Sinhala,Any,No,No,Yes,None
3,T1,23,Overweight,Sinhala,Any,No,Yes,No,None
1,T1,27,Overweight,Sinhala,Any,No,Yes,Yes,None
2,T1,23,Overweight,Sinhala,Any,Yes,No,No,None
1,T1,24,Overweight,Sinhala,Any,Yes,No,Yes,None
1,T1,21,Overweight,Sinhala,Any,Yes,Yes,No,None
1,T1,20,Overweight,Sinhala,Any,Yes,Yes,Yes,None
5,T1,21,Overweight,Sinhala,Any,No,No,No,Shellfish
4,T1,21,Overweight,Sinhala,Any,No,No,Yes,Shellfish
3,T1,24,Overweight,Sinhala,Any,No,Yes,No,Shellfish
1,T1,21,Overweight,Sinhala,Any,No,Yes,Yes,Shellfish
2,T1,22,Overweight,Sinhala,Any,Yes,No,No,Shellfish
1,T1,26,Overweight,Sinhala,Any,Yes,No,Yes,Shellfish
1,T1,20,Overweight,Sinhala,Any,Yes,Yes,No,Shellfish
1,T1,29,Overweight,Sinhala,Any,Yes,Yes,Yes,Shellfish
5,T1,27,Overweight,Sinhala,Any,No,No,No,Red meat
4,T1,28,Overweight,Sinhala,Any,No,No,Yes,Red meat
3,T1,29,Overweight,Sinhala,Any,No,Yes,No,Red meat
1,T1,29,Overweight,Sinhala,Any,No,Yes,Yes,Red meat
2,T1,26,Overweight,Sinhala,Any,Yes,No,No,Red meat
1,T1,22,Overweight,Sinhala,Any,Yes,No,Yes,Red meat
1,T1,22,Overweight,Sinhala,Any,Yes,Yes,No,Red meat
1,T1,24,Overweight,Sinhala,Any,Yes,Yes,Yes,Red meat
9,T1,21,Overweight,Sinhala,Vegetarian,No,No,No,None
4,T1,26,Overweight,Sinhala,Vegetarian,No,No,Yes,None
3,T1,21,Overweight,Sinhala,Vegetarian,No,Yes,No,None
1,T1,25,Overweight,Sinhala,Vegetarian,No,Yes,Yes,None
2,T1,25,Overweight,Sinhala,Vegetarian,Yes,No,No,None
1,T1,26,Overweight,Sinhala,Vegetarian,Yes,No,Yes,None
1,T1,24,Overweight,Sinhala,Vegetarian,Yes,Yes,No,None
1,T1,26,Overweight,Sinhala,Vegetarian,Yes,Yes,Yes,None
5,T1,28,Overweight,Sinhala,Vegetarian,No,No,No,Shellfish
4,T1,28,Overweight,Sinhala,Vegetarian,No,No,Yes,Shellfish
3,T1,26,Overweight,Sinhala,Vegetarian,No,Yes,No,Shellfish
1,T1,21,Overweight,Sinhala,Vegetarian,No,Yes,Yes,Shellfish
2,T1,28,Overweight,Sinhala,Vegetarian,Yes,No,No,Shellfish
1,T1,22,Overweight,Sinhala,Vegetarian,Yes,No,Yes,Shellfish
1,T1,29,Overweight,Sinhala,Vegetarian,Yes,Yes,No,Shellfish
1,T1,27,Overweight,Sinhala,Vegetarian,Yes,Yes,Yes,Shellfish
5,T1,21,Overweight,Sinhala,Vegetarian,No,No,No,Red meat
4,T1,23,Overweight,Sinhala,Vegetarian,No,No,Yes,Red meat
3,T1,20,Overweight,Sinhala,Vegetarian,No,Yes,No,Red meat
1,T1,22,Overweight,Sinhala,Vegetarian,No,Yes,Yes,Red meat
2,T1,25,Overweight,Sinhala,Vegetarian,Yes,No,No,Red meat
1,T1,27,Overweight,Sinhala,Vegetarian,Yes,No,Yes,Red meat
1,T1,25,Overweight,Sinhala,Vegetarian,Yes,Yes,No,Red meat
1,T1,21,Overweight,Sinhala,Vegetarian,Yes,Yes,Yes,Red meat
8,T1,29,Overweight,Tamil,Any,No,No,No,None
4,T1,24,Overweight,Tamil,Any,No,No,Yes,None
3,T1,26,Overweight,Tamil,Any,No,Yes,No,None
1,T1,26,Overweight,Tamil,Any,No,Yes,Yes,None
2,T1,20,Overweight,Tamil,Any,Yes,No,No,None
1,T1,20,Overweight,Tamil,Any,Yes,No,Yes,None
1,T1,24,Overweight,Tamil,Any,Yes,Yes,No,None
1,T1,27,Overweight,Tamil,Any,Yes,Yes,Yes,None
5,T1,23,Overweight,Tamil,Any,No,No,No,Shellfish
4,T1,23,Overweight,Tamil,Any,No,No,Yes,Shellfish
3,T1,29,Overweight,Tamil,Any,No,Yes,No,Shellfish
1,T1,20,Overweight,Tamil,Any,No,Yes,Yes,Shellfish
2,T1,28,Overweight,Tamil,Any,Yes,No,No,Shellfish
1,T1,25,Overweight,Tamil,Any,Yes,No,Yes,Shellfish
1,T1,29,Overweight,Tamil,Any,Yes,Yes,No,Shellfish
1,T1,26,Overweight,Tamil,Any,Yes,Yes,Yes,Shellfish
5,T1,22,Overweight,Tamil,Any,No,No,No,Red meat
4,T1,23,Overweight,Tamil,Any,No,No,Yes,Red meat
3,T1,25,Overweight,Tamil,Any,No,Yes,No,Red meat
1,T1,21,Overweight,Tamil,Any,No,Yes,Yes,Red meat
2,T1,29,Overweight,Tamil,Any,Yes,No,No,Red meat
1,T1,29,Overweight,Tamil,Any,Yes,No,Yes,Red meat
1,T1,22,Overweight,Tamil,Any,Yes,Yes,No,Red meat
1,T1,25,Overweight,Tamil,Any,Yes,Yes,Yes,Red meat
9,T1,24,Overweight,Tamil,Vegetarian,No,No,No,None
4,T1,21,Overweight,Tamil,Vegetarian,No,No,Yes,None
3,T1,21,Overweight,Tamil,Vegetarian,No,Yes,No,None
1,T1,24,Overweight,Tamil,Vegetarian,No,Yes,Yes,None
2,T1,27,Overweight,Tamil,Vegetarian,Yes,No,No,None
1,T1,25,Overweight,Tamil,Vegetarian,Yes,No,Yes,None
1,T1,23,Overweight,Tamil,Vegetarian,Yes,Yes,No,None
1,T1,25,Overweight,Tamil,Vegetarian,Yes,Yes,Yes,None
5,T1,22,Overweight,Tamil,Vegetarian,No,No,No,Shellfish
4,T1,26,Overweight,Tamil,Vegetarian,No,No,Yes,Shellfish
3,T1,29,Overweight,Tamil,Vegetarian,No,Yes,No,Shellfish
1,T1,20,Overweight,Tamil,Vegetarian,No,Yes,Yes,Shellfish
2,T1,20,Overweight,Tamil,Vegetarian,Yes,No,No,Shellfish
1,T1,25,Overweight,Tamil,Vegetarian,Yes,No,Yes,Shellfish
1,T1,29,Overweight,Tamil,Vegetarian,Yes,Yes,No,Shellfish
1,T1,29,Overweight,Tamil,Vegetarian,Yes,Yes,Yes,Shellfish
5,T1,28,Overweight,Tamil,Vegetarian,No,No,No,Red meat
4,T1,20,Overweight,Tamil,Vegetarian,No,No,Yes,Red meat
3,T1,23,Overweight,Tamil,Vegetarian,No,Yes,No,Red meat
1,T1,29,Overweight,Tamil,Vegetarian,No,Yes,Yes,Red meat
2,T1,20,Overweight,Tamil,Vegetarian,Yes,No,No,Red meat
1,T1,20,Overweight,Tamil,Vegetarian,Yes,No,Yes,Red meat
1,T1,21,Overweight,Tamil,Vegetarian,Yes,Yes,No,Red meat
1,T1,26,Overweight,Tamil,Vegetarian,Yes,Yes,Yes,Red meat
8,T1,22,Overweight,Muslim,Any,No,No,No,None
4,T1,20,Overweight,Muslim,Any,No,No,Yes,None
3,T1,26,Overweight,Muslim,Any,No,Yes,No,None
1,T1,29,Overweight,Muslim,Any,No,Yes,Yes,None
2,T1,24,Overweight,Muslim,Any,Yes,No,No,None
1,T1,29,Overweight,Muslim,Any,Yes,No,Yes,None
1,T1,27,Overweight,Muslim,Any,Yes,Yes,No,None
1,T1,27,Overweight,Muslim,Any,Yes,Yes,Yes,None
5,T1,27,Overweight,Muslim,Any,No,No,No,Shellfish
4,T1,25,Overweight,Muslim,Any,No,No,Yes,Shellfish
3,T1,20,Overweight,Muslim,Any,No,Yes,No,Shellfish
1,T1,22,Overweight,Muslim,Any,No,Yes,Yes,Shellfish
2,T1,25,Overweight,Muslim,Any,Yes,No,No,Shellfish
1,T1,23,Overweight,Muslim,Any,Yes,No,Yes,Shellfish
1,T1,26,Overweight,Muslim,Any,Yes,Yes,No,Shellfish
1,T1,29,Overweight,Muslim,Any,Yes,Yes,Yes,Shellfish
5,T1,21,Overweight,Muslim,Any,No,No,No,Red meat
4,T1,25,Overweight,Muslim,Any,No,No,Yes,Red meat
3,T1,25,Overweight,Muslim,Any,No,Yes,No,Red meat
1,T1,24,Overweight,Muslim,Any,No,Yes,Yes,Red meat
2,T1,28,Overweight,Muslim,Any,Yes,No,No,Red meat
1,T1,23,Overweight,Muslim,Any,Yes,No,Yes,Red meat
1,T1,21,Overweight,Muslim,Any,Yes,Yes,No,Red meat
1,T1,23,Overweight,Muslim,Any,Yes,Yes,Yes,Red meat
9,T1,27,Overweight,Muslim,Vegetarian,No,No,No,None
4,T1,23,Overweight,Muslim,Vegetarian,No,No,Yes,None
3,T1,25,Overweight,Muslim,Vegetarian,No,Yes,No,None
1,T1,24,Overweight,Muslim,Vegetarian,No,Yes,Yes,None
2,T1,25,Overweight,Muslim,Vegetarian,Yes,No,No,None
1,T1,24,Overweight,Muslim,Vegetarian,Yes,No,Yes,None
1,T1,25,Overweight,Muslim,Vegetarian,Yes,Yes,No,None
1,T1,29,Overweight,Muslim,Vegetarian,Yes,Yes,Yes,None
5,T1,29,Overweight,Muslim,Vegetarian,No,No,No,Shellfish
4,T1,21,Overweight,Muslim,Vegetarian,No,No,Yes,Shellfish
3,T1,21,Overweight,Muslim,Vegetarian,No,Yes,No,Shellfish
1,T1,26,Overweight,Muslim,Vegetarian,No,Yes,Yes,Shellfish
2,T1,20,Overweight,Muslim,Vegetarian,Yes,No,No,Shellfish
1,T1,23,Overweight,Muslim,Vegetarian,Yes,No,Yes,Shellfish
1,T1,28,Overweight,Muslim,Vegetarian,Yes,Yes,No,Shellfish
1,T1,22,Overweight,Muslim,Vegetarian,Yes,Yes,Yes,Shellfish
5,T1,21,Overweight,Muslim,Vegetarian,No,No,No,Red meat
4,T1,28,Overweight,Muslim,Vegetarian,No,No,Yes,Red meat
3,T1,27,Overweight,Muslim,Vegetarian,No,Yes,No,Red meat
1,T1,27,Overweight,Muslim,Vegetarian,No,Yes,Yes,Red meat
2,T1,26,Overweight,Muslim,Vegetarian,Yes,No,No,Red meat
1,T1,22,Overweight,Muslim,Vegetarian,Yes,No,Yes,Red meat
1,T1,22,Overweight,Muslim,Vegetarian,Yes,Yes,No,Red meat
1,T1,24,Overweight,Muslim,Vegetarian,Yes,Yes,Yes,Red meat
7,T1,26,Obese,Sinhala,Any,No,No,No,None
4,T1,28,Obese,Sinhala,Any,No,No,Yes,None
3,T1,22,Obese,Sinhala,Any,No,Yes,No,None
1,T1,20,Obese,Sinhala,Any,No,Yes,Yes,None
2,T1,24,Obese,Sinhala,Any,Yes,No,No,None
1,T1,22,Obese,Sinhala,Any,Yes,No,Yes,None
1,T1,28,Obese,Sinhala,Any,Yes,Yes,No,None
1,T1,25,Obese,Sinhala,Any,Yes,Yes,Yes,None
5,T1,29,Obese,Sinhala,Any,No,No,No,Shellfish
4,T1,24,Obese,Sinhala,Any,No,No,Yes,Shellfish
3,T1,29,Obese,Sinhala,Any,No,Yes,No,Shellfish
1,T1,25,Obese,Sinhala,Any,No,Yes,Yes,Shellfish
2,T1,22,Obese,Sinhala,Any,Yes,No,No,Shellfish
1,T1,20,Obese,Sinhala,Any,Yes,No,Yes,Shellfish
1,T1,29,Obese,Sinhala,Any,Yes,Yes,No,Shellfish
1,T1,27,Obese,Sinhala,Any,Yes,Yes,Yes,Shellfish
5,T1,21,Obese,Sinhala,Any,No,No,No,Red meat
4,T1,26,Obese,Sinhala,Any,No,No,Yes,Red meat
3,T1,29,Obese,Sinhala,Any,No,Yes,No,Red meat
1,T1,23,Obese,Sinhala,Any,No,Yes,Yes,Red meat
2,T1,22,Obese,Sinhala,Any,Yes,No,No,Red meat
1,T1,29,Obese,Sinhala,Any,Yes,No,Yes,Red meat
1,T1,29,Obese,Sinhala,Any,Yes,Yes,No,Red meat
1,T1,27,Obese,Sinhala,Any,Yes,Yes,Yes,Red meat
7,T1,21,Obese,Sinhala,Vegetarian,No,No,No,None
4,T1,29,Obese,Sinhala,Vegetarian,No,No,Yes,None
3,T1,26,Obese,Sinhala,Vegetarian,No,Yes,No,None
1,T1,29,Obese,Sinhala,Vegetarian,No,Yes,Yes,None
2,T1,29,Obese,Sinhala,Vegetarian,Yes,No,No,None
1,T1,22,Obese,Sinhala,Vegetarian,Yes,No,Yes,None
1,T1,24,Obese,Sinhala,Vegetarian,Yes,Yes,No,None
1,T1,26,Obese,Sinhala,Vegetarian,Yes,Yes,Yes,None
5,T1,24,Obese,Sinhala,Vegetarian,No,No,No,Shellfish
4,T1,21,Obese,Sinhala,Vegetarian,No,No,Yes,Shellfish
3,T1,21,Obese,Sinhala,Vegetarian,No,Yes,No,Shellfish
1,T1,24,Obese,Sinhala,Vegetarian,No,Yes,Yes,Shellfish
2,T1,20,Obese,Sinhala,Vegetarian,Yes,No,No,Shellfish
1,T1,21,Obese,Sinhala,Vegetarian,Yes,No,Yes,Shellfish
1,T1,22,Obese,Sinhala,Vegetarian,Yes,Yes,No,Shellfish
1,T1,24,Obese,Sinhala,Vegetarian,Yes,Yes,Yes,Shellfish
5,T1,27,Obese,Sinhala,Vegetarian,No,No,No,Red meat
4,T1,27,Obese,Sinhala,Vegetarian,No,No,Yes,Red meat
3,T1,23,Obese,Sinhala,Vegetarian,No,Yes,No,Red meat
1,T1,25,Obese,Sinhala,Vegetarian,No,Yes,Yes,Red meat
2,T1,24,Obese,Sinhala,Vegetarian,Yes,No,No,Red meat
1,T1,29,Obese,Sinhala,Vegetarian,Yes,No,Yes,Red meat
1,T1,24,Obese,Sinhala,Vegetarian,Yes,Yes,No,Red meat
1,T1,24,Obese,Sinhala,Vegetarian,Yes,Yes,Yes,Red meat
7,T1,20,Obese,Tamil,Any,No,No,No,None
4,T1,22,Obese,Tamil,Any,No,No,Yes,None
3,T1,21,Obese,Tamil,Any,No,Yes,No,None
1,T1,25,Obese,Tamil,Any,No,Yes,Yes,None
2,T1,29,Obese,Tamil,Any,Yes,No,No,None
1,T1,26,Obese,Tamil,Any,Yes,No,Yes,None
1,T1,26,Obese,Tamil,Any,Yes,Yes,No,None
1,T1,24,Obese,Tamil,Any,Yes,Yes,Yes,None
5,T1,25,Obese,Tamil,Any,No,No,No,Shellfish
4,T1,25,Obese,Tamil,Any,No,No,Yes,Shellfish
3,T1,29,Obese,Tamil,Any,No,Yes,No,Shellfish
1,T1,20,Obese,Tamil,Any,No,Yes,Yes,Shellfish
2,T1,28,Obese,Tamil,Any,Yes,No,No,Shellfish
1,T1,29,Obese,Tamil,Any,Yes,No,Yes,Shellfish
1,T1,23,Obese,Tamil,Any,Yes,Yes,No,Shellfish
1,T1,28,Obese,Tamil,Any,Yes,Yes,Yes,Shellfish
5,T1,21,Obese,Tamil,Any,No,No,No,Red meat
4,T1,29,Obese,Tamil,Any,No,No,Yes,Red meat
3,T1,20,Obese,Tamil,Any,No,Yes,No,Red meat
1,T1,22,Obese,Tamil,Any,No,Yes,Yes,Red meat
2,T1,27,Obese,Tamil,Any,Yes,No,No,Red meat
1,T1,20,Obese,Tamil,Any,Yes,No,Yes,Red meat
1,T1,22,Obese,Tamil,Any,Yes,Yes,No,Red meat
1,T1,27,Obese,Tamil,Any,Yes,Yes,Yes,Red meat
7,T1,20,Obese,Tamil,Vegetarian,No,No,No,None
4,T1,22,Obese,Tamil,Vegetarian,No,No,Yes,None
3,T1,28,Obese,Tamil,Vegetarian,No,Yes,No,None
1,T1,29,Obese,Tamil,Vegetarian,No,Yes,Yes,None
2,T1,28,Obese,Tamil,Vegetarian,Yes,No,No,None
1,T1,25,Obese,Tamil,Vegetarian,Yes,No,Yes,None
1,T1,28,Obese,Tamil,Vegetarian,Yes,Yes,No,None
1,T1,24,Obese,Tamil,Vegetarian,Yes,Yes,Yes,None
5,T1,25,Obese,Tamil,Vegetarian,No,No,No,Shellfish
4,T1,24,Obese,Tamil,Vegetarian,No,No,Yes,Shellfish
3,T1,28,Obese,Tamil,Vegetarian,No,Yes,No,Shellfish
1,T1,27,Obese,Tamil,Vegetarian,No,Yes,Yes,Shellfish
2,T1,20,Obese,Tamil,Vegetarian,Yes,No,No,Shellfish
1,T1,26,Obese,Tamil,Vegetarian,Yes,No,Yes,Shellfish
1,T1,20,Obese,Tamil,Vegetarian,Yes,Yes,No,Shellfish
1,T1,23,Obese,Tamil,Vegetarian,Yes,Yes,Yes,Shellfish
5,T1,20,Obese,Tamil,Vegetarian,No,No,No,Red meat
4,T1,21,Obese,Tamil,Vegetarian,No,No,Yes,Red meat
3,T1,20,Obese,Tamil,Vegetarian,No,Yes,No,Red meat
1,T1,21,Obese,Tamil,Vegetarian,No,Yes,Yes,Red meat
2,T1,20,Obese,Tamil,Vegetarian,Yes,No,No,Red meat
1,T1,22,Obese,Tamil,Vegetarian,Yes,No,Yes,Red meat
1,T1,21,Obese,Tamil,Vegetarian,Yes,Yes,No,Red meat
1,T1,24,Obese,Tamil,Vegetarian,Yes,Yes,Yes,Red meat
7,T1,22,Obese,Muslim,Any,No,No,No,None
4,T1,27,Obese,Muslim,Any,No,No,Yes,None
3,T1,22,Obese,Muslim,Any,No,Yes,No,None
1,T1,20,Obese,Muslim,Any,No,Yes,Yes,None
2,T1,25,Obese,Muslim,Any,Yes,No,No,None
1,T1,29,Obese,Muslim,Any,Yes,No,Yes,None
1,T1,21,Obese,Muslim,Any,Yes,Yes,No,None
1,T1,22,Obese,Muslim,Any,Yes,Yes,Yes,None
5,T1,29,Obese,Muslim,Any,No,No,No,Shellfish
4,T1,29,Obese,Muslim,Any,No,No,Yes,Shellfish
3,T1,24,Obese,Muslim,Any,No,Yes,No,Shellfish
1,T1,22,Obese,Muslim,Any,No,Yes,Yes,Shellfish
2,T1,29,Obese,Muslim,Any,Yes,No,No,Shellfish
1,T1,28,Obese,Muslim,Any,Yes,No,Yes,Shellfish
1,T1,28,Obese,Muslim,Any,Yes,Yes,No,Shellfish
1,T1,29,Obese,Muslim,Any,Yes,Yes,Yes,Shellfish
5,T1,22,Obese,Muslim,Any,No,No,No,Red meat
4,T1,20,Obese,Muslim,Any,No,No,Yes,Red meat
3,T1,21,Obese,Muslim,Any,No,Yes,No,Red meat
1,T1,21,Obese,Muslim,Any,No,Yes,Yes,Red meat
2,T1,28,Obese,Muslim,Any,Yes,No,No,Red meat
1,T1,26,Obese,Muslim,Any,Yes,No,Yes,Red meat
1,T1,22,Obese,Muslim,Any,Yes,Yes,No,Red meat
1,T1,28,Obese,Muslim,Any,Yes,Yes,Yes,Red meat
7,T1,26,Obese,Muslim,Vegetarian,No,No,No,None
4,T1,29,Obese,Muslim,Vegetarian,No,No,Yes,None
3,T1,25,Obese,Muslim,Vegetarian,No,Yes,No,None
1,T1,21,Obese,Muslim,Vegetarian,No,Yes,Yes,None
2,T1,25,Obese,Muslim,Vegetarian,Yes,No,No,None
1,T1,23,Obese,Muslim,Vegetarian,Yes,No,Yes,None
1,T1,24,Obese,Muslim,Vegetarian,Yes,Yes,No,None
1,T1,21,Obese,Muslim,Vegetarian,Yes,Yes,Yes,None
5,T1,27,Obese,Muslim,Vegetarian,No,No,No,Shellfish
4,T1,29,Obese,Muslim,Vegetarian,No,No,Yes,Shellfish
3,T1,25,Obese,Muslim,Vegetarian,No,Yes,No,Shellfish
1,T1,28,Obese,Muslim,Vegetarian,No,Yes,Yes,Shellfish
2,T1,20,Obese,Muslim,Vegetarian,Yes,No,No,Shellfish
1,T1,22,Obese,Muslim,Vegetarian,Yes,No,Yes,Shellfish
1,T1,22,Obese,Muslim,Vegetarian,Yes,Yes,No,Shellfish
1,T1,22,Obese,Muslim,Vegetarian,Yes,Yes,Yes,Shellfish
5,T1,25,Obese,Muslim,Vegetarian,No,No,No,Red meat
4,T1,25,Obese,Muslim,Vegetarian,No,No,Yes,Red meat
3,T1,27,Obese,Muslim,Vegetarian,No,Yes,No,Red meat
1,T1,24,Obese,Muslim,Vegetarian,No,Yes,Yes,Red meat
2,T1,28,Obese,Muslim,Vegetarian,Yes,No,No,Red meat
1,T1,21,Obese,Muslim,Vegetarian,Yes,No,Yes,Red meat
1,T1,25,Obese,Muslim,Vegetarian,Yes,Yes,No,Red meat
1,T1,24,Obese,Muslim,Vegetarian,Yes,Yes,Yes,Red meat
6,T1,31,Underweight,Sinhala,Any,No,No,No,None
4,T1,30,Underweight,Sinhala,Any,No,No,Yes,None
3,T1,30,Underweight,Sinhala,Any,No,Yes,No,None
1,T1,32,Underweight,Sinhala,Any,No,Yes,Yes,None
2,T1,34,Underweight,Sinhala,Any,Yes,No,No,None
1,T1,32,Underweight,Sinhala,Any,Yes,No,Yes,None
1,T1,30,Underweight,Sinhala,Any,Yes,Yes,No,None
1,T1,32,Underweight,Sinhala,Any,Yes,Yes,Yes,None
5,T1,34,Underweight,Sinhala,Any,No,No,No,Shellfish
4,T1,33,Underweight,Sinhala,Any,No,No,Yes,Shellfish
3,T1,30,Underweight,Sinhala,Any,No,Yes,No,Shellfish
1,T1,32,Underweight,Sinhala,Any,No,Yes,Yes,Shellfish
2,T1,33,Underweight,Sinhala,Any,Yes,No,No,Shellfish
1,T1,30,Underweight,Sinhala,Any,Yes,No,Yes,Shellfish
1,T1,30,Underweight,Sinhala,Any,Yes,Yes,No,Shellfish
1,T1,30,Underweight,Sinhala,Any,Yes,Yes,Yes,Shellfish
5,T1,30,Underweight,Sinhala,Any,No,No,No,Red meat
4,T1,31,Underweight,Sinhala,Any,No,No,Yes,Red meat
3,T1,30,Underweight,Sinhala,Any,No,Yes,No,Red meat
1,T1,34,Underweight,Sinhala,Any,No,Yes,Yes,Red meat
2,T1,32,Underweight,Sinhala,Any,Yes,No,No,Red meat
1,T1,33,Underweight,Sinhala,Any,Yes,No,Yes,Red meat
1,T1,30,Underweight,Sinhala,Any,Yes,Yes,No,Red meat
1,T1,33,Underweight,Sinhala,Any,Yes,Yes,Yes,Red meat
6,T1,33,Underweight,Sinhala,Vegetarian,No,No,No,None
4,T1,31,Underweight,Sinhala,Vegetarian,No,No,Yes,None
3,T1,34,Underweight,Sinhala,Vegetarian,No,Yes,No,None
1,T1,32,Underweight,Sinhala,Vegetarian,No,Yes,Yes,None
2,T1,33,Underweight,Sinhala,Vegetarian,Yes,No,No,None
1,T1,30,Underweight,Sinhala,Vegetarian,Yes,No,Yes,None
1,T1,30,Underweight,Sinhala,Vegetarian,Yes,Yes,No,None
1,T1,32,Underweight,Sinhala,Vegetarian,Yes,Yes,Yes,None
5,T1,34,Underweight,Sinhala,Vegetarian,No,No,No,Shellfish
4,T1,34,Underweight,Sinhala,Vegetarian,No,No,Yes,Shellfish
3,T1,30,Underweight,Sinhala,Vegetarian,No,Yes,No,Shellfish
1,T1,33,Underweight,Sinhala,Vegetarian,No,Yes,Yes,Shellfish
2,T1,34,Underweight,Sinhala,Vegetarian,Yes,No,No,Shellfish
1,T1,34,Underweight,Sinhala,Vegetarian,Yes,No,Yes,Shellfish
1,T1,32,Underweight,Sinhala,Vegetarian,Yes,Yes,No,Shellfish
1,T1,32,Underweight,Sinhala,Vegetarian,Yes,Yes,Yes,Shellfish
5,T1,31,Underweight,Sinhala,Vegetarian,No,No,No,Red meat
4,T1,33,Underweight,Sinhala,Vegetarian,No,No,Yes,Red meat
3,T1,31,Underweight,Sinhala,Vegetarian,No,Yes,No,Red meat
1,T1,34,Underweight,Sinhala,Vegetarian,No,Yes,Yes,Red meat
2,T1,32,Underweight,Sinhala,Vegetarian,Yes,No,No,Red meat
1,T1,31,Underweight,Sinhala,Vegetarian,Yes,No,Yes,Red meat
1,T1,34,Underweight,Sinhala,Vegetarian,Yes,Yes,No,Red meat
1,T1,30,Underweight,Sinhala,Vegetarian,Yes,Yes,Yes,Red meat
6,T1,32,Underweight,Tamil,Any,No,No,No,None
4,T1,30,Underweight,Tamil,Any,No,No,Yes,None
3,T1,30,Underweight,Tamil,Any,No,Yes,No,None
1,T1,30,Underweight,Tamil,Any,No,Yes,Yes,None
2,T1,30,Underweight,Tamil,Any,Yes,No,No,None
1,T1,30,Underweight,Tamil,Any,Yes,No,Yes,None
1,T1,34,Underweight,Tamil,Any,Yes,Yes,No,None
1,T1,34,Underweight,Tamil,Any,Yes,Yes,Yes,None
5,T1,33,Underweight,Tamil,Any,No,No,No,Shellfish
4,T1,30,Underweight,Tamil,Any,No,No,Yes,Shellfish
3,T1,30,Underweight,Tamil,Any,No,Yes,No,Shellfish
1,T1,31,Underweight,Tamil,Any,No,Yes,Yes,Shellfish
2,T1,32,Underweight,Tamil,Any,Yes,No,No,Shellfish
1,T1,32,Underweight,Tamil,Any,Yes,No,Yes,Shellfish
1,T1,31,Underweight,Tamil,Any,Yes,Yes,No,Shellfish
1,T1,34,Underweight,Tamil,Any,Yes,Yes,Yes,Shellfish
5,T1,32,Underweight,Tamil,Any,No,No,No,Red meat
4,T1,34,Underweight,Tamil,Any,No,No,Yes,Red meat
3,T1,34,Underweight,Tamil,Any,No,Yes,No,Red meat
1,T1,32,Underweight,Tamil,Any,No,Yes,Yes,Red meat
2,T1,33,Underweight,Tamil,Any,Yes,No,No,Red meat
1,T1,30,Underweight,Tamil,Any,Yes,No,Yes,Red meat
1,T1,31,Underweight,Tamil,Any,Yes,Yes,No,Red meat
1,T1,33,Underweight,Tamil,Any,Yes,Yes,Yes,Red meat
6,T1,34,Underweight,Tamil,Vegetarian,No,No,No,None
4,T1,33,Underweight,Tamil,Vegetarian,No,No,Yes,None
3,T1,30,Underweight,Tamil,Vegetarian,No,Yes,No,None
1,T1,30,Underweight,Tamil,Vegetarian,No,Yes,Yes,None
2,T1,34,Underweight,Tamil,Vegetarian,Yes,No,No,None
1,T1,31,Underweight,Tamil,Vegetarian,Yes,No,Yes,None
1,T1,32,Underweight,Tamil,Vegetarian,Yes,Yes,No,None
1,T1,34,Underweight,Tamil,Vegetarian,Yes,Yes,Yes,None
5,T1,31,Underweight,Tamil,Vegetarian,No,No,No,Shellfish
4,T1,34,Underweight,Tamil,Vegetarian,No,No,Yes,Shellfish
3,T1,32,Underweight,Tamil,Vegetarian,No,Yes,No,Shellfish
1,T1,31,Underweight,Tamil,Vegetarian,No,Yes,Yes,Shellfish
2,T1,34,Underweight,Tamil,Vegetarian,Yes,No,No,Shellfish
1,T1,33,Underweight,Tamil,Vegetarian,Yes,No,Yes,Shellfish
1,T1,30,Underweight,Tamil,Vegetarian,Yes,Yes,No,Shellfish
1,T1,34,Underweight,Tamil,Vegetarian,Yes,Yes,Yes,Shellfish
5,T1,30,Underweight,Tamil,Vegetarian,No,No,No,Red meat
4,T1,32,Underweight,Tamil,Vegetarian,No,No,Yes,Red meat
3,T1,32,Underweight,Tamil,Vegetarian,No,Yes,No,Red meat
1,T1,33,Underweight,Tamil,Vegetarian,No,Yes,Yes,Red meat
2,T1,34,Underweight,Tamil,Vegetarian,Yes,No,No,Red meat
1,T1,31,Underweight,Tamil,Vegetarian,Yes,No,Yes,Red meat
1,T1,34,Underweight,Tamil,Vegetarian,Yes,Yes,No,Red meat
1,T1,32,Underweight,Tamil,Vegetarian,Yes,Yes,Yes,Red meat
6,T1,33,Underweight,Muslim,Any,No,No,No,None
4,T1,32,Underweight,Muslim,Any,No,No,Yes,None
3,T1,31,Underweight,Muslim,Any,No,Yes,No,None
1,T1,34,Underweight,Muslim,Any,No,Yes,Yes,None
2,T1,31,Underweight,Muslim,Any,Yes,No,No,None
1,T1,32,Underweight,Muslim,Any,Yes,No,Yes,None
1,T1,31,Underweight,Muslim,Any,Yes,Yes,No,None
1,T1,30,Underweight,Muslim,Any,Yes,Yes,Yes,None
5,T1,32,Underweight,Muslim,Any,No,No,No,Shellfish
4,T1,30,Underweight,Muslim,Any,No,No,Yes,Shellfish
3,T1,33,Underweight,Muslim,Any,No,Yes,No,Shellfish
1,T1,32,Underweight,Muslim,Any,No,Yes,Yes,Shellfish
2,T1,32,Underweight,Muslim,Any,Yes,No,No,Shellfish
1,T1,34,Underweight,Muslim,Any,Yes,No,Yes,Shellfish
1,T1,30,Underweight,Muslim,Any,Yes,Yes,No,Shellfish
1,T1,30,Underweight,Muslim,Any,Yes,Yes,Yes,Shellfish
5,T1,32,Underweight,Muslim,Any,No,No,No,Red meat
4,T1,32,Underweight,Muslim,Any,No,No,Yes,Red meat
3,T1,30,Underweight,Muslim,Any,No,Yes,No,Red meat
1,T1,31,Underweight,Muslim,Any,No,Yes,Yes,Red meat
2,T1,34,Underweight,Muslim,Any,Yes,No,No,Red meat
1,T1,34,Underweight,Muslim,Any,Yes,No,Yes,Red meat
1,T1,30,Underweight,Muslim,Any,Yes,Yes,No,Red meat
1,T1,31,Underweight,Muslim,Any,Yes,Yes,Yes,Red meat
6,T1,33,Underweight,Muslim,Vegetarian,No,No,No,None
4,T1,33,Underweight,Muslim,Vegetarian,No,No,Yes,None
3,T1,34,Underweight,Muslim,Vegetarian,No,Yes,No,None
1,T1,30,Underweight,Muslim,Vegetarian,No,Yes,Yes,None
2,T1,30,Underweight,Muslim,Vegetarian,Yes,No,No,None
1,T1,34,Underweight,Muslim,Vegetarian,Yes,No,Yes,None
1,T1,34,Underweight,Muslim,Vegetarian,Yes,Yes,No,None
1,T1,32,Underweight,Muslim,Vegetarian,Yes,Yes,Yes,None
5,T1,33,Underweight,Muslim,Vegetarian,No,No,No,Shellfish
4,T1,31,Underweight,Muslim,Vegetarian,No,No,Yes,Shellfish
3,T1,33,Underweight,Muslim,Vegetarian,No,Yes,No,Shellfish
1,T1,31,Underweight,Muslim,Vegetarian,No,Yes,Yes,Shellfish
2,T1,31,Underweight,Muslim,Vegetarian,Yes,No,No,Shellfish
1,T1,34,Underweight,Muslim,Vegetarian,Yes,No,Yes,Shellfish
1,T1,31,Underweight,Muslim,Vegetarian,Yes,Yes,No,Shellfish
1,T1,33,Underweight,Muslim,Vegetarian,Yes,Yes,Yes,Shellfish
5,T1,34,Underweight,Muslim,Vegetarian,No,No,No,Red meat
4,T1,32,Underweight,Muslim,Vegetarian,No,No,Yes,Red meat
3,T1,33,Underweight,Muslim,Vegetarian,No,Yes,No,Red meat
1,T1,32,Underweight,Muslim,Vegetarian,No,Yes,Yes,Red meat
2,T1,34,Underweight,Muslim,Vegetarian,Yes,No,No,Red meat
1,T1,30,Underweight,Muslim,Vegetarian,Yes,No,Yes,Red meat
1,T1,30,Underweight,Muslim,Vegetarian,Yes,Yes,No,Red meat
1,T1,33,Underweight,Muslim,Vegetarian,Yes,Yes,Yes,Red meat
8,T1,32,Normal,Sinhala,Any,No,No,No,None
4,T1,34,Normal,Sinhala,Any,No,No,Yes,None
3,T1,32,Normal,Sinhala,Any,No,Yes,No,None
1,T1,33,Normal,Sinhala,Any,No,Yes,Yes,None
2,T1,33,Normal,Sinhala,Any,Yes,No,No,None
1,T1,31,Normal,Sinhala,Any,Yes,No,Yes,None
1,T1,34,Normal,Sinhala,Any,Yes,Yes,No,None
1,T1,34,Normal,Sinhala,Any,Yes,Yes,Yes,None
5,T1,30,Normal,Sinhala,Any,No,No,No,Shellfish
4,T1,32,Normal,Sinhala,Any,No,No,Yes,Shellfish
3,T1,34,Normal,Sinhala,Any,No,Yes,No,Shellfish
1,T1,34,Normal,Sinhala,Any,No,Yes,Yes,Shellfish
2,T1,33,Normal,Sinhala,Any,Yes,No,No,Shellfish
1,T1,31,Normal,Sinhala,Any,Yes,No,Yes,Shellfish
1,T1,34,Normal,Sinhala,Any,Yes,Yes,No,Shellfish
1,T1,30,Normal,Sinhala,Any,Yes,Yes,Yes,Shellfish
5,T1,30,Normal,Sinhala,Any,No,No,No,Red meat
4,T1,32,Normal,Sinhala,Any,No,No,Yes,Red meat
3,T1,34,Normal,Sinhala,Any,No,Yes,No,Red meat
1,T1,34,Normal,Sinhala,Any,No,Yes,Yes,Red meat
2,T1,33,Normal,Sinhala,Any,Yes,No,No,Red meat
1,T1,34,Normal,Sinhala,Any,Yes,No,Yes,Red meat
1,T1,34,Normal,Sinhala,Any,Yes,Yes,No,Red meat
1,T1,30,Normal,Sinhala,Any,Yes,Yes,Yes,Red meat
9,T1,30,Normal,Sinhala,Vegetarian,No,No,No,None
4,T1,30,Normal,Sinhala,Vegetarian,No,No,Yes,None
3,T1,31,Normal,Sinhala,Vegetarian,No,Yes,No,None
1,T1,32,Normal,Sinhala,Vegetarian,No,Yes,Yes,None
2,T1,34,Normal,Sinhala,Vegetarian,Yes,No,No,None
1,T1,34,Normal,Sinhala,Vegetarian,Yes,No,Yes,None
1,T1,34,Normal,Sinhala,Vegetarian,Yes,Yes,No,None
1,T1,30,Normal,Sinhala,Vegetarian,Yes,Yes,Yes,None
5,T1,32,Normal,Sinhala,Vegetarian,No,No,No,Shellfish
4,T1,30,Normal,Sinhala,Vegetarian,No,No,Yes,Shellfish
3,T1,34,Normal,Sinhala,Vegetarian,No,Yes,No,Shellfish
1,T1,34,Normal,Sinhala,Vegetarian,No,Yes,Yes,Shellfish
2,T1,33,Normal,Sinhala,Vegetarian,Yes,No,No,Shellfish
1,T1,34,Normal,Sinhala,Vegetarian,Yes,No,Yes,Shellfish
1,T1,33,Normal,Sinhala,Vegetarian,Yes,Yes,No,Shellfish
1,T1,32,Normal,Sinhala,Vegetarian,Yes,Yes,Yes,Shellfish
5,T1,31,Normal,Sinhala,Vegetarian,No,No,No,Red meat
4,T1,34,Normal,Sinhala,Vegetarian,No,No,Yes,Red meat
3,T1,31,Normal,Sinhala,Vegetarian,No,Yes,No,Red meat
1,T1,30,Normal,Sinhala,Vegetarian,No,Yes,Yes,Red meat
2,T1,32,Normal,Sinhala,Vegetarian,Yes,No,No,Red meat
1,T1,33,Normal,Sinhala,Vegetarian,Yes,No,Yes,Red meat
1,T1,33,Normal,Sinhala,Vegetarian,Yes,Yes,No,Red meat
1,T1,34,Normal,Sinhala,Vegetarian,Yes,Yes,Yes,Red meat
8,T1,31,Normal,Tamil,Any,No,No,No,None
4,T1,31,Normal,Tamil,Any,No,No,Yes,None
3,T1,31,Normal,Tamil,Any,No,Yes,No,None
1,T1,30,Normal,Tamil,Any,No,Yes,Yes,None
2,T1,30,Normal,Tamil,Any,Yes,No,No,None
1,T1,34,Normal,Tamil,Any,Yes,No,Yes,None
1,T1,33,Normal,Tamil,Any,Yes,Yes,No,None
1,T1,30,Normal,Tamil,Any,Yes,Yes,Yes,None
5,T1,30,Normal,Tamil,Any,No,No,No,Shellfish
4,T1,31,Normal,Tamil,Any,No,No,Yes,Shellfish
3,T1,34,Normal,Tamil,Any,No,Yes,No,Shellfish
1,T1,33,Normal,Tamil,Any,No,Yes,Yes,Shellfish
2,T1,31,Normal,Tamil,Any,Yes,No,No,Shellfish
1,T1,31,Normal,Tamil,Any,Yes,No,Yes,Shellfish
1,T1,31,Normal,Tamil,Any,Yes,Yes,No,Shellfish
1,T1,30,Normal,Tamil,Any,Yes,Yes,Yes,Shellfish
5,T1,32,Normal,Tamil,Any,No,No,No,Red meat
4,T1,32,Normal,Tamil,Any,No,No,Yes,Red meat
3,T1,30,Normal,Tamil,Any,No,Yes,No,Red meat
1,T1,32,Normal,Tamil,Any,No,Yes,Yes,Red meat
2,T1,30,Normal,Tamil,Any,Yes,No,No,Red meat
1,T1,32,Normal,Tamil,Any,Yes,No,Yes,Red meat
1,T1,31,Normal,Tamil,Any,Yes,Yes,No,Red meat
1,T1,32,Normal,Tamil,Any,Yes,Yes,Yes,Red meat
9,T1,33,Normal,Tamil,Vegetarian,No,No,No,None
4,T1,32,Normal,Tamil,Vegetarian,No,No,Yes,None
3,T1,30,Normal,Tamil,Vegetarian,No,Yes,No,None
1,T1,30,Normal,Tamil,Vegetarian,No,Yes,Yes,None
2,T1,34,Normal,Tamil,Vegetarian,Yes,No,No,None
1,T1,30,Normal,Tamil,Vegetarian,Yes,No,Yes,None
1,T1,31,Normal,Tamil,Vegetarian,Yes,Yes,No,None
1,T1,31,Normal,Tamil,Vegetarian,Yes,Yes,Yes,None
5,T1,32,Normal,Tamil,Vegetarian,No,No,No,Shellfish
4,T1,31,Normal,Tamil,Vegetarian,No,No,Yes,Shellfish
3,T1,33,Normal,Tamil,Vegetarian,No,Yes,No,Shellfish
1,T1,33,Normal,Tamil,Vegetarian,No,Yes,Yes,Shellfish
2,T1,31,Normal,Tamil,Vegetarian,Yes,No,No,Shellfish
1,T1,31,Normal,Tamil,Vegetarian,Yes,No,Yes,Shellfish
1,T1,32,Normal,Tamil,Vegetarian,Yes,Yes,No,Shellfish
1,T1,31,Normal,Tamil,Vegetarian,Yes,Yes,Yes,Shellfish
5,T1,34,Normal,Tamil,Vegetarian,No,No,No,Red meat
4,T1,32,Normal,Tamil,Vegetarian,No,No,Yes,Red meat
3,T1,32,Normal,Tamil,Vegetarian,No,Yes,No,Red meat
1,T1,30,Normal,Tamil,Vegetarian,No,Yes,Yes,Red meat
2,T1,34,Normal,Tamil,Vegetarian,Yes,No,No,Red meat
1,T1,31,Normal,Tamil,Vegetarian,Yes,No,Yes,Red meat
1,T1,33,Normal,Tamil,Vegetarian,Yes,Yes,No,Red meat
1,T1,30,Normal,Tamil,Vegetarian,Yes,Yes,Yes,Red meat
8,T1,34,Normal,Muslim,Any,No,No,No,None
4,T1,33,Normal,Muslim,Any,No,No,Yes,None
3,T1,33,Normal,Muslim,Any,No,Yes,No,None
1,T1,31,Normal,Muslim,Any,No,Yes,Yes,None
2,T1,33,Normal,Muslim,Any,Yes,No,No,None
1,T1,32,Normal,Muslim,Any,Yes,No,Yes,None
1,T1,32,Normal,Muslim,Any,Yes,Yes,No,None
1,T1,30,Normal,Muslim,Any,Yes,Yes,Yes,None
5,T1,34,Normal,Muslim,Any,No,No,No,Shellfish
4,T1,34,Normal,Muslim,Any,No,No,Yes,Shellfish
3,T1,30,Normal,Muslim,Any,No,Yes,No,Shellfish
1,T1,33,Normal,Muslim,Any,No,Yes,Yes,Shellfish
2,T1,32,Normal,Muslim,Any,Yes,No,No,Shellfish
1,T1,32,Normal,Muslim,Any,Yes,No,Yes,Shellfish
1,T1,33,Normal,Muslim,Any,Yes,Yes,No,Shellfish
1,T1,32,Normal,Muslim,Any,Yes,Yes,Yes,Shellfish
5,T1,33,Normal,Muslim,Any,No,No,No,Red meat
4,T1,31,Normal,Muslim,Any,No,No,Yes,Red meat
3,T1,30,Normal,Muslim,Any,No,Yes,No,Red meat
1,T1,30,Normal,Muslim,Any,No,Yes,Yes,Red meat
2,T1,31,Normal,Muslim,Any,Yes,No,No,Red meat
1,T1,30,Normal,Muslim,Any,Yes,No,Yes,Red meat
1,T1,30,Normal,Muslim,Any,Yes,Yes,No,Red meat
1,T1,33,Normal,Muslim,Any,Yes,Yes,Yes,Red meat
9,T1,33,Normal,Muslim,Vegetarian,No,No,No,None
4,T1,32,Normal,Muslim,Vegetarian,No,No,Yes,None
3,T1,31,Normal,Muslim,Vegetarian,No,Yes,No,None
1,T1,30,Normal,Muslim,Vegetarian,No,Yes,Yes,None
2,T1,34,Normal,Muslim,Vegetarian,Yes,No,No,None
1,T1,31,Normal,Muslim,Vegetarian,Yes,No,Yes,None
1,T1,31,Normal,Muslim,Vegetarian,Yes,Yes,No,None
1,T1,33,Normal,Muslim,Vegetarian,Yes,Yes,Yes,None
5,T1,34,Normal,Muslim,Vegetarian,No,No,No,Shellfish
4,T1,33,Normal,Muslim,Vegetarian,No,No,Yes,Shellfish
3,T1,30,Normal,Muslim,Vegetarian,No,Yes,No,Shellfish
1,T1,33,Normal,Muslim,Vegetarian,No,Yes,Yes,Shellfish
2,T1,32,Normal,Muslim,Vegetarian,Yes,No,No,Shellfish
1,T1,34,Normal,Muslim,Vegetarian,Yes,No,Yes,Shellfish
1,T1,34,Normal,Muslim,Vegetarian,Yes,Yes,No,Shellfish
1,T1,31,Normal,Muslim,Vegetarian,Yes,Yes,Yes,Shellfish
5,T1,32,Normal,Muslim,Vegetarian,No,No,No,Red meat
4,T1,33,Normal,Muslim,Vegetarian,No,No,Yes,Red meat
3,T1,34,Normal,Muslim,Vegetarian,No,Yes,No,Red meat
1,T1,33,Normal,Muslim,Vegetarian,No,Yes,Yes,Red meat
2,T1,33,Normal,Muslim,Vegetarian,Yes,No,No,Red meat
1,T1,33,Normal,Muslim,Vegetarian,Yes,No,Yes,Red meat
1,T1,34,Normal,Muslim,Vegetarian,Yes,Yes,No,Red meat
1,T1,32,Normal,Muslim,Vegetarian,Yes,Yes,Yes,Red meat
8,T1,33,Overweight,Sinhala,Any,No,No,No,None
4,T1,30,Overweight,Sinhala,Any,No,No,Yes,None
3,T1,30,Overweight,Sinhala,Any,No,Yes,No,None
1,T1,31,Overweight,Sinhala,Any,No,Yes,Yes,None
2,T1,31,Overweight,Sinhala,Any,Yes,No,No,None
1,T1,30,Overweight,Sinhala,Any,Yes,No,Yes,None
1,T1,30,Overweight,Sinhala,Any,Yes,Yes,No,None
1,T1,31,Overweight,Sinhala,Any,Yes,Yes,Yes,None
5,T1,32,Overweight,Sinhala,Any,No,No,No,Shellfish
4,T1,30,Overweight,Sinhala,Any,No,No,Yes,Shellfish
3,T1,31,Overweight,Sinhala,Any,No,Yes,No,Shellfish
1,T1,31,Overweight,Sinhala,Any,No,Yes,Yes,Shellfish
2,T1,31,Overweight,Sinhala,Any,Yes,No,No,Shellfish
1,T1,32,Overweight,Sinhala,Any,Yes,No,Yes,Shellfish
1,T1,34,Overweight,Sinhala,Any,Yes,Yes,No,Shellfish
1,T1,32,Overweight,Sinhala,Any,Yes,Yes,Yes,Shellfish
5,T1,33,Overweight,Sinhala,Any,No,No,No,Red meat
4,T1,32,Overweight,Sinhala,Any,No,No,Yes,Red meat
3,T1,34,Overweight,Sinhala,Any,No,Yes,No,Red meat
1,T1,32,Overweight,Sinhala,Any,No,Yes,Yes,Red meat
2,T1,34,Overweight,Sinhala,Any,Yes,No,No,Red meat
1,T1,31,Overweight,Sinhala,Any,Yes,No,Yes,Red meat
1,T1,31,Overweight,Sinhala,Any,Yes,Yes,No,Red meat
1,T1,31,Overweight,Sinhala,Any,Yes,Yes,Yes,Red meat
9,T1,33,Overweight,Sinhala,Vegetarian,No,No,No,None
4,T1,33,Overweight,Sinhala,Vegetarian,No,No,Yes,None
3,T1,33,Overweight,Sinhala,Vegetarian,No,Yes,No,None
1,T1,34,Overweight,Sinhala,Vegetarian,No,Yes,Yes,None
2,T1,30,Overweight,Sinhala,Vegetarian,Yes,No,No,None
1,T1,31,Overweight,Sinhala,Vegetarian,Yes,No,Yes,None
1,T1,33,Overweight,Sinhala,Vegetarian,Yes,Yes,No,None
1,T1,34,Overweight,Sinhala,Vegetarian,Yes,Yes,Yes,None
5,T1,30,Overweight,Sinhala,Vegetarian,No,No,No,Shellfish
4,T1,34,Overweight,Sinhala,Vegetarian,No,No,Yes,Shellfish
3,T1,32,Overweight,Sinhala,Vegetarian,No,Yes,No,Shellfish
1,T1,33,Overweight,Sinhala,Vegetarian,No,Yes,Yes,Shellfish
2,T1,32,Overweight,Sinhala,Vegetarian,Yes,No,No,Shellfish
1,T1,32,Overweight,Sinhala,Vegetarian,Yes,No,Yes,Shellfish
1,T1,32,Overweight,Sinhala,Vegetarian,Yes,Yes,No,Shellfish
1,T1,31,Overweight,Sinhala,Vegetarian,Yes,Yes,Yes,Shellfish
5,T1,33,Overweight,Sinhala,Vegetarian,No,No,No,Red meat
4,T1,30,Overweight,Sinhala,Vegetarian,No,No,Yes,Red meat
3,T1,32,Overweight,Sinhala,Vegetarian,No,Yes,No,Red meat
1,T1,31,Overweight,Sinhala,Vegetarian,No,Yes,Yes,Red meat
2,T1,30,Overweight,Sinhala,Vegetarian,Yes,No,No,Red meat
1,T1,34,Overweight,Sinhala,Vegetarian,Yes,No,Yes,Red meat
1,T1,31,Overweight,Sinhala,Vegetarian,Yes,Yes,No,Red meat
1,T1,34,Overweight,Sinhala,Vegetarian,Yes,Yes,Yes,Red meat
8,T1,30,Overweight,Tamil,Any,No,No,No,None
4,T1,31,Overweight,Tamil,Any,No,No,Yes,None
3,T1,32,Overweight,Tamil,Any,No,Yes,No,None
1,T1,30,Overweight,Tamil,Any,No,Yes,Yes,None
2,T1,34,Overweight,Tamil,Any,Yes,No,No,None
1,T1,32,Overweight,Tamil,Any,Yes,No,Yes,None
1,T1,34,Overweight,Tamil,Any,Yes,Yes,No,None
1,T1,33,Overweight,Tamil,Any,Yes,Yes,Yes,None
5,T1,31,Overweight,Tamil,Any,No,No,No,Shellfish
4,T1,32,Overweight,Tamil,Any,No,No,Yes,Shellfish
3,T1,33,Overweight,Tamil,Any,No,Yes,No,Shellfish
1,T1,30,Overweight,Tamil,Any,No,Yes,Yes,Shellfish
2,T1,31,Overweight,Tamil,Any,Yes,No,No,Shellfish
1,T1,32,Overweight,Tamil,Any,Yes,No,Yes,Shellfish
1,T1,31,Overweight,Tamil,Any,Yes,Yes,No,Shellfish
1,T1,34,Overweight,Tamil,Any,Yes,Yes,Yes,Shellfish
5,T1,30,Overweight,Tamil,Any,No,No,No,Red meat
4,T1,33,Overweight,Tamil,Any,No,No,Yes,Red meat
3,T1,32,Overweight,Tamil,Any,No,Yes,No,Red meat
1,T1,34,Overweight,Tamil,Any,No,Yes,Yes,Red meat
2,T1,32,Overweight,Tamil,Any,Yes,No,No,Red meat
1,T1,31,Overweight,Tamil,Any,Yes,No,Yes,Red meat
1,T1,34,Overweight,Tamil,Any,Yes,Yes,No,Red meat
1,T1,32,Overweight,Tamil,Any,Yes,Yes,Yes,Red meat
9,T1,32,Overweight,Tamil,Vegetarian,No,No,No,None
4,T1,30,Overweight,Tamil,Vegetarian,No,No,Yes,None
3,T1,32,Overweight,Tamil,Vegetarian,No,Yes,No,None
1,T1,34,Overweight,Tamil,Vegetarian,No,Yes,Yes,None
2,T1,30,Overweight,Tamil,Vegetarian,Yes,No,No,None
1,T1,32,Overweight,Tamil,Vegetarian,Yes,No,Yes,None
1,T1,34,Overweight,Tamil,Vegetarian,Yes,Yes,No,None
1,T1,34,Overweight,Tamil,Vegetarian,Yes,Yes,Yes,None
5,T1,31,Overweight,Tamil,Vegetarian,No,No,No,Shellfish
4,T1,32,Overweight,Tamil,Vegetarian,No,No,Yes,Shellfish
3,T1,31,Overweight,Tamil,Vegetarian,No,Yes,No,Shellfish
1,T1,30,Overweight,Tamil,Vegetarian,No,Yes,Yes,Shellfish
2,T1,31,Overweight,Tamil,Vegetarian,Yes,No,No,Shellfish
1,T1,30,Overweight,Tamil,Vegetarian,Yes,No,Yes,Shellfish
1,T1,32,Overweight,Tamil,Vegetarian,Yes,Yes,No,Shellfish
1,T1,32,Overweight,Tamil,Vegetarian,Yes,Yes,Yes,Shellfish
5,T1,30,Overweight,Tamil,Vegetarian,No,No,No,Red meat
4,T1,33,Overweight,Tamil,Vegetarian,No,No,Yes,Red meat
3,T1,30,Overweight,Tamil,Vegetarian,No,Yes,No,Red meat
1,T1,33,Overweight,Tamil,Vegetarian,No,Yes,Yes,Red meat
2,T1,31,Overweight,Tamil,Vegetarian,Yes,No,No,Red meat
1,T1,34,Overweight,Tamil,Vegetarian,Yes,No,Yes,Red meat
1,T1,34,Overweight,Tamil,Vegetarian,Yes,Yes,No,Red meat
1,T1,31,Overweight,Tamil,Vegetarian,Yes,Yes,Yes,Red meat
8,T1,33,Overweight,Muslim,Any,No,No,No,None
4,T1,33,Overweight,Muslim,Any,No,No,Yes,None
3,T1,31,Overweight,Muslim,Any,No,Yes,No,None
1,T1,34,Overweight,Muslim,Any,No,Yes,Yes,None
2,T1,34,Overweight,Muslim,Any,Yes,No,No,None
1,T1,33,Overweight,Muslim,Any,Yes,No,Yes,None
1,T1,34,Overweight,Muslim,Any,Yes,Yes,No,None
1,T1,34,Overweight,Muslim,Any,Yes,Yes,Yes,None
5,T1,33,Overweight,Muslim,Any,No,No,No,Shellfish
4,T1,33,Overweight,Muslim,Any,No,No,Yes,Shellfish
3,T1,30,Overweight,Muslim,Any,No,Yes,No,Shellfish
1,T1,31,Overweight,Muslim,Any,No,Yes,Yes,Shellfish
2,T1,31,Overweight,Muslim,Any,Yes,No,No,Shellfish
1,T1,33,Overweight,Muslim,Any,Yes,No,Yes,Shellfish
1,T1,33,Overweight,Muslim,Any,Yes,Yes,No,Shellfish
1,T1,30,Overweight,Muslim,Any,Yes,Yes,Yes,Shellfish
5,T1,32,Overweight,Muslim,Any,No,No,No,Red meat
4,T1,33,Overweight,Muslim,Any,No,No,Yes,Red meat
3,T1,32,Overweight,Muslim,Any,No,Yes,No,Red meat
1,T1,32,Overweight,Muslim,Any,No,Yes,Yes,Red meat
2,T1,30,Overweight,Muslim,Any,Yes,No,No,Red meat
1,T1,30,Overweight,Muslim,Any,Yes,No,Yes,Red meat
1,T1,30,Overweight,Muslim,Any,Yes,Yes,No,Red meat
1,T1,31,Overweight,Muslim,Any,Yes,Yes,Yes,Red meat
9,T1,33,Overweight,Muslim,Vegetarian,No,No,No,None
4,T1,31,Overweight,Muslim,Vegetarian,No,No,Yes,None
3,T1,30,Overweight,Muslim,Vegetarian,No,Yes,No,None
1,T1,33,Overweight,Muslim,Vegetarian,No,Yes,Yes,None
2,T1,31,Overweight,Muslim,Vegetarian,Yes,No,No,None
1,T1,32,Overweight,Muslim,Vegetarian,Yes,No,Yes,None
1,T1,33,Overweight,Muslim,Vegetarian,Yes,Yes,No,None
1,T1,34,Overweight,Muslim,Vegetarian,Yes,Yes,Yes,None
5,T1,34,Overweight,Muslim,Vegetarian,No,No,No,Shellfish
4,T1,34,Overweight,Muslim,Vegetarian,No,No,Yes,Shellfish
3,T1,32,Overweight,Muslim,Vegetarian,No,Yes,No,Shellfish
1,T1,32,Overweight,Muslim,Vegetarian,No,Yes,Yes,Shellfish
2,T1,31,Overweight,Muslim,Vegetarian,Yes,No,No,Shellfish
1,T1,31,Overweight,Muslim,Vegetarian,Yes,No,Yes,Shellfish
1,T1,33,Overweight,Muslim,Vegetarian,Yes,Yes,No,Shellfish
1,T1,31,Overweight,Muslim,Vegetarian,Yes,Yes,Yes,Shellfish
5,T1,31,Overweight,Muslim,Vegetarian,No,No,No,Red meat
4,T1,30,Overweight,Muslim,Vegetarian,No,No,Yes,Red meat
3,T1,32,Overweight,Muslim,Vegetarian,No,Yes,No,Red meat
1,T1,34,Overweight,Muslim,Vegetarian,No,Yes,Yes,Red meat
2,T1,31,Overweight,Muslim,Vegetarian,Yes,No,No,Red meat
1,T1,31,Overweight,Muslim,Vegetarian,Yes,No,Yes,Red meat
1,T1,33,Overweight,Muslim,Vegetarian,Yes,Yes,No,Red meat
1,T1,34,Overweight,Muslim,Vegetarian,Yes,Yes,Yes,Red meat
7,T1,30,Obese,Sinhala,Any,No,No,No,None
4,T1,31,Obese,Sinhala,Any,No,No,Yes,None
3,T1,34,Obese,Sinhala,Any,No,Yes,No,None
1,T1,34,Obese,Sinhala,Any,No,Yes,Yes,None
2,T1,30,Obese,Sinhala,Any,Yes,No,No,None
1,T1,32,Obese,Sinhala,Any,Yes,No,Yes,None
1,T1,34,Obese,Sinhala,Any,Yes,Yes,No,None
1,T1,31,Obese,Sinhala,Any,Yes,Yes,Yes,None
5,T1,32,Obese,Sinhala,Any,No,No,No,Shellfish
4,T1,32,Obese,Sinhala,Any,No,No,Yes,Shellfish
3,T1,32,Obese,Sinhala,Any,No,Yes,No,Shellfish
1,T1,30,Obese,Sinhala,Any,No,Yes,Yes,Shellfish
2,T1,34,Obese,Sinhala,Any,Yes,No,No,Shellfish
1,T1,34,Obese,Sinhala,Any,Yes,No,Yes,Shellfish
1,T1,32,Obese,Sinhala,Any,Yes,Yes,No,Shellfish
1,T1,33,Obese,Sinhala,Any,Yes,Yes,Yes,Shellfish
5,T1,34,Obese,Sinhala,Any,No,No,No,Red meat
4,T1,33,Obese,Sinhala,Any,No,No,Yes,Red meat
3,T1,30,Obese,Sinhala,Any,No,Yes,No,Red meat
1,T1,32,Obese,Sinhala,Any,No,Yes,Yes,Red meat
2,T1,30,Obese,Sinhala,Any,Yes,No,No,Red meat
1,T1,30,Obese,Sinhala,Any,Yes,No,Yes,Red meat
1,T1,33,Obese,Sinhala,Any,Yes,Yes,No,Red meat
1,T1,33,Obese,Sinhala,Any,Yes,Yes,Yes,Red meat
7,T1,30,Obese,Sinhala,Vegetarian,No,No,No,None
4,T1,33,Obese,Sinhala,Vegetarian,No,No,Yes,None
3,T1,32,Obese,Sinhala,Vegetarian,No,Yes,No,None
1,T1,33,Obese,Sinhala,Vegetarian,No,Yes,Yes,None
2,T1,33,Obese,Sinhala,Vegetarian,Yes,No,No,None
1,T1,32,Obese,Sinhala,Vegetarian,Yes,No,Yes,None
1,T1,31,Obese,Sinhala,Vegetarian,Yes,Yes,No,None
1,T1,32,Obese,Sinhala,Vegetarian,Yes,Yes,Yes,None
5,T1,34,Obese,Sinhala,Vegetarian,No,No,No,Shellfish
4,T1,33,Obese,Sinhala,Vegetarian,No,No,Yes,Shellfish
3,T1,30,Obese,Sinhala,Vegetarian,No,Yes,No,Shellfish
1,T1,30,Obese,Sinhala,Vegetarian,No,Yes,Yes,Shellfish
2,T1,34,Obese,Sinhala,Vegetarian,Yes,No,No,Shellfish
1,T1,30,Obese,Sinhala,Vegetarian,Yes,No,Yes,Shellfish
1,T1,31,Obese,Sinhala,Vegetarian,Yes,Yes,No,Shellfish
1,T1,32,Obese,Sinhala,Vegetarian,Yes,Yes,Yes,Shellfish
5,T1,34,Obese,Sinhala,Vegetarian,No,No,No,Red meat
4,T1,31,Obese,Sinhala,Vegetarian,No,No,Yes,Red meat
3,T1,34,Obese,Sinhala,Vegetarian,No,Yes,No,Red meat
1,T1,33,Obese,Sinhala,Vegetarian,No,Yes,Yes,Red meat
2,T1,34,Obese,Sinhala,Vegetarian,Yes,No,No,Red meat
1,T1,30,Obese,Sinhala,Vegetarian,Yes,No,Yes,Red meat
1,T1,33,Obese,Sinhala,Vegetarian,Yes,Yes,No,Red meat
1,T1,33,Obese,Sinhala,Vegetarian,Yes,Yes,Yes,Red meat
7,T1,34,Obese,Tamil,Any,No,No,No,None
4,T1,34,Obese,Tamil,Any,No,No,Yes,None
3,T1,30,Obese,Tamil,Any,No,Yes,No,None
1,T1,32,Obese,Tamil,Any,No,Yes,Yes,None
2,T1,31,Obese,Tamil,Any,Yes,No,No,None
1,T1,32,Obese,Tamil,Any,Yes,No,Yes,None
1,T1,33,Obese,Tamil,Any,Yes,Yes,No,None
1,T1,32,Obese,Tamil,Any,Yes,Yes,Yes,None
5,T1,31,Obese,Tamil,Any,No,No,No,Shellfish
4,T1,31,Obese,Tamil,Any,No,No,Yes,Shellfish
3,T1,31,Obese,Tamil,Any,No,Yes,No,Shellfish
1,T1,34,Obese,Tamil,Any,No,Yes,Yes,Shellfish
2,T1,34,Obese,Tamil,Any,Yes,No,No,Shellfish
1,T1,31,Obese,Tamil,Any,Yes,No,Yes,Shellfish
1,T1,32,Obese,Tamil,Any,Yes,Yes,No,Shellfish
1,T1,31,Obese,Tamil,Any,Yes,Yes,Yes,Shellfish
5,T1,32,Obese,Tamil,Any,No,No,No,Red meat
4,T1,32,Obese,Tamil,Any,No,No,Yes,Red meat
3,T1,33,Obese,Tamil,Any,No,Yes,No,Red meat
1,T1,32,Obese,Tamil,Any,No,Yes,Yes,Red meat
2,T1,34,Obese,Tamil,Any,Yes,No,No,Red meat
1,T1,34,Obese,Tamil,Any,Yes,No,Yes,Red meat
1,T1,33,Obese,Tamil,Any,Yes,Yes,No,Red meat
1,T1,34,Obese,Tamil,Any,Yes,Yes,Yes,Red meat
7,T1,30,Obese,Tamil,Vegetarian,No,No,No,None
4,T1,32,Obese,Tamil,Vegetarian,No,No,Yes,None
3,T1,33,Obese,Tamil,Vegetarian,No,Yes,No,None
1,T1,34,Obese,Tamil,Vegetarian,No,Yes,Yes,None
2,T1,33,Obese,Tamil,Vegetarian,Yes,No,No,None
1,T1,34,Obese,Tamil,Vegetarian,Yes,No,Yes,None
1,T1,34,Obese,Tamil,Vegetarian,Yes,Yes,No,None
1,T1,32,Obese,Tamil,Vegetarian,Yes,Yes,Yes,None
5,T1,33,Obese,Tamil,Vegetarian,No,No,No,Shellfish
4,T1,33,Obese,Tamil,Vegetarian,No,No,Yes,Shellfish
3,T1,34,Obese,Tamil,Vegetarian,No,Yes,No,Shellfish
1,T1,30,Obese,Tamil,Vegetarian,No,Yes,Yes,Shellfish
2,T1,34,Obese,Tamil,Vegetarian,Yes,No,No,Shellfish
1,T1,30,Obese,Tamil,Vegetarian,Yes,No,Yes,Shellfish
1,T1,31,Obese,Tamil,Vegetarian,Yes,Yes,No,Shellfish
1,T1,32,Obese,Tamil,Vegetarian,Yes,Yes,Yes,Shellfish
5,T1,30,Obese,Tamil,Vegetarian,No,No,No,Red meat
4,T1,31,Obese,Tamil,Vegetarian,No,No,Yes,Red meat
3,T1,32,Obese,Tamil,Vegetarian,No,Yes,No,Red meat
1,T1,33,Obese,Tamil,Vegetarian,No,Yes,Yes,Red meat
2,T1,33,Obese,Tamil,Vegetarian,Yes,No,No,Red meat
1,T1,32,Obese,Tamil,Vegetarian,Yes,No,Yes,Red meat
1,T1,33,Obese,Tamil,Vegetarian,Yes,Yes,No,Red meat
1,T1,32,Obese,Tamil,Vegetarian,Yes,Yes,Yes,Red meat
7,T1,33,Obese,Muslim,Any,No,No,No,None
4,T1,33,Obese,Muslim,Any,No,No,Yes,None
3,T1,34,Obese,Muslim,Any,No,Yes,No,None
1,T1,33,Obese,Muslim,Any,No,Yes,Yes,None
2,T1,30,Obese,Muslim,Any,Yes,No,No,None
1,T1,32,Obese,Muslim,Any,Yes,No,Yes,None
1,T1,32,Obese,Muslim,Any,Yes,Yes,No,None
1,T1,33,Obese,Muslim,Any,Yes,Yes,Yes,None
5,T1,33,Obese,Muslim,Any,No,No,No,Shellfish
4,T1,30,Obese,Muslim,Any,No,No,Yes,Shellfish
3,T1,31,Obese,Muslim,Any,No,Yes,No,Shellfish
1,T1,30,Obese,Muslim,Any,No,Yes,Yes,Shellfish
2,T1,33,Obese,Muslim,Any,Yes,No,No,Shellfish
1,T1,34,Obese,Muslim,Any,Yes,No,Yes,Shellfish
1,T1,30,Obese,Muslim,Any,Yes,Yes,No,Shellfish
1,T1,34,Obese,Muslim,Any,Yes,Yes,Yes,Shellfish
5,T1,33,Obese,Muslim,Any,No,No,No,Red meat
4,T1,30,Obese,Muslim,Any,No,No,Yes,Red meat
3,T1,30,Obese,Muslim,Any,No,Yes,No,Red meat
1,T1,32,Obese,Muslim,Any,No,Yes,Yes,Red meat
2,T1,30,Obese,Muslim,Any,Yes,No,No,Red meat
1,T1,33,Obese,Muslim,Any,Yes,No,Yes,Red meat
1,T1,34,Obese,Muslim,Any,Yes,Yes,No,Red meat
1,T1,33,Obese,Muslim,Any,Yes,Yes,Yes,Red meat
7,T1,30,Obese,Muslim,Vegetarian,No,No,No,None
4,T1,33,Obese,Muslim,Vegetarian,No,No,Yes,None
3,T1,31,Obese,Muslim,Vegetarian,No,Yes,No,None
1,T1,31,Obese,Muslim,Vegetarian,No,Yes,Yes,None
2,T1,32,Obese,Muslim,Vegetarian,Yes,No,No,None
1,T1,34,Obese,Muslim,Vegetarian,Yes,No,Yes,None
1,T1,32,Obese,Muslim,Vegetarian,Yes,Yes,No,None
1,T1,32,Obese,Muslim,Vegetarian,Yes,Yes,Yes,None
5,T1,31,Obese,Muslim,Vegetarian,No,No,No,Shellfish
4,T1,32,Obese,Muslim,Vegetarian,No,No,Yes,Shellfish
3,T1,33,Obese,Muslim,Vegetarian,No,Yes,No,Shellfish
1,T1,33,Obese,Muslim,Vegetarian,No,Yes,Yes,Shellfish
2,T1,30,Obese,Muslim,Vegetarian,Yes,No,No,Shellfish
1,T1,30,Obese,Muslim,Vegetarian,Yes,No,Yes,Shellfish
1,T1,31,Obese,Muslim,Vegetarian,Yes,Yes,No,Shellfish
1,T1,32,Obese,Muslim,Vegetarian,Yes,Yes,Yes,Shellfish
5,T1,30,Obese,Muslim,Vegetarian,No,No,No,Red meat
4,T1,30,Obese,Muslim,Vegetarian,No,No,Yes,Red meat
3,T1,34,Obese,Muslim,Vegetarian,No,Yes,No,Red meat
1,T1,30,Obese,Muslim,Vegetarian,No,Yes,Yes,Red meat
2,T1,33,Obese,Muslim,Vegetarian,Yes,No,No,Red meat
1,T1,33,Obese,Muslim,Vegetarian,Yes,No,Yes,Red meat
1,T1,30,Obese,Muslim,Vegetarian,Yes,Yes,No,Red meat
1,T1,34,Obese,Muslim,Vegetarian,Yes,Yes,Yes,Red meat
6,T1,36,Underweight,Sinhala,Any,No,No,No,None
4,T1,36,Underweight,Sinhala,Any,No,No,Yes,None
3,T1,38,Underweight,Sinhala,Any,No,Yes,No,None
1,T1,39,Underweight,Sinhala,Any,No,Yes,Yes,None
2,T1,40,Underweight,Sinhala,Any,Yes,No,No,None
1,T1,41,Underweight,Sinhala,Any,Yes,No,Yes,None
1,T1,37,Underweight,Sinhala,Any,Yes,Yes,No,None
1,T1,39,Underweight,Sinhala,Any,Yes,Yes,Yes,None
5,T1,39,Underweight,Sinhala,Any,No,No,No,Shellfish
4,T1,41,Underweight,Sinhala,Any,No,No,Yes,Shellfish
3,T1,38,Underweight,Sinhala,Any,No,Yes,No,Shellfish
1,T1,41,Underweight,Sinhala,Any,No,Yes,Yes,Shellfish
2,T1,41,Underweight,Sinhala,Any,Yes,No,No,Shellfish
1,T1,35,Underweight,Sinhala,Any,Yes,No,Yes,Shellfish
1,T1,38,Underweight,Sinhala,Any,Yes,Yes,No,Shellfish
1,T1,35,Underweight,Sinhala,Any,Yes,Yes,Yes,Shellfish
5,T1,39,Underweight,Sinhala,Any,No,No,No,Red meat
4,T1,39,Underweight,Sinhala,Any,No,No,Yes,Red meat
3,T1,37,Underweight,Sinhala,Any,No,Yes,No,Red meat
1,T1,41,Underweight,Sinhala,Any,No,Yes,Yes,Red meat
2,T1,35,Underweight,Sinhala,Any,Yes,No,No,Red meat
1,T1,36,Underweight,Sinhala,Any,Yes,No,Yes,Red meat
1,T1,38,Underweight,Sinhala,Any,Yes,Yes,No,Red meat
1,T1,39,Underweight,Sinhala,Any,Yes,Yes,Yes,Red meat
6,T1,38,Underweight,Sinhala,Vegetarian,No,No,No,None
4,T1,35,Underweight,Sinhala,Vegetarian,No,No,Yes,None
3,T1,40,Underweight,Sinhala,Vegetarian,No,Yes,No,None
1,T1,38,Underweight,Sinhala,Vegetarian,No,Yes,Yes,None
2,T1,38,Underweight,Sinhala,Vegetarian,Yes,No,No,None
1,T1,37,Underweight,Sinhala,Vegetarian,Yes,No,Yes,None
1,T1,35,Underweight,Sinhala,Vegetarian,Yes,Yes,No,None
1,T1,37,Underweight,Sinhala,Vegetarian,Yes,Yes,Yes,None
5,T1,40,Underweight,Sinhala,Vegetarian,No,No,No,Shellfish
4,T1,40,Underweight,Sinhala,Vegetarian,No,No,Yes,Shellfish
3,T1,38,Underweight,Sinhala,Vegetarian,No,Yes,No,Shellfish
1,T1,38,Underweight,Sinhala,Vegetarian,No,Yes,Yes,Shellfish
2,T1,36,Underweight,Sinhala,Vegetarian,Yes,No,No,Shellfish
1,T1,38,Underweight,Sinhala,Vegetarian,Yes,No,Yes,Shellfish
1,T1,35,Underweight,Sinhala,Vegetarian,Yes,Yes,No,Shellfish
1,T1,41,Underweight,Sinhala,Vegetarian,Yes,Yes,Yes,Shellfish
5,T1,35,Underweight,Sinhala,Vegetarian,No,No,No,Red meat
4,T1,40,Underweight,Sinhala,Vegetarian,No,No,Yes,Red meat
3,T1,37,Underweight,Sinhala,Vegetarian,No,Yes,No,Red meat
1,T1,38,Underweight,Sinhala,Vegetarian,No,Yes,Yes,Red meat
2,T1,35,Underweight,Sinhala,Vegetarian,Yes,No,No,Red meat
1,T1,35,Underweight,Sinhala,Vegetarian,Yes,No,Yes,Red meat
1,T1,40,Underweight,Sinhala,Vegetarian,Yes,Yes,No,Red meat
1,T1,40,Underweight,Sinhala,Vegetarian,Yes,Yes,Yes,Red meat
6,T1,41,Underweight,Tamil,Any,No,No,No,None
4,T1,38,Underweight,Tamil,Any,No,No,Yes,None
3,T1,39,Underweight,Tamil,Any,No,Yes,No,None
1,T1,35,Underweight,Tamil,Any,No,Yes,Yes,None
2,T1,37,Underweight,Tamil,Any,Yes,No,No,None
1,T1,36,Underweight,Tamil,Any,Yes,No,Yes,None
1,T1,36,Underweight,Tamil,Any,Yes,Yes,No,None
1,T1,36,Underweight,Tamil,Any,Yes,Yes,Yes,None
5,T1,40,Underweight,Tamil,Any,No,No,No,Shellfish
4,T1,39,Underweight,Tamil,Any,No,No,Yes,Shellfish
3,T1,40,Underweight,Tamil,Any,No,Yes,No,Shellfish
1,T1,40,Underweight,Tamil,Any,No,Yes,Yes,Shellfish
2,T1,36,Underweight,Tamil,Any,Yes,No,No,Shellfish
1,T1,39,Underweight,Tamil,Any,Yes,No,Yes,Shellfish
1,T1,38,Underweight,Tamil,Any,Yes,Yes,No,Shellfish
1,T1,40,Underweight,Tamil,Any,Yes,Yes,Yes,Shellfish
5,T1,37,Underweight,Tamil,Any,No,No,No,Red meat
4,T1,36,Underweight,Tamil,Any,No,No,Yes,Red meat
3,T1,36,Underweight,Tamil,Any,No,Yes,No,Red meat
1,T1,37,Underweight,Tamil,Any,No,Yes,Yes,Red meat
2,T1,36,Underweight,Tamil,Any,Yes,No,No,Red meat
1,T1,35,Underweight,Tamil,Any,Yes,No,Yes,Red meat
1,T1,36,Underweight,Tamil,Any,Yes,Yes,No,Red meat
1,T1,36,Underweight,Tamil,Any,Yes,Yes,Yes,Red meat
6,T1,39,Underweight,Tamil,Vegetarian,No,No,No,None
4,T1,36,Underweight,Tamil,Vegetarian,No,No,Yes,None
3,T1,39,Underweight,Tamil,Vegetarian,No,Yes,No,None
1,T1,41,Underweight,Tamil,Vegetarian,No,Yes,Yes,None
2,T1,36,Underweight,Tamil,Vegetarian,Yes,No,No,None
1,T1,37,Underweight,Tamil,Vegetarian,Yes,No,Yes,None
1,T1,36,Underweight,Tamil,Vegetarian,Yes,Yes,No,None
1,T1,40,Underweight,Tamil,Vegetarian,Yes,Yes,Yes,None
5,T1,38,Underweight,Tamil,Vegetarian,No,No,No,Shellfish
4,T1,40,Underweight,Tamil,Vegetarian,No,No,Yes,Shellfish
3,T1,37,Underweight,Tamil,Vegetarian,No,Yes,No,Shellfish
1,T1,36,Underweight,Tamil,Vegetarian,No,Yes,Yes,Shellfish
2,T1,35,Underweight,Tamil,Vegetarian,Yes,No,No,Shellfish
1,T1,37,Underweight,Tamil,Vegetarian,Yes,No,Yes,Shellfish
1,T1,38,Underweight,Tamil,Vegetarian,Yes,Yes,No,Shellfish
1,T1,37,Underweight,Tamil,Vegetarian,Yes,Yes,Yes,Shellfish
5,T1,37,Underweight,Tamil,Vegetarian,No,No,No,Red meat
4,T1,40,Underweight,Tamil,Vegetarian,No,No,Yes,Red meat
3,T1,38,Underweight,Tamil,Vegetarian,No,Yes,No,Red meat
1,T1,41,Underweight,Tamil,Vegetarian,No,Yes,Yes,Red meat
2,T1,41,Underweight,Tamil,Vegetarian,Yes,No,No,Red meat
1,T1,40,Underweight,Tamil,Vegetarian,Yes,No,Yes,Red meat
1,T1,36,Underweight,Tamil,Vegetarian,Yes,Yes,No,Red meat
1,T1,39,Underweight,Tamil,Vegetarian,Yes,Yes,Yes,Red meat
6,T1,35,Underweight,Muslim,Any,No,No,No,None
4,T1,35,Underweight,Muslim,Any,No,No,Yes,None
3,T1,37,Underweight,Muslim,Any,No,Yes,No,None
1,T1,40,Underweight,Muslim,Any,No,Yes,Yes,None
2,T1,36,Underweight,Muslim,Any,Yes,No,No,None
1,T1,39,Underweight,Muslim,Any,Yes,No,Yes,None
1,T1,35,Underweight,Muslim,Any,Yes,Yes,No,None
1,T1,36,Underweight,Muslim,Any,Yes,Yes,Yes,None
5,T1,36,Underweight,Muslim,Any,No,No,No,Shellfish
4,T1,36,Underweight,Muslim,Any,No,No,Yes,Shellfish
3,T1,38,Underweight,Muslim,Any,No,Yes,No,Shellfish
1,T1,41,Underweight,Muslim,Any,No,Yes,Yes,Shellfish
2,T1,40,Underweight,Muslim,Any,Yes,No,No,Shellfish
1,T1,39,Underweight,Muslim,Any,Yes,No,Yes,Shellfish
1,T1,36,Underweight,Muslim,Any,Yes,Yes,No,Shellfish
1,T1,39,Underweight,Muslim,Any,Yes,Yes,Yes,Shellfish
5,T1,37,Underweight,Muslim,Any,No,No,No,Red meat
4,T1,35,Underweight,Muslim,Any,No,No,Yes,Red meat
3,T1,40,Underweight,Muslim,Any,No,Yes,No,Red meat
1,T1,38,Underweight,Muslim,Any,No,Yes,Yes,Red meat
2,T1,35,Underweight,Muslim,Any,Yes,No,No,Red meat
1,T1,39,Underweight,Muslim,Any,Yes,No,Yes,Red meat
1,T1,38,Underweight,Muslim,Any,Yes,Yes,No,Red meat
1,T1,41,Underweight,Muslim,Any,Yes,Yes,Yes,Red meat
6,T1,41,Underweight,Muslim,Vegetarian,No,No,No,None
4,T1,37,Underweight,Muslim,Vegetarian,No,No,Yes,None
3,T1,37,Underweight,Muslim,Vegetarian,No,Yes,No,None
1,T1,38,Underweight,Muslim,Vegetarian,No,Yes,Yes,None
2,T1,35,Underweight,Muslim,Vegetarian,Yes,No,No,None
1,T1,37,Underweight,Muslim,Vegetarian,Yes,No,Yes,None
1,T1,40,Underweight,Muslim,Vegetarian,Yes,Yes,No,None
1,T1,40,Underweight,Muslim,Vegetarian,Yes,Yes,Yes,None
5,T1,36,Underweight,Muslim,Vegetarian,No,No,No,Shellfish
4,T1,38,Underweight,Muslim,Vegetarian,No,No,Yes,Shellfish
3,T1,40,Underweight,Muslim,Vegetarian,No,Yes,No,Shellfish
1,T1,41,Underweight,Muslim,Vegetarian,No,Yes,Yes,Shellfish
2,T1,41,Underweight,Muslim,Vegetarian,Yes,No,No,Shellfish
1,T1,39,Underweight,Muslim,Vegetarian,Yes,No,Yes,Shellfish
1,T1,40,Underweight,Muslim,Vegetarian,Yes,Yes,No,Shellfish
1,T1,41,Underweight,Muslim,Vegetarian,Yes,Yes,Yes,Shellfish
5,T1,40,Underweight,Muslim,Vegetarian,No,No,No,Red meat
4,T1,35,Underweight,Muslim,Vegetarian,No,No,Yes,Red meat
3,T1,38,Underweight,Muslim,Vegetarian,No,Yes,No,Red meat
1,T1,36,Underweight,Muslim,Vegetarian,No,Yes,Yes,Red meat
2,T1,36,Underweight,Muslim,Vegetarian,Yes,No,No,Red meat
1,T1,37,Underweight,Muslim,Vegetarian,Yes,No,Yes,Red meat
1,T1,38,Underweight,Muslim,Vegetarian,Yes,Yes,No,Red meat
1,T1,41,Underweight,Muslim,Vegetarian,Yes,Yes,Yes,Red meat
8,T1,41,Normal,Sinhala,Any,No,No,No,None
4,T1,38,Normal,Sinhala,Any,No,No,Yes,None
3,T1,37,Normal,Sinhala,Any,No,Yes,No,None
1,T1,41,Normal,Sinhala,Any,No,Yes,Yes,None
2,T1,39,Normal,Sinhala,Any,Yes,No,No,None
1,T1,41,Normal,Sinhala,Any,Yes,No,Yes,None
1,T1,38,Normal,Sinhala,Any,Yes,Yes,No,None
1,T1,37,Normal,Sinhala,Any,Yes,Yes,Yes,None
5,T1,35,Normal,Sinhala,Any,No,No,No,Shellfish
4,T1,41,Normal,Sinhala,Any,No,No,Yes,Shellfish
3,T1,39,Normal,Sinhala,Any,No,Yes,No,Shellfish
1,T1,38,Normal,Sinhala,Any,No,Yes,Yes,Shellfish
2,T1,38,Normal,Sinhala,Any,Yes,No,No,Shellfish
1,T1,41,Normal,Sinhala,Any,Yes,No,Yes,Shellfish
1,T1,37,Normal,Sinhala,Any,Yes,Yes,No,Shellfish
1,T1,36,Normal,Sinhala,Any,Yes,Yes,Yes,Shellfish
5,T1,38,Normal,Sinhala,Any,No,No,No,Red meat
4,T1,40,Normal,Sinhala,Any,No,No,Yes,Red meat
3,T1,36,Normal,Sinhala,Any,No,Yes,No,Red meat
1,T1,37,Normal,Sinhala,Any,No,Yes,Yes,Red meat
2,T1,38,Normal,Sinhala,Any,Yes,No,No,Red meat
1,T1,36,Normal,Sinhala,Any,Yes,No,Yes,Red meat
1,T1,36,Normal,Sinhala,Any,Yes,Yes,No,Red meat
1,T1,39,Normal,Sinhala,Any,Yes,Yes,Yes,Red meat
9,T1,36,Normal,Sinhala,Vegetarian,No,No,No,None
4,T1,35,Normal,Sinhala,Vegetarian,No,No,Yes,None
3,T1,37,Normal,Sinhala,Vegetarian,No,Yes,No,None
1,T1,36,Normal,Sinhala,Vegetarian,No,Yes,Yes,None
2,T1,38,Normal,Sinhala,Vegetarian,Yes,No,No,None
1,T1,41,Normal,Sinhala,Vegetarian,Yes,No,Yes,None
1,T1,41,Normal,Sinhala,Vegetarian,Yes,Yes,No,None
1,T1,35,Normal,Sinhala,Vegetarian,Yes,Yes,Yes,None
5,T1,38,Normal,Sinhala,Vegetarian,No,No,No,Shellfish
4,T1,40,Normal,Sinhala,Vegetarian,No,No,Yes,Shellfish
3,T1,36,Normal,Sinhala,Vegetarian,No,Yes,No,Shellfish
1,T1,37,Normal,Sinhala,Vegetarian,No,Yes,Yes,Shellfish
2,T1,39,Normal,Sinhala,Vegetarian,Yes,No,No,Shellfish
1,T1,39,Normal,Sinhala,Vegetarian,Yes,No,Yes,Shellfish
1,T1,35,Normal,Sinhala,Vegetarian,Yes,Yes,No,Shellfish
1,T1,38,Normal,Sinhala,Vegetarian,Yes,Yes,Yes,Shellfish
5,T1,36,Normal,Sinhala,Vegetarian,No,No,No,Red meat
4,T1,37,Normal,Sinhala,Vegetarian,No,No,Yes,Red meat
3,T1,41,Normal,Sinhala,Vegetarian,No,Yes,No,Red meat
1,T1,36,Normal,Sinhala,Vegetarian,No,Yes,Yes,Red meat
2,T1,39,Normal,Sinhala,Vegetarian,Yes,No,No,Red meat
1,T1,39,Normal,Sinhala,Vegetarian,Yes,No,Yes,Red meat
1,T1,36,Normal,Sinhala,Vegetarian,Yes,Yes,No,Red meat
1,T1,39,Normal,Sinhala,Vegetarian,Yes,Yes,Yes,Red meat
8,T1,40,Normal,Tamil,Any,No,No,No,None
4,T1,41,Normal,Tamil,Any,No,No,Yes,None
3,T1,40,Normal,Tamil,Any,No,Yes,No,None
1,T1,40,Normal,Tamil,Any,No,Yes,Yes,None
2,T1,36,Normal,Tamil,Any,Yes,No,No,None
1,T1,40,Normal,Tamil,Any,Yes,No,Yes,None
1,T1,41,Normal,Tamil,Any,Yes,Yes,No,None
1,T1,35,Normal,Tamil,Any,Yes,Yes,Yes,None
5,T1,38,Normal,Tamil,Any,No,No,No,Shellfish
4,T1,36,Normal,Tamil,Any,No,No,Yes,Shellfish
3,T1,41,Normal,Tamil,Any,No,Yes,No,Shellfish
1,T1,41,Normal,Tamil,Any,No,Yes,Yes,Shellfish
2,T1,36,Normal,Tamil,Any,Yes,No,No,Shellfish
1,T1,37,Normal,Tamil,Any,Yes,No,Yes,Shellfish
1,T1,36,Normal,Tamil,Any,Yes,Yes,No,Shellfish
1,T1,35,Normal,Tamil,Any,Yes,Yes,Yes,Shellfish
5,T1,37,Normal,Tamil,Any,No,No,No,Red meat
4,T1,39,Normal,Tamil,Any,No,No,Yes,Red meat
3,T1,37,Normal,Tamil,Any,No,Yes,No,Red meat
1,T1,35,Normal,Tamil,Any,No,Yes,Yes,Red meat
2,T1,38,Normal,Tamil,Any,Yes,No,No,Red meat
1,T1,36,Normal,Tamil,Any,Yes,No,Yes,Red meat
1,T1,36,Normal,Tamil,Any,Yes,Yes,No,Red meat
1,T1,41,Normal,Tamil,Any,Yes,Yes,Yes,Red meat
9,T1,35,Normal,Tamil,Vegetarian,No,No,No,None
4,T1,39,Normal,Tamil,Vegetarian,No,No,Yes,None
3,T1,35,Normal,Tamil,Vegetarian,No,Yes,No,None
1,T1,41,Normal,Tamil,Vegetarian,No,Yes,Yes,None
2,T1,38,Normal,Tamil,Vegetarian,Yes,No,No,None
1,T1,38,Normal,Tamil,Vegetarian,Yes,No,Yes,None
1,T1,36,Normal,Tamil,Vegetarian,Yes,Yes,No,None
1,T1,35,Normal,Tamil,Vegetarian,Yes,Yes,Yes,None
5,T1,41,Normal,Tamil,Vegetarian,No,No,No,Shellfish
4,T1,41,Normal,Tamil,Vegetarian,No,No,Yes,Shellfish
3,T1,35,Normal,Tamil,Vegetarian,No,Yes,No,Shellfish
1,T1,35,Normal,Tamil,Vegetarian,No,Yes,Yes,Shellfish
2,T1,39,Normal,Tamil,Vegetarian,Yes,No,No,Shellfish
1,T1,35,Normal,Tamil,Vegetarian,Yes,No,Yes,Shellfish
1,T1,39,Normal,Tamil,Vegetarian,Yes,Yes,No,Shellfish
1,T1,38,Normal,Tamil,Vegetarian,Yes,Yes,Yes,Shellfish
5,T1,39,Normal,Tamil,Vegetarian,No,No,No,Red meat
4,T1,38,Normal,Tamil,Vegetarian,No,No,Yes,Red meat
3,T1,38,Normal,Tamil,Vegetarian,No,Yes,No,Red meat
1,T1,38,Normal,Tamil,Vegetarian,No,Yes,Yes,Red meat
2,T1,35,Normal,Tamil,Vegetarian,Yes,No,No,Red meat
1,T1,38,Normal,Tamil,Vegetarian,Yes,No,Yes,Red meat
1,T1,40,Normal,Tamil,Vegetarian,Yes,Yes,No,Red meat
1,T1,41,Normal,Tamil,Vegetarian,Yes,Yes,Yes,Red meat
8,T1,36,Normal,Muslim,Any,No,No,No,None
4,T1,36,Normal,Muslim,Any,No,No,Yes,None
3,T1,36,Normal,Muslim,Any,No,Yes,No,None
1,T1,38,Normal,Muslim,Any,No,Yes,Yes,None
2,T1,37,Normal,Muslim,Any,Yes,No,No,None
1,T1,37,Normal,Muslim,Any,Yes,No,Yes,None
1,T1,38,Normal,Muslim,Any,Yes,Yes,No,None
1,T1,37,Normal,Muslim,Any,Yes,Yes,Yes,None
5,T1,37,Normal,Muslim,Any,No,No,No,Shellfish
4,T1,35,Normal,Muslim,Any,No,No,Yes,Shellfish
3,T1,41,Normal,Muslim,Any,No,Yes,No,Shellfish
1,T1,36,Normal,Muslim,Any,No,Yes,Yes,Shellfish
2,T1,40,Normal,Muslim,Any,Yes,No,No,Shellfish
1,T1,40,Normal,Muslim,Any,Yes,No,Yes,Shellfish
1,T1,40,Normal,Muslim,Any,Yes,Yes,No,Shellfish
1,T1,38,Normal,Muslim,Any,Yes,Yes,Yes,Shellfish
5,T1,35,Normal,Muslim,Any,No,No,No,Red meat
4,T1,40,Normal,Muslim,Any,No,No,Yes,Red meat
3,T1,35,Normal,Muslim,Any,No,Yes,No,Red meat
1,T1,40,Normal,Muslim,Any,No,Yes,Yes,Red meat
2,T1,36,Normal,Muslim,Any,Yes,No,No,Red meat
1,T1,41,Normal,Muslim,Any,Yes,No,Yes,Red meat
1,T1,35,Normal,Muslim,Any,Yes,Yes,No,Red meat
1,T1,38,Normal,Muslim,Any,Yes,Yes,Yes,Red meat
9,T1,41,Normal,Muslim,Vegetarian,No,No,No,None
4,T1,40,Normal,Muslim,Vegetarian,No,No,Yes,None
3,T1,39,Normal,Muslim,Vegetarian,No,Yes,No,None
1,T1,41,Normal,Muslim,Vegetarian,No,Yes,Yes,None
2,T1,41,Normal,Muslim,Vegetarian,Yes,No,No,None
1,T1,40,Normal,Muslim,Vegetarian,Yes,No,Yes,None
1,T1,36,Normal,Muslim,Vegetarian,Yes,Yes,No,None
1,T1,36,Normal,Muslim,Vegetarian,Yes,Yes,Yes,None
5,T1,35,Normal,Muslim,Vegetarian,No,No,No,Shellfish
4,T1,38,Normal,Muslim,Vegetarian,No,No,Yes,Shellfish
3,T1,39,Normal,Muslim,Vegetarian,No,Yes,No,Shellfish
1,T1,41,Normal,Muslim,Vegetarian,No,Yes,Yes,Shellfish
2,T1,38,Normal,Muslim,Vegetarian,Yes,No,No,Shellfish
1,T1,36,Normal,Muslim,Vegetarian,Yes,No,Yes,Shellfish
1,T1,35,Normal,Muslim,Vegetarian,Yes,Yes,No,Shellfish
1,T1,37,Normal,Muslim,Vegetarian,Yes,Yes,Yes,Shellfish
5,T1,41,Normal,Muslim,Vegetarian,No,No,No,Red meat
4,T1,35,Normal,Muslim,Vegetarian,No,No,Yes,Red meat
3,T1,36,Normal,Muslim,Vegetarian,No,Yes,No,Red meat
1,T1,40,Normal,Muslim,Vegetarian,No,Yes,Yes,Red meat
2,T1,38,Normal,Muslim,Vegetarian,Yes,No,No,Red meat
1,T1,37,Normal,Muslim,Vegetarian,Yes,No,Yes,Red meat
1,T1,36,Normal,Muslim,Vegetarian,Yes,Yes,No,Red meat
1,T1,41,Normal,Muslim,Vegetarian,Yes,Yes,Yes,Red meat
8,T1,35,Overweight,Sinhala,Any,No,No,No,None
4,T1,40,Overweight,Sinhala,Any,No,No,Yes,None
3,T1,37,Overweight,Sinhala,Any,No,Yes,No,None
1,T1,41,Overweight,Sinhala,Any,No,Yes,Yes,None
2,T1,39,Overweight,Sinhala,Any,Yes,No,No,None
1,T1,39,Overweight,Sinhala,Any,Yes,No,Yes,None
1,T1,38,Overweight,Sinhala,Any,Yes,Yes,No,None
1,T1,39,Overweight,Sinhala,Any,Yes,Yes,Yes,None
5,T1,38,Overweight,Sinhala,Any,No,No,No,Shellfish
4,T1,35,Overweight,Sinhala,Any,No,No,Yes,Shellfish
3,T1,41,Overweight,Sinhala,Any,No,Yes,No,Shellfish
1,T1,40,Overweight,Sinhala,Any,No,Yes,Yes,Shellfish
2,T1,37,Overweight,Sinhala,Any,Yes,No,No,Shellfish
1,T1,39,Overweight,Sinhala,Any,Yes,No,Yes,Shellfish
1,T1,41,Overweight,Sinhala,Any,Yes,Yes,No,Shellfish
1,T1,35,Overweight,Sinhala,Any,Yes,Yes,Yes,Shellfish
5,T1,38,Overweight,Sinhala,Any,No,No,No,Red meat
4,T1,37,Overweight,Sinhala,Any,No,No,Yes,Red meat
3,T1,39,Overweight,Sinhala,Any,No,Yes,No,Red meat
1,T1,40,Overweight,Sinhala,Any,No,Yes,Yes,Red meat
2,T1,40,Overweight,Sinhala,Any,Yes,No,No,Red meat
1,T1,40,Overweight,Sinhala,Any,Yes,No,Yes,Red meat
1,T1,38,Overweight,Sinhala,Any,Yes,Yes,No,Red meat
1,T1,39,Overweight,Sinhala,Any,Yes,Yes,Yes,Red meat
9,T1,38,Overweight,Sinhala,Vegetarian,No,No,No,None
4,T1,37,Overweight,Sinhala,Vegetarian,No,No,Yes,None
3,T1,36,Overweight,Sinhala,Vegetarian,No,Yes,No,None
1,T1,38,Overweight,Sinhala,Vegetarian,No,Yes,Yes,None
2,T1,39,Overweight,Sinhala,Vegetarian,Yes,No,No,None
1,T1,40,Overweight,Sinhala,Vegetarian,Yes,No,Yes,None
1,T1,38,Overweight,Sinhala,Vegetarian,Yes,Yes,No,None
1,T1,40,Overweight,Sinhala,Vegetarian,Yes,Yes,Yes,None
5,T1,41,Overweight,Sinhala,Vegetarian,No,No,No,Shellfish
4,T1,41,Overweight,Sinhala,Vegetarian,No,No,Yes,Shellfish
3,T1,40,Overweight,Sinhala,Vegetarian,No,Yes,No,Shellfish
1,T1,35,Overweight,Sinhala,Vegetarian,No,Yes,Yes,Shellfish
2,T1,40,Overweight,Sinhala,Vegetarian,Yes,No,No,Shellfish
1,T1,36,Overweight,Sinhala,Vegetarian,Yes,No,Yes,Shellfish
1,T1,38,Overweight,Sinhala,Vegetarian,Yes,Yes,No,Shellfish
1,T1,37,Overweight,Sinhala,Vegetarian,Yes,Yes,Yes,Shellfish
5,T1,41,Overweight,Sinhala,Vegetarian,No,No,No,Red meat
4,T1,40,Overweight,Sinhala,Vegetarian,No,No,Yes,Red meat
3,T1,39,Overweight,Sinhala,Vegetarian,No,Yes,No,Red meat
1,T1,40,Overweight,Sinhala,Vegetarian,No,Yes,Yes,Red meat
2,T1,36,Overweight,Sinhala,Vegetarian,Yes,No,No,Red meat
1,T1,35,Overweight,Sinhala,Vegetarian,Yes,No,Yes,Red meat
1,T1,41,Overweight,Sinhala,Vegetarian,Yes,Yes,No,Red meat
1,T1,38,Overweight,Sinhala,Vegetarian,Yes,Yes,Yes,Red meat
8,T1,40,Overweight,Tamil,Any,No,No,No,None
4,T1,41,Overweight,Tamil,Any,No,No,Yes,None
3,T1,38,Overweight,Tamil,Any,No,Yes,No,None
1,T1,38,Overweight,Tamil,Any,No,Yes,Yes,None
2,T1,37,Overweight,Tamil,Any,Yes,No,No,None
1,T1,40,Overweight,Tamil,Any,Yes,No,Yes,None
1,T1,35,Overweight,Tamil,Any,Yes,Yes,No,None
1,T1,38,Overweight,Tamil,Any,Yes,Yes,Yes,None
5,T1,39,Overweight,Tamil,Any,No,No,No,Shellfish
4,T1,35,Overweight,Tamil,Any,No,No,Yes,Shellfish
3,T1,35,Overweight,Tamil,Any,No,Yes,No,Shellfish
1,T1,37,Overweight,Tamil,Any,No,Yes,Yes,Shellfish
2,T1,40,Overweight,Tamil,Any,Yes,No,No,Shellfish
1,T1,35,Overweight,Tamil,Any,Yes,No,Yes,Shellfish
1,T1,35,Overweight,Tamil,Any,Yes,Yes,No,Shellfish
1,T1,39,Overweight,Tamil,Any,Yes,Yes,Yes,Shellfish
5,T1,41,Overweight,Tamil,Any,No,No,No,Red meat
4,T1,37,Overweight,Tamil,Any,No,No,Yes,Red meat
3,T1,40,Overweight,Tamil,Any,No,Yes,No,Red meat
1,T1,39,Overweight,Tamil,Any,No,Yes,Yes,Red meat
2,T1,35,Overweight,Tamil,Any,Yes,No,No,Red meat
1,T1,39,Overweight,Tamil,Any,Yes,No,Yes,Red meat
1,T1,35,Overweight,Tamil,Any,Yes,Yes,No,Red meat
1,T1,40,Overweight,Tamil,Any,Yes,Yes,Yes,Red meat
9,T1,41,Overweight,Tamil,Vegetarian,No,No,No,None
4,T1,41,Overweight,Tamil,Vegetarian,No,No,Yes,None
3,T1,41,Overweight,Tamil,Vegetarian,No,Yes,No,None
1,T1,41,Overweight,Tamil,Vegetarian,No,Yes,Yes,None
2,T1,36,Overweight,Tamil,Vegetarian,Yes,No,No,None
1,T1,39,Overweight,Tamil,Vegetarian,Yes,No,Yes,None
1,T1,35,Overweight,Tamil,Vegetarian,Yes,Yes,No,None
1,T1,40,Overweight,Tamil,Vegetarian,Yes,Yes,Yes,None
5,T1,38,Overweight,Tamil,Vegetarian,No,No,No,Shellfish
4,T1,37,Overweight,Tamil,Vegetarian,No,No,Yes,Shellfish
3,T1,35,Overweight,Tamil,Vegetarian,No,Yes,No,Shellfish
1,T1,36,Overweight,Tamil,Vegetarian,No,Yes,Yes,Shellfish
2,T1,35,Overweight,Tamil,Vegetarian,Yes,No,No,Shellfish
1,T1,35,Overweight,Tamil,Vegetarian,Yes,No,Yes,Shellfish
1,T1,36,Overweight,Tamil,Vegetarian,Yes,Yes,No,Shellfish
1,T1,41,Overweight,Tamil,Vegetarian,Yes,Yes,Yes,Shellfish
5,T1,37,Overweight,Tamil,Vegetarian,No,No,No,Red meat
4,T1,35,Overweight,Tamil,Vegetarian,No,No,Yes,Red meat
3,T1,41,Overweight,Tamil,Vegetarian,No,Yes,No,Red meat
1,T1,36,Overweight,Tamil,Vegetarian,No,Yes,Yes,Red meat
2,T1,41,Overweight,Tamil,Vegetarian,Yes,No,No,Red meat
1,T1,35,Overweight,Tamil,Vegetarian,Yes,No,Yes,Red meat
1,T1,35,Overweight,Tamil,Vegetarian,Yes,Yes,No,Red meat
1,T1,39,Overweight,Tamil,Vegetarian,Yes,Yes,Yes,Red meat
8,T1,40,Overweight,Muslim,Any,No,No,No,None
4,T1,40,Overweight,Muslim,Any,No,No,Yes,None
3,T1,35,Overweight,Muslim,Any,No,Yes,No,None
1,T1,36,Overweight,Muslim,Any,No,Yes,Yes,None
2,T1,37,Overweight,Muslim,Any,Yes,No,No,None
1,T1,35,Overweight,Muslim,Any,Yes,No,Yes,None
1,T1,38,Overweight,Muslim,Any,Yes,Yes,No,None
1,T1,41,Overweight,Muslim,Any,Yes,Yes,Yes,None
5,T1,37,Overweight,Muslim,Any,No,No,No,Shellfish
4,T1,38,Overweight,Muslim,Any,No,No,Yes,Shellfish
3,T1,40,Overweight,Muslim,Any,No,Yes,No,Shellfish
1,T1,39,Overweight,Muslim,Any,No,Yes,Yes,Shellfish
2,T1,41,Overweight,Muslim,Any,Yes,No,No,Shellfish
1,T1,38,Overweight,Muslim,Any,Yes,No,Yes,Shellfish
1,T1,39,Overweight,Muslim,Any,Yes,Yes,No,Shellfish
1,T1,35,Overweight,Muslim,Any,Yes,Yes,Yes,Shellfish
5,T1,40,Overweight,Muslim,Any,No,No,No,Red meat
4,T1,38,Overweight,Muslim,Any,No,No,Yes,Red meat
3,T1,35,Overweight,Muslim,Any,No,Yes,No,Red meat
1,T1,36,Overweight,Muslim,Any,No,Yes,Yes,Red meat
2,T1,38,Overweight,Muslim,Any,Yes,No,No,Red meat
1,T1,40,Overweight,Muslim,Any,Yes,No,Yes,Red meat
1,T1,38,Overweight,Muslim,Any,Yes,Yes,No,Red meat
1,T1,41,Overweight,Muslim,Any,Yes,Yes,Yes,Red meat
9,T1,36,Overweight,Muslim,Vegetarian,No,No,No,None
4,T1,41,Overweight,Muslim,Vegetarian,No,No,Yes,None
3,T1,36,Overweight,Muslim,Vegetarian,No,Yes,No,None
1,T1,38,Overweight,Muslim,Vegetarian,No,Yes,Yes,None
2,T1,40,Overweight,Muslim,Vegetarian,Yes,No,No,None
1,T1,39,Overweight,Muslim,Vegetarian,Yes,No,Yes,None
1,T1,41,Overweight,Muslim,Vegetarian,Yes,Yes,No,None
1,T1,41,Overweight,Muslim,Vegetarian,Yes,Yes,Yes,None
5,T1,36,Overweight,Muslim,Vegetarian,No,No,No,Shellfish
4,T1,35,Overweight,Muslim,Vegetarian,No,No,Yes,Shellfish
3,T1,37,Overweight,Muslim,Vegetarian,No,Yes,No,Shellfish
1,T1,41,Overweight,Muslim,Vegetarian,No,Yes,Yes,Shellfish
2,T1,40,Overweight,Muslim,Vegetarian,Yes,No,No,Shellfish
1,T1,38,Overweight,Muslim,Vegetarian,Yes,No,Yes,Shellfish
1,T1,36,Overweight,Muslim,Vegetarian,Yes,Yes,No,Shellfish
1,T1,40,Overweight,Muslim,Vegetarian,Yes,Yes,Yes,Shellfish
5,T1,35,Overweight,Muslim,Vegetarian,No,No,No,Red meat
4,T1,41,Overweight,Muslim,Vegetarian,No,No,Yes,Red meat
3,T1,37,Overweight,Muslim,Vegetarian,No,Yes,No,Red meat
1,T1,37,Overweight,Muslim,Vegetarian,No,Yes,Yes,Red meat
2,T1,37,Overweight,Muslim,Vegetarian,Yes,No,No,Red meat
1,T1,38,Overweight,Muslim,Vegetarian,Yes,No,Yes,Red meat
1,T1,38,Overweight,Muslim,Vegetarian,Yes,Yes,No,Red meat
1,T1,37,Overweight,Muslim,Vegetarian,Yes,Yes,Yes,Red meat
7,T1,41,Obese,Sinhala,Any,No,No,No,None
4,T1,37,Obese,Sinhala,Any,No,No,Yes,None
3,T1,36,Obese,Sinhala,Any,No,Yes,No,None
1,T1,38,Obese,Sinhala,Any,No,Yes,Yes,None
2,T1,37,Obese,Sinhala,Any,Yes,No,No,None
1,T1,36,Obese,Sinhala,Any,Yes,No,Yes,None
1,T1,37,Obese,Sinhala,Any,Yes,Yes,No,None
1,T1,36,Obese,Sinhala,Any,Yes,Yes,Yes,None
5,T1,41,Obese,Sinhala,Any,No,No,No,Shellfish
4,T1,40,Obese,Sinhala,Any,No,No,Yes,Shellfish
3,T1,35,Obese,Sinhala,Any,No,Yes,No,Shellfish
1,T1,40,Obese,Sinhala,Any,No,Yes,Yes,Shellfish
2,T1,36,Obese,Sinhala,Any,Yes,No,No,Shellfish
1,T1,35,Obese,Sinhala,Any,Yes,No,Yes,Shellfish
1,T1,41,Obese,Sinhala,Any,Yes,Yes,No,Shellfish
1,T1,37,Obese,Sinhala,Any,Yes,Yes,Yes,Shellfish
5,T1,39,Obese,Sinhala,Any,No,No,No,Red meat
4,T1,36,Obese,Sinhala,Any,No,No,Yes,Red meat
3,T1,41,Obese,Sinhala,Any,No,Yes,No,Red meat
1,T1,40,Obese,Sinhala,Any,No,Yes,Yes,Red meat
2,T1,40,Obese,Sinhala,Any,Yes,No,No,Red meat
1,T1,35,Obese,Sinhala,Any,Yes,No,Yes,Red meat
1,T1,35,Obese,Sinhala,Any,Yes,Yes,No,Red meat
1,T1,40,Obese,Sinhala,Any,Yes,Yes,Yes,Red meat
7,T1,39,Obese,Sinhala,Vegetarian,No,No,No,None
4,T1,36,Obese,Sinhala,Vegetarian,No,No,Yes,None
3,T1,37,Obese,Sinhala,Vegetarian,No,Yes,No,None
1,T1,37,Obese,Sinhala,Vegetarian,No,Yes,Yes,None
2,T1,41,Obese,Sinhala,Vegetarian,Yes,No,No,None
1,T1,39,Obese,Sinhala,Vegetarian,Yes,No,Yes,None
1,T1,41,Obese,Sinhala,Vegetarian,Yes,Yes,No,None
1,T1,35,Obese,Sinhala,Vegetarian,Yes,Yes,Yes,None
5,T1,41,Obese,Sinhala,Vegetarian,No,No,No,Shellfish
4,T1,35,Obese,Sinhala,Vegetarian,No,No,Yes,Shellfish
3,T1,38,Obese,Sinhala,Vegetarian,No,Yes,No,Shellfish
1,T1,39,Obese,Sinhala,Vegetarian,No,Yes,Yes,Shellfish
2,T1,39,Obese,Sinhala,Vegetarian,Yes,No,No,Shellfish
1,T1,36,Obese,Sinhala,Vegetarian,Yes,No,Yes,Shellfish
1,T1,41,Obese,Sinhala,Vegetarian,Yes,Yes,No,Shellfish
1,T1,41,Obese,Sinhala,Vegetarian,Yes,Yes,Yes,Shellfish
5,T1,35,Obese,Sinhala,Vegetarian,No,No,No,Red meat
4,T1,36,Obese,Sinhala,Vegetarian,No,No,Yes,Red meat
3,T1,40,Obese,Sinhala,Vegetarian,No,Yes,No,Red meat
1,T1,38,Obese,Sinhala,Vegetarian,No,Yes,Yes,Red meat
2,T1,37,Obese,Sinhala,Vegetarian,Yes,No,No,Red meat
1,T1,40,Obese,Sinhala,Vegetarian,Yes,No,Yes,Red meat
1,T1,41,Obese,Sinhala,Vegetarian,Yes,Yes,No,Red meat
1,T1,35,Obese,Sinhala,Vegetarian,Yes,Yes,Yes,Red meat
7,T1,36,Obese,Tamil,Any,No,No,No,None
4,T1,36,Obese,Tamil,Any,No,No,Yes,None
3,T1,36,Obese,Tamil,Any,No,Yes,No,None
1,T1,35,Obese,Tamil,Any,No,Yes,Yes,None
2,T1,41,Obese,Tamil,Any,Yes,No,No,None
1,T1,37,Obese,Tamil,Any,Yes,No,Yes,None
1,T1,41,Obese,Tamil,Any,Yes,Yes,No,None
1,T1,40,Obese,Tamil,Any,Yes,Yes,Yes,None
5,T1,41,Obese,Tamil,Any,No,No,No,Shellfish
4,T1,38,Obese,Tamil,Any,No,No,Yes,Shellfish
3,T1,35,Obese,Tamil,Any,No,Yes,No,Shellfish
1,T1,38,Obese,Tamil,Any,No,Yes,Yes,Shellfish
2,T1,41,Obese,Tamil,Any,Yes,No,No,Shellfish
1,T1,39,Obese,Tamil,Any,Yes,No,Yes,Shellfish
1,T1,40,Obese,Tamil,Any,Yes,Yes,No,Shellfish
1,T1,40,Obese,Tamil,Any,Yes,Yes,Yes,Shellfish
5,T1,36,Obese,Tamil,Any,No,No,No,Red meat
4,T1,37,Obese,Tamil,Any,No,No,Yes,Red meat
3,T1,39,Obese,Tamil,Any,No,Yes,No,Red meat
1,T1,35,Obese,Tamil,Any,No,Yes,Yes,Red meat
2,T1,41,Obese,Tamil,Any,Yes,No,No,Red meat
1,T1,35,Obese,Tamil,Any,Yes,No,Yes,Red meat
1,T1,37,Obese,Tamil,Any,Yes,Yes,No,Red meat
1,T1,37,Obese,Tamil,Any,Yes,Yes,Yes,Red meat
7,T1,37,Obese,Tamil,Vegetarian,No,No,No,None
4,T1,37,Obese,Tamil,Vegetarian,No,No,Yes,None
3,T1,38,Obese,Tamil,Vegetarian,No,Yes,No,None
1,T1,36,Obese,Tamil,Vegetarian,No,Yes,Yes,None
2,T1,37,Obese,Tamil,Vegetarian,Yes,No,No,None
1,T1,35,Obese,Tamil,Vegetarian,Yes,No,Yes,None
1,T1,35,Obese,Tamil,Vegetarian,Yes,Yes,No,None
1,T1,39,Obese,Tamil,Vegetarian,Yes,Yes,Yes,None
5,T1,41,Obese,Tamil,Vegetarian,No,No,No,Shellfish
4,T1,35,Obese,Tamil,Vegetarian,No,No,Yes,Shellfish
3,T1,41,Obese,Tamil,Vegetarian,No,Yes,No,Shellfish
1,T1,41,Obese,Tamil,Vegetarian,No,Yes,Yes,Shellfish
2,T1,35,Obese,Tamil,Vegetarian,Yes,No,No,Shellfish
1,T1,35,Obese,Tamil,Vegetarian,Yes,No,Yes,Shellfish
1,T1,35,Obese,Tamil,Vegetarian,Yes,Yes,No,Shellfish
1,T1,35,Obese,Tamil,Vegetarian,Yes,Yes,Yes,Shellfish
5,T1,41,Obese,Tamil,Vegetarian,No,No,No,Red meat
4,T1,39,Obese,Tamil,Vegetarian,No,No,Yes,Red meat
3,T1,37,Obese,Tamil,Vegetarian,No,Yes,No,Red meat
1,T1,40,Obese,Tamil,Vegetarian,No,Yes,Yes,Red meat
2,T1,41,Obese,Tamil,Vegetarian,Yes,No,No,Red meat
1,T1,35,Obese,Tamil,Vegetarian,Yes,No,Yes,Red meat
1,T1,39,Obese,Tamil,Vegetarian,Yes,Yes,No,Red meat
1,T1,39,Obese,Tamil,Vegetarian,Yes,Yes,Yes,Red meat
7,T1,40,Obese,Muslim,Any,No,No,No,None
4,T1,35,Obese,Muslim,Any,No,No,Yes,None
3,T1,35,Obese,Muslim,Any,No,Yes,No,None
1,T1,41,Obese,Muslim,Any,No,Yes,Yes,None
2,T1,37,Obese,Muslim,Any,Yes,No,No,None
1,T1,39,Obese,Muslim,Any,Yes,No,Yes,None
1,T1,39,Obese,Muslim,Any,Yes,Yes,No,None
1,T1,36,Obese,Muslim,Any,Yes,Yes,Yes,None
5,T1,40,Obese,Muslim,Any,No,No,No,Shellfish
4,T1,37,Obese,Muslim,Any,No,No,Yes,Shellfish
3,T1,35,Obese,Muslim,Any,No,Yes,No,Shellfish
1,T1,41,Obese,Muslim,Any,No,Yes,Yes,Shellfish
2,T1,39,Obese,Muslim,Any,Yes,No,No,Shellfish
1,T1,40,Obese,Muslim,Any,Yes,No,Yes,Shellfish
1,T1,40,Obese,Muslim,Any,Yes,Yes,No,Shellfish
1,T1,35,Obese,Muslim,Any,Yes,Yes,Yes,Shellfish
5,T1,39,Obese,Muslim,Any,No,No,No,Red meat
4,T1,37,Obese,Muslim,Any,No,No,Yes,Red meat
3,T1,36,Obese,Muslim,Any,No,Yes,No,Red meat
1,T1,36,Obese,Muslim,Any,No,Yes,Yes,Red meat
2,T1,40,Obese,Muslim,Any,Yes,No,No,Red meat
1,T1,36,Obese,Muslim,Any,Yes,No,Yes,Red meat
1,T1,40,Obese,Muslim,Any,Yes,Yes,No,Red meat
1,T1,40,Obese,Muslim,Any,Yes,Yes,Yes,Red meat
7,T1,35,Obese,Muslim,Vegetarian,No,No,No,None
4,T1,40,Obese,Muslim,Vegetarian,No,No,Yes,None
3,T1,36,Obese,Muslim,Vegetarian,No,Yes,No,None
1,T1,40,Obese,Muslim,Vegetarian,No,Yes,Yes,None
2,T1,39,Obese,Muslim,Vegetarian,Yes,No,No,None
1,T1,36,Obese,Muslim,Vegetarian,Yes,No,Yes,None
1,T1,36,Obese,Muslim,Vegetarian,Yes,Yes,No,None
1,T1,35,Obese,Muslim,Vegetarian,Yes,Yes,Yes,None
5,T1,35,Obese,Muslim,Vegetarian,No,No,No,Shellfish
4,T1,39,Obese,Muslim,Vegetarian,No,No,Yes,Shellfish
3,T1,36,Obese,Muslim,Vegetarian,No,Yes,No,Shellfish
1,T1,35,Obese,Muslim,Vegetarian,No,Yes,Yes,Shellfish
2,T1,40,Obese,Muslim,Vegetarian,Yes,No,No,Shellfish
1,T1,35,Obese,Muslim,Vegetarian,Yes,No,Yes,Shellfish
1,T1,38,Obese,Muslim,Vegetarian,Yes,Yes,No,Shellfish
1,T1,35,Obese,Muslim,Vegetarian,Yes,Yes,Yes,Shellfish
5,T1,38,Obese,Muslim,Vegetarian,No,No,No,Red meat
4,T1,39,Obese,Muslim,Vegetarian,No,No,Yes,Red meat
3,T1,35,Obese,Muslim,Vegetarian,No,Yes,No,Red meat
1,T1,40,Obese,Muslim,Vegetarian,No,Yes,Yes,Red meat
2,T1,41,Obese,Muslim,Vegetarian,Yes,No,No,Red meat
1,T1,38,Obese,Muslim,Vegetarian,Yes,No,Yes,Red meat
1,T1,35,Obese,Muslim,Vegetarian,Yes,Yes,No,Red meat
1,T1,40,Obese,Muslim,Vegetarian,Yes,Yes,Yes,Red meat
6,T2,19,Underweight,Sinhala,Any,No,No,No,None
4,T2,19,Underweight,Sinhala,Any,No,No,Yes,None
3,T2,19,Underweight,Sinhala,Any,No,Yes,No,None
1,T2,18,Underweight,Sinhala,Any,No,Yes,Yes,None
2,T2,19,Underweight,Sinhala,Any,Yes,No,No,None
1,T2,19,Underweight,Sinhala,Any,Yes,No,Yes,None
1,T2,18,Underweight,Sinhala,Any,Yes,Yes,No,None
1,T2,19,Underweight,Sinhala,Any,Yes,Yes,Yes,None
5,T2,18,Underweight,Sinhala,Any,No,No,No,Shellfish
4,T2,18,Underweight,Sinhala,Any,No,No,Yes,Shellfish
3,T2,18,Underweight,Sinhala,Any,No,Yes,No,Shellfish
1,T2,18,Underweight,Sinhala,Any,No,Yes,Yes,Shellfish
2,T2,18,Underweight,Sinhala,Any,Yes,No,No,Shellfish
1,T2,18,Underweight,Sinhala,Any,Yes,No,Yes,Shellfish
1,T2,19,Underweight,Sinhala,Any,Yes,Yes,No,Shellfish
1,T2,18,Underweight,Sinhala,Any,Yes,Yes,Yes,Shellfish
5,T2,19,Underweight,Sinhala,Any,No,No,No,Red meat
4,T2,19,Underweight,Sinhala,Any,No,No,Yes,Red meat
3,T2,18,Underweight,Sinhala,Any,No,Yes,No,Red meat
1,T2,19,Underweight,Sinhala,Any,No,Yes,Yes,Red meat
2,T2,18,Underweight,Sinhala,Any,Yes,No,No,Red meat
1,T2,19,Underweight,Sinhala,Any,Yes,No,Yes,Red meat
1,T2,19,Underweight,Sinhala,Any,Yes,Yes,No,Red meat
1,T2,18,Underweight,Sinhala,Any,Yes,Yes,Yes,Red meat
6,T2,19,Underweight,Sinhala,Vegetarian,No,No,No,None
4,T2,18,Underweight,Sinhala,Vegetarian,No,No,Yes,None
3,T2,19,Underweight,Sinhala,Vegetarian,No,Yes,No,None
1,T2,19,Underweight,Sinhala,Vegetarian,No,Yes,Yes,None
2,T2,19,Underweight,Sinhala,Vegetarian,Yes,No,No,None
1,T2,18,Underweight,Sinhala,Vegetarian,Yes,No,Yes,None
1,T2,19,Underweight,Sinhala,Vegetarian,Yes,Yes,No,None
1,T2,18,Underweight,Sinhala,Vegetarian,Yes,Yes,Yes,None
5,T2,19,Underweight,Sinhala,Vegetarian,No,No,No,Shellfish
4,T2,19,Underweight,Sinhala,Vegetarian,No,No,Yes,Shellfish
3,T2,19,Underweight,Sinhala,Vegetarian,No,Yes,No,Shellfish
1,T2,19,Underweight,Sinhala,Vegetarian,No,Yes,Yes,Shellfish
2,T2,19,Underweight,Sinhala,Vegetarian,Yes,No,No,Shellfish
1,T2,18,Underweight,Sinhala,Vegetarian,Yes,No,Yes,Shellfish
1,T2,19,Underweight,Sinhala,Vegetarian,Yes,Yes,No,Shellfish
1,T2,19,Underweight,Sinhala,Vegetarian,Yes,Yes,Yes,Shellfish
5,T2,18,Underweight,Sinhala,Vegetarian,No,No,No,Red meat
4,T2,19,Underweight,Sinhala,Vegetarian,No,No,Yes,Red meat
3,T2,18,Underweight,Sinhala,Vegetarian,No,Yes,No,Red meat
1,T2,18,Underweight,Sinhala,Vegetarian,No,Yes,Yes,Red meat
2,T2,18,Underweight,Sinhala,Vegetarian,Yes,No,No,Red meat
1,T2,19,Underweight,Sinhala,Vegetarian,Yes,No,Yes,Red meat
1,T2,19,Underweight,Sinhala,Vegetarian,Yes,Yes,No,Red meat
1,T2,19,Underweight,Sinhala,Vegetarian,Yes,Yes,Yes,Red meat
6,T2,18,Underweight,Tamil,Any,No,No,No,None
4,T2,19,Underweight,Tamil,Any,No,No,Yes,None
3,T2,18,Underweight,Tamil,Any,No,Yes,No,None
1,T2,19,Underweight,Tamil,Any,No,Yes,Yes,None
2,T2,19,Underweight,Tamil,Any,Yes,No,No,None
1,T2,19,Underweight,Tamil,Any,Yes,No,Yes,None
1,T2,19,Underweight,Tamil,Any,Yes,Yes,No,None
1,T2,18,Underweight,Tamil,Any,Yes,Yes,Yes,None
5,T2,18,Underweight,Tamil,Any,No,No,No,Shellfish
4,T2,19,Underweight,Tamil,Any,No,No,Yes,Shellfish
3,T2,19,Underweight,Tamil,Any,No,Yes,No,Shellfish
1,T2,19,Underweight,Tamil,Any,No,Yes,Yes,Shellfish
2,T2,18,Underweight,Tamil,Any,Yes,No,No,Shellfish
1,T2,19,Underweight,Tamil,Any,Yes,No,Yes,Shellfish
1,T2,18,Underweight,Tamil,Any,Yes,Yes,No,Shellfish
1,T2,19,Underweight,Tamil,Any,Yes,Yes,Yes,Shellfish
5,T2,19,Underweight,Tamil,Any,No,No,No,Red meat
4,T2,18,Underweight,Tamil,Any,No,No,Yes,Red meat
3,T2,19,Underweight,Tamil,Any,No,Yes,No,Red meat
1,T2,18,Underweight,Tamil,Any,No,Yes,Yes,Red meat
2,T2,19,Underweight,Tamil,Any,Yes,No,No,Red meat
1,T2,18,Underweight,Tamil,Any,Yes,No,Yes,Red meat
1,T2,19,Underweight,Tamil,Any,Yes,Yes,No,Red meat
1,T2,18,Underweight,Tamil,Any,Yes,Yes,Yes,Red meat
6,T2,18,Underweight,Tamil,Vegetarian,No,No,No,None
4,T2,19,Underweight,Tamil,Vegetarian,No,No,Yes,None
3,T2,18,Underweight,Tamil,Vegetarian,No,Yes,No,None
1,T2,19,Underweight,Tamil,Vegetarian,No,Yes,Yes,None
2,T2,19,Underweight,Tamil,Vegetarian,Yes,No,No,None
1,T2,19,Underweight,Tamil,Vegetarian,Yes,No,Yes,None
1,T2,19,Underweight,Tamil,Vegetarian,Yes,Yes,No,None
1,T2,18,Underweight,Tamil,Vegetarian,Yes,Yes,Yes,None
5,T2,19,Underweight,Tamil,Vegetarian,No,No,No,Shellfish
4,T2,19,Underweight,Tamil,Vegetarian,No,No,Yes,Shellfish
3,T2,19,Underweight,Tamil,Vegetarian,No,Yes,No,Shellfish
1,T2,19,Underweight,Tamil,Vegetarian,No,Yes,Yes,Shellfish
2,T2,18,Underweight,Tamil,Vegetarian,Yes,No,No,Shellfish
1,T2,18,Underweight,Tamil,Vegetarian,Yes,No,Yes,Shellfish
1,T2,18,Underweight,Tamil,Vegetarian,Yes,Yes,No,Shellfish
1,T2,18,Underweight,Tamil,Vegetarian,Yes,Yes,Yes,Shellfish
5,T2,18,Underweight,Tamil,Vegetarian,No,No,No,Red meat
4,T2,19,Underweight,Tamil,Vegetarian,No,No,Yes,Red meat
3,T2,18,Underweight,Tamil,Vegetarian,No,Yes,No,Red meat
1,T2,18,Underweight,Tamil,Vegetarian,No,Yes,Yes,Red meat
2,T2,19,Underweight,Tamil,Vegetarian,Yes,No,No,Red meat
1,T2,18,Underweight,Tamil,Vegetarian,Yes,No,Yes,Red meat
1,T2,19,Underweight,Tamil,Vegetarian,Yes,Yes,No,Red meat
1,T2,19,Underweight,Tamil,Vegetarian,Yes,Yes,Yes,Red meat
6,T2,19,Underweight,Muslim,Any,No,No,No,None
4,T2,18,Underweight,Muslim,Any,No,No,Yes,None
3,T2,18,Underweight,Muslim,Any,No,Yes,No,None
1,T2,18,Underweight,Muslim,Any,No,Yes,Yes,None
2,T2,18,Underweight,Muslim,Any,Yes,No,No,None
1,T2,19,Underweight,Muslim,Any,Yes,No,Yes,None
1,T2,18,Underweight,Muslim,Any,Yes,Yes,No,None
1,T2,19,Underweight,Muslim,Any,Yes,Yes,Yes,None
5,T2,19,Underweight,Muslim,Any,No,No,No,Shellfish
4,T2,19,Underweight,Muslim,Any,No,No,Yes,Shellfish
3,T2,19,Underweight,Muslim,Any,No,Yes,No,Shellfish
1,T2,19,Underweight,Muslim,Any,No,Yes,Yes,Shellfish
2,T2,18,Underweight,Muslim,Any,Yes,No,No,Shellfish
1,T2,18,Underweight,Muslim,Any,Yes,No,Yes,Shellfish
1,T2,18,Underweight,Muslim,Any,Yes,Yes,No,Shellfish
1,T2,18,Underweight,Muslim,Any,Yes,Yes,Yes,Shellfish
5,T2,19,Underweight,Muslim,Any,No,No,No,Red meat
4,T2,19,Underweight,Muslim,Any,No,No,Yes,Red meat
3,T2,18,Underweight,Muslim,Any,No,Yes,No,Red meat
1,T2,19,Underweight,Muslim,Any,No,Yes,Yes,Red meat
2,T2,18,Underweight,Muslim,Any,Yes,No,No,Red meat
1,T2,18,Underweight,Muslim,Any,Yes,No,Yes,Red meat
1,T2,18,Underweight,Muslim,Any,Yes,Yes,No,Red meat
1,T2,19,Underweight,Muslim,Any,Yes,Yes,Yes,Red meat
6,T2,18,Underweight,Muslim,Vegetarian,No,No,No,None
4,T2,19,Underweight,Muslim,Vegetarian,No,No,Yes,None
3,T2,19,Underweight,Muslim,Vegetarian,No,Yes,No,None
1,T2,19,Underweight,Muslim,Vegetarian,No,Yes,Yes,None
2,T2,18,Underweight,Muslim,Vegetarian,Yes,No,No,None
1,T2,18,Underweight,Muslim,Vegetarian,Yes,No,Yes,None
1,T2,19,Underweight,Muslim,Vegetarian,Yes,Yes,No,None
1,T2,18,Underweight,Muslim,Vegetarian,Yes,Yes,Yes,None
5,T2,19,Underweight,Muslim,Vegetarian,No,No,No,Shellfish
4,T2,18,Underweight,Muslim,Vegetarian,No,No,Yes,Shellfish
3,T2,18,Underweight,Muslim,Vegetarian,No,Yes,No,Shellfish
1,T2,18,Underweight,Muslim,Vegetarian,No,Yes,Yes,Shellfish
2,T2,18,Underweight,Muslim,Vegetarian,Yes,No,No,Shellfish
1,T2,19,Underweight,Muslim,Vegetarian,Yes,No,Yes,Shellfish
1,T2,19,Underweight,Muslim,Vegetarian,Yes,Yes,No,Shellfish
1,T2,19,Underweight,Muslim,Vegetarian,Yes,Yes,Yes,Shellfish
5,T2,19,Underweight,Muslim,Vegetarian,No,No,No,Red meat
4,T2,19,Underweight,Muslim,Vegetarian,No,No,Yes,Red meat
3,T2,18,Underweight,Muslim,Vegetarian,No,Yes,No,Red meat
1,T2,18,Underweight,Muslim,Vegetarian,No,Yes,Yes,Red meat
2,T2,19,Underweight,Muslim,Vegetarian,Yes,No,No,Red meat
1,T2,19,Underweight,Muslim,Vegetarian,Yes,No,Yes,Red meat
1,T2,19,Underweight,Muslim,Vegetarian,Yes,Yes,No,Red meat
1,T2,18,Underweight,Muslim,Vegetarian,Yes,Yes,Yes,Red meat
8,T2,19,Normal,Sinhala,Any,No,No,No,None
4,T2,18,Normal,Sinhala,Any,No,No,Yes,None
3,T2,18,Normal,Sinhala,Any,No,Yes,No,None
1,T2,19,Normal,Sinhala,Any,No,Yes,Yes,None
2,T2,19,Normal,Sinhala,Any,Yes,No,No,None
1,T2,18,Normal,Sinhala,Any,Yes,No,Yes,None
1,T2,19,Normal,Sinhala,Any,Yes,Yes,No,None
1,T2,19,Normal,Sinhala,Any,Yes,Yes,Yes,None
5,T2,18,Normal,Sinhala,Any,No,No,No,Shellfish
4,T2,19,Normal,Sinhala,Any,No,No,Yes,Shellfish
3,T2,19,Normal,Sinhala,Any,No,Yes,No,Shellfish
1,T2,18,Normal,Sinhala,Any,No,Yes,Yes,Shellfish
2,T2,18,Normal,Sinhala,Any,Yes,No,No,Shellfish
1,T2,19,Normal,Sinhala,Any,Yes,No,Yes,Shellfish
1,T2,18,Normal,Sinhala,Any,Yes,Yes,No,Shellfish
1,T2,19,Normal,Sinhala,Any,Yes,Yes,Yes,Shellfish
5,T2,18,Normal,Sinhala,Any,No,No,No,Red meat
4,T2,18,Normal,Sinhala,Any,No,No,Yes,Red meat
3,T2,19,Normal,Sinhala,Any,No,Yes,No,Red meat
1,T2,18,Normal,Sinhala,Any,No,Yes,Yes,Red meat
2,T2,19,Normal,Sinhala,Any,Yes,No,No,Red meat
1,T2,18,Normal,Sinhala,Any,Yes,No,Yes,Red meat
1,T2,19,Normal,Sinhala,Any,Yes,Yes,No,Red meat
1,T2,19,Normal,Sinhala,Any,Yes,Yes,Yes,Red meat
9,T2,18,Normal,Sinhala,Vegetarian,No,No,No,None
4,T2,18,Normal,Sinhala,Vegetarian,No,No,Yes,None
3,T2,19,Normal,Sinhala,Vegetarian,No,Yes,No,None
1,T2,19,Normal,Sinhala,Vegetarian,No,Yes,Yes,None
2,T2,19,Normal,Sinhala,Vegetarian,Yes,No,No,None
1,T2,18,Normal,Sinhala,Vegetarian,Yes,No,Yes,None
1,T2,19,Normal,Sinhala,Vegetarian,Yes,Yes,No,None
1,T2,18,Normal,Sinhala,Vegetarian,Yes,Yes,Yes,None
5,T2,18,Normal,Sinhala,Vegetarian,No,No,No,Shellfish
4,T2,19,Normal,Sinhala,Vegetarian,No,No,Yes,Shellfish
3,T2,19,Normal,Sinhala,Vegetarian,No,Yes,No,Shellfish
1,T2,19,Normal,Sinhala,Vegetarian,No,Yes,Yes,Shellfish
2,T2,18,Normal,Sinhala,Vegetarian,Yes,No,No,Shellfish
1,T2,19,Normal,Sinhala,Vegetarian,Yes,No,Yes,Shellfish
1,T2,18,Normal,Sinhala,Vegetarian,Yes,Yes,No,Shellfish
1,T2,19,Normal,Sinhala,Vegetarian,Yes,Yes,Yes,Shellfish
5,T2,18,Normal,Sinhala,Vegetarian,No,No,No,Red meat
4,T2,18,Normal,Sinhala,Vegetarian,No,No,Yes,Red meat
3,T2,19,Normal,Sinhala,Vegetarian,No,Yes,No,Red meat
1,T2,19,Normal,Sinhala,Vegetarian,No,Yes,Yes,Red meat
2,T2,18,Normal,Sinhala,Vegetarian,Yes,No,No,Red meat
1,T2,18,Normal,Sinhala,Vegetarian,Yes,No,Yes,Red meat
1,T2,19,Normal,Sinhala,Vegetarian,Yes,Yes,No,Red meat
1,T2,19,Normal,Sinhala,Vegetarian,Yes,Yes,Yes,Red meat
8,T2,19,Normal,Tamil,Any,No,No,No,None
4,T2,19,Normal,Tamil,Any,No,No,Yes,None
3,T2,19,Normal,Tamil,Any,No,Yes,No,None
1,T2,18,Normal,Tamil,Any,No,Yes,Yes,None
2,T2,18,Normal,Tamil,Any,Yes,No,No,None
1,T2,18,Normal,Tamil,Any,Yes,No,Yes,None
1,T2,19,Normal,Tamil,Any,Yes,Yes,No,None
1,T2,19,Normal,Tamil,Any,Yes,Yes,Yes,None
5,T2,19,Normal,Tamil,Any,No,No,No,Shellfish
4,T2,19,Normal,Tamil,Any,No,No,Yes,Shellfish
3,T2,19,Normal,Tamil,Any,No,Yes,No,Shellfish
1,T2,19,Normal,Tamil,Any,No,Yes,Yes,Shellfish
2,T2,19,Normal,Tamil,Any,Yes,No,No,Shellfish
1,T2,18,Normal,Tamil,Any,Yes,No,Yes,Shellfish
1,T2,19,Normal,Tamil,Any,Yes,Yes,No,Shellfish
1,T2,18,Normal,Tamil,Any,Yes,Yes,Yes,Shellfish
5,T2,18,Normal,Tamil,Any,No,No,No,Red meat
4,T2,19,Normal,Tamil,Any,No,No,Yes,Red meat
3,T2,18,Normal,Tamil,Any,No,Yes,No,Red meat
1,T2,18,Normal,Tamil,Any,No,Yes,Yes,Red meat
2,T2,19,Normal,Tamil,Any,Yes,No,No,Red meat
1,T2,19,Normal,Tamil,Any,Yes,No,Yes,Red meat
1,T2,18,Normal,Tamil,Any,Yes,Yes,No,Red meat
1,T2,19,Normal,Tamil,Any,Yes,Yes,Yes,Red meat
9,T2,18,Normal,Tamil,Vegetarian,No,No,No,None
4,T2,18,Normal,Tamil,Vegetarian,No,No,Yes,None
3,T2,19,Normal,Tamil,Vegetarian,No,Yes,No,None
1,T2,19,Normal,Tamil,Vegetarian,No,Yes,Yes,None
2,T2,19,Normal,Tamil,Vegetarian,Yes,No,No,None
1,T2,19,Normal,Tamil,Vegetarian,Yes,No,Yes,None
1,T2,18,Normal,Tamil,Vegetarian,Yes,Yes,No,None
1,T2,19,Normal,Tamil,Vegetarian,Yes,Yes,Yes,None
5,T2,19,Normal,Tamil,Vegetarian,No,No,No,Shellfish
4,T2,18,Normal,Tamil,Vegetarian,No,No,Yes,Shellfish
3,T2,19,Normal,Tamil,Vegetarian,No,Yes,No,Shellfish
1,T2,19,Normal,Tamil,Vegetarian,No,Yes,Yes,Shellfish
2,T2,18,Normal,Tamil,Vegetarian,Yes,No,No,Shellfish
1,T2,19,Normal,Tamil,Vegetarian,Yes,No,Yes,Shellfish
1,T2,19,Normal,Tamil,Vegetarian,Yes,Yes,No,Shellfish
1,T2,18,Normal,Tamil,Vegetarian,Yes,Yes,Yes,Shellfish
5,T2,18,Normal,Tamil,Vegetarian,No,No,No,Red meat
4,T2,18,Normal,Tamil,Vegetarian,No,No,Yes,Red meat
3,T2,18,Normal,Tamil,Vegetarian,No,Yes,No,Red meat
1,T2,19,Normal,Tamil,Vegetarian,No,Yes,Yes,Red meat
2,T2,18,Normal,Tamil,Vegetarian,Yes,No,No,Red meat
1,T2,19,Normal,Tamil,Vegetarian,Yes,No,Yes,Red meat
1,T2,18,Normal,Tamil,Vegetarian,Yes,Yes,No,Red meat
1,T2,18,Normal,Tamil,Vegetarian,Yes,Yes,Yes,Red meat
8,T2,18,Normal,Muslim,Any,No,No,No,None
4,T2,18,Normal,Muslim,Any,No,No,Yes,None
3,T2,18,Normal,Muslim,Any,No,Yes,No,None
1,T2,19,Normal,Muslim,Any,No,Yes,Yes,None
2,T2,19,Normal,Muslim,Any,Yes,No,No,None
1,T2,18,Normal,Muslim,Any,Yes,No,Yes,None
1,T2,18,Normal,Muslim,Any,Yes,Yes,No,None
1,T2,18,Normal,Muslim,Any,Yes,Yes,Yes,None
5,T2,18,Normal,Muslim,Any,No,No,No,Shellfish
4,T2,18,Normal,Muslim,Any,No,No,Yes,Shellfish
3,T2,19,Normal,Muslim,Any,No,Yes,No,Shellfish
1,T2,18,Normal,Muslim,Any,No,Yes,Yes,Shellfish
2,T2,19,Normal,Muslim,Any,Yes,No,No,Shellfish
1,T2,19,Normal,Muslim,Any,Yes,No,Yes,Shellfish
1,T2,19,Normal,Muslim,Any,Yes,Yes,No,Shellfish
1,T2,18,Normal,Muslim,Any,Yes,Yes,Yes,Shellfish
5,T2,18,Normal,Muslim,Any,No,No,No,Red meat
4,T2,18,Normal,Muslim,Any,No,No,Yes,Red meat
3,T2,18,Normal,Muslim,Any,No,Yes,No,Red meat
1,T2,18,Normal,Muslim,Any,No,Yes,Yes,Red meat
2,T2,18,Normal,Muslim,Any,Yes,No,No,Red meat
1,T2,18,Normal,Muslim,Any,Yes,No,Yes,Red meat
1,T2,18,Normal,Muslim,Any,Yes,Yes,No,Red meat
1,T2,18,Normal,Muslim,Any,Yes,Yes,Yes,Red meat
9,T2,18,Normal,Muslim,Vegetarian,No,No,No,None
4,T2,19,Normal,Muslim,Vegetarian,No,No,Yes,None
3,T2,18,Normal,Muslim,Vegetarian,No,Yes,No,None
1,T2,18,Normal,Muslim,Vegetarian,No,Yes,Yes,None
2,T2,18,Normal,Muslim,Vegetarian,Yes,No,No,None
1,T2,18,Normal,Muslim,Vegetarian,Yes,No,Yes,None
1,T2,18,Normal,Muslim,Vegetarian,Yes,Yes,No,None
1,T2,18,Normal,Muslim,Vegetarian,Yes,Yes,Yes,None
5,T2,18,Normal,Muslim,Vegetarian,No,No,No,Shellfish
4,T2,18,Normal,Muslim,Vegetarian,No,No,Yes,Shellfish
3,T2,18,Normal,Muslim,Vegetarian,No,Yes,No,Shellfish
1,T2,18,Normal,Muslim,Vegetarian,No,Yes,Yes,Shellfish
2,T2,19,Normal,Muslim,Vegetarian,Yes,No,No,Shellfish
1,T2,18,Normal,Muslim,Vegetarian,Yes,No,Yes,Shellfish
1,T2,18,Normal,Muslim,Vegetarian,Yes,Yes,No,Shellfish
1,T2,18,Normal,Muslim,Vegetarian,Yes,Yes,Yes,Shellfish
5,T2,18,Normal,Muslim,Vegetarian,No,No,No,Red meat
4,T2,19,Normal,Muslim,Vegetarian,No,No,Yes,Red meat
3,T2,18,Normal,Muslim,Vegetarian,No,Yes,No,Red meat
1,T2,19,Normal,Muslim,Vegetarian,No,Yes,Yes,Red meat
2,T2,18,Normal,Muslim,Vegetarian,Yes,No,No,Red meat
1,T2,19,Normal,Muslim,Vegetarian,Yes,No,Yes,Red meat
1,T2,19,Normal,Muslim,Vegetarian,Yes,Yes,No,Red meat
1,T2,18,Normal,Muslim,Vegetarian,Yes,Yes,Yes,Red meat
8,T2,18,Overweight,Sinhala,Any,No,No,No,None
4,T2,19,Overweight,Sinhala,Any,No,No,Yes,None
3,T2,18,Overweight,Sinhala,Any,No,Yes,No,None
1,T2,19,Overweight,Sinhala,Any,No,Yes,Yes,None
2,T2,18,Overweight,Sinhala,Any,Yes,No,No,None
1,T2,18,Overweight,Sinhala,Any,Yes,No,Yes,None
1,T2,18,Overweight,Sinhala,Any,Yes,Yes,No,None
1,T2,18,Overweight,Sinhala,Any,Yes,Yes,Yes,None
5,T2,18,Overweight,Sinhala,Any,No,No,No,Shellfish
4,T2,18,Overweight,Sinhala,Any,No,No,Yes,Shellfish
3,T2,18,Overweight,Sinhala,Any,No,Yes,No,Shellfish
1,T2,18,Overweight,Sinhala,Any,No,Yes,Yes,Shellfish
2,T2,18,Overweight,Sinhala,Any,Yes,No,No,Shellfish
1,T2,19,Overweight,Sinhala,Any,Yes,No,Yes,Shellfish
1,T2,18,Overweight,Sinhala,Any,Yes,Yes,No,Shellfish
1,T2,19,Overweight,Sinhala,Any,Yes,Yes,Yes,Shellfish
5,T2,19,Overweight,Sinhala,Any,No,No,No,Red meat
4,T2,19,Overweight,Sinhala,Any,No,No,Yes,Red meat
3,T2,19,Overweight,Sinhala,Any,No,Yes,No,Red meat
1,T2,19,Overweight,Sinhala,Any,No,Yes,Yes,Red meat
2,T2,19,Overweight,Sinhala,Any,Yes,No,No,Red meat
1,T2,18,Overweight,Sinhala,Any,Yes,No,Yes,Red meat
1,T2,18,Overweight,Sinhala,Any,Yes,Yes,No,Red meat
1,T2,18,Overweight,Sinhala,Any,Yes,Yes,Yes,Red meat
9,T2,18,Overweight,Sinhala,Vegetarian,No,No,No,None
4,T2,19,Overweight,Sinhala,Vegetarian,No,No,Yes,None
3,T2,18,Overweight,Sinhala,Vegetarian,No,Yes,No,None
1,T2,19,Overweight,Sinhala,Vegetarian,No,Yes,Yes,None
2,T2,19,Overweight,Sinhala,Vegetarian,Yes,No,No,None
1,T2,19,Overweight,Sinhala,Vegetarian,Yes,No,Yes,None
1,T2,18,Overweight,Sinhala,Vegetarian,Yes,Yes,No,None
1,T2,19,Overweight,Sinhala,Vegetarian,Yes,Yes,Yes,None
5,T2,19,Overweight,Sinhala,Vegetarian,No,No,No,Shellfish
4,T2,19,Overweight,Sinhala,Vegetarian,No,No,Yes,Shellfish
3,T2,19,Overweight,Sinhala,Vegetarian,No,Yes,No,Shellfish
1,T2,18,Overweight,Sinhala,Vegetarian,No,Yes,Yes,Shellfish
2,T2,19,Overweight,Sinhala,Vegetarian,Yes,No,No,Shellfish
1,T2,18,Overweight,Sinhala,Vegetarian,Yes,No,Yes,Shellfish
1,T2,19,Overweight,Sinhala,Vegetarian,Yes,Yes,No,Shellfish
1,T2,19,Overweight,Sinhala,Vegetarian,Yes,Yes,Yes,Shellfish
5,T2,18,Overweight,Sinhala,Vegetarian,No,No,No,Red meat
4,T2,18,Overweight,Sinhala,Vegetarian,No,No,Yes,Red meat
3,T2,18,Overweight,Sinhala,Vegetarian,No,Yes,No,Red meat
1,T2,18,Overweight,Sinhala,Vegetarian,No,Yes,Yes,Red meat
2,T2,19,Overweight,Sinhala,Vegetarian,Yes,No,No,Red meat
1,T2,19,Overweight,Sinhala,Vegetarian,Yes,No,Yes,Red meat
1,T2,19,Overweight,Sinhala,Vegetarian,Yes,Yes,No,Red meat
1,T2,18,Overweight,Sinhala,Vegetarian,Yes,Yes,Yes,Red meat
8,T2,19,Overweight,Tamil,Any,No,No,No,None
4,T2,18,Overweight,Tamil,Any,No,No,Yes,None
3,T2,19,Overweight,Tamil,Any,No,Yes,No,None
1,T2,19,Overweight,Tamil,Any,No,Yes,Yes,None
2,T2,18,Overweight,Tamil,Any,Yes,No,No,None
1,T2,18,Overweight,Tamil,Any,Yes,No,Yes,None
1,T2,18,Overweight,Tamil,Any,Yes,Yes,No,None
1,T2,19,Overweight,Tamil,Any,Yes,Yes,Yes,None
5,T2,18,Overweight,Tamil,Any,No,No,No,Shellfish
4,T2,18,Overweight,Tamil,Any,No,No,Yes,Shellfish
3,T2,19,Overweight,Tamil,Any,No,Yes,No,Shellfish
1,T2,18,Overweight,Tamil,Any,No,Yes,Yes,Shellfish
2,T2,19,Overweight,Tamil,Any,Yes,No,No,Shellfish
1,T2,19,Overweight,Tamil,Any,Yes,No,Yes,Shellfish
1,T2,19,Overweight,Tamil,Any,Yes,Yes,No,Shellfish
1,T2,19,Overweight,Tamil,Any,Yes,Yes,Yes,Shellfish
5,T2,18,Overweight,Tamil,Any,No,No,No,Red meat
4,T2,18,Overweight,Tamil,Any,No,No,Yes,Red meat
3,T2,19,Overweight,Tamil,Any,No,Yes,No,Red meat
1,T2,18,Overweight,Tamil,Any,No,Yes,Yes,Red meat
2,T2,19,Overweight,Tamil,Any,Yes,No,No,Red meat
1,T2,19,Overweight,Tamil,Any,Yes,No,Yes,Red meat
1,T2,18,Overweight,Tamil,Any,Yes,Yes,No,Red meat
1,T2,19,Overweight,Tamil,Any,Yes,Yes,Yes,Red meat
9,T2,18,Overweight,Tamil,Vegetarian,No,No,No,None
4,T2,18,Overweight,Tamil,Vegetarian,No,No,Yes,None
3,T2,18,Overweight,Tamil,Vegetarian,No,Yes,No,None
1,T2,18,Overweight,Tamil,Vegetarian,No,Yes,Yes,None
2,T2,19,Overweight,Tamil,Vegetarian,Yes,No,No,None
1,T2,19,Overweight,Tamil,Vegetarian,Yes,No,Yes,None
1,T2,18,Overweight,Tamil,Vegetarian,Yes,Yes,No,None
1,T2,19,Overweight,Tamil,Vegetarian,Yes,Yes,Yes,None
5,T2,18,Overweight,Tamil,Vegetarian,No,No,No,Shellfish
4,T2,19,Overweight,Tamil,Vegetarian,No,No,Yes,Shellfish
3,T2,19,Overweight,Tamil,Vegetarian,No,Yes,No,Shellfish
1,T2,18,Overweight,Tamil,Vegetarian,No,Yes,Yes,Shellfish
2,T2,18,Overweight,Tamil,Vegetarian,Yes,No,No,Shellfish
1,T2,19,Overweight,Tamil,Vegetarian,Yes,No,Yes,Shellfish
1,T2,19,Overweight,Tamil,Vegetarian,Yes,Yes,No,Shellfish
1,T2,19,Overweight,Tamil,Vegetarian,Yes,Yes,Yes,Shellfish
5,T2,19,Overweight,Tamil,Vegetarian,No,No,No,Red meat
4,T2,18,Overweight,Tamil,Vegetarian,No,No,Yes,Red meat
3,T2,18,Overweight,Tamil,Vegetarian,No,Yes,No,Red meat
1,T2,19,Overweight,Tamil,Vegetarian,No,Yes,Yes,Red meat
2,T2,18,Overweight,Tamil,Vegetarian,Yes,No,No,Red meat
1,T2,18,Overweight,Tamil,Vegetarian,Yes,No,Yes,Red meat
1,T2,18,Overweight,Tamil,Vegetarian,Yes,Yes,No,Red meat
1,T2,19,Overweight,Tamil,Vegetarian,Yes,Yes,Yes,Red meat
8,T2,18,Overweight,Muslim,Any,No,No,No,None
4,T2,18,Overweight,Muslim,Any,No,No,Yes,None
3,T2,19,Overweight,Muslim,Any,No,Yes,No,None
1,T2,19,Overweight,Muslim,Any,No,Yes,Yes,None
2,T2,18,Overweight,Muslim,Any,Yes,No,No,None
1,T2,19,Overweight,Muslim,Any,Yes,No,Yes,None
1,T2,19,Overweight,Muslim,Any,Yes,Yes,No,None
1,T2,19,Overweight,Muslim,Any,Yes,Yes,Yes,None
5,T2,19,Overweight,Muslim,Any,No,No,No,Shellfish
4,T2,19,Overweight,Muslim,Any,No,No,Yes,Shellfish
3,T2,18,Overweight,Muslim,Any,No,Yes,No,Shellfish
1,T2,18,Overweight,Muslim,Any,No,Yes,Yes,Shellfish
2,T2,19,Overweight,Muslim,Any,Yes,No,No,Shellfish
1,T2,18,Overweight,Muslim,Any,Yes,No,Yes,Shellfish
1,T2,19,Overweight,Muslim,Any,Yes,Yes,No,Shellfish
1,T2,19,Overweight,Muslim,Any,Yes,Yes,Yes,Shellfish
5,T2,18,Overweight,Muslim,Any,No,No,No,Red meat
4,T2,19,Overweight,Muslim,Any,No,No,Yes,Red meat
3,T2,19,Overweight,Muslim,Any,No,Yes,No,Red meat
1,T2,18,Overweight,Muslim,Any,No,Yes,Yes,Red meat
2,T2,19,Overweight,Muslim,Any,Yes,No,No,Red meat
1,T2,18,Overweight,Muslim,Any,Yes,No,Yes,Red meat
1,T2,18,Overweight,Muslim,Any,Yes,Yes,No,Red meat
1,T2,18,Overweight,Muslim,Any,Yes,Yes,Yes,Red meat
9,T2,19,Overweight,Muslim,Vegetarian,No,No,No,None
4,T2,18,Overweight,Muslim,Vegetarian,No,No,Yes,None
3,T2,19,Overweight,Muslim,Vegetarian,No,Yes,No,None
1,T2,18,Overweight,Muslim,Vegetarian,No,Yes,Yes,None
2,T2,19,Overweight,Muslim,Vegetarian,Yes,No,No,None
1,T2,18,Overweight,Muslim,Vegetarian,Yes,No,Yes,None
1,T2,19,Overweight,Muslim,Vegetarian,Yes,Yes,No,None
1,T2,19,Overweight,Muslim,Vegetarian,Yes,Yes,Yes,None
5,T2,19,Overweight,Muslim,Vegetarian,No,No,No,Shellfish
4,T2,18,Overweight,Muslim,Vegetarian,No,No,Yes,Shellfish
3,T2,18,Overweight,Muslim,Vegetarian,No,Yes,No,Shellfish
1,T2,19,Overweight,Muslim,Vegetarian,No,Yes,Yes,Shellfish
2,T2,18,Overweight,Muslim,Vegetarian,Yes,No,No,Shellfish
1,T2,18,Overweight,Muslim,Vegetarian,Yes,No,Yes,Shellfish
1,T2,19,Overweight,Muslim,Vegetarian,Yes,Yes,No,Shellfish
1,T2,18,Overweight,Muslim,Vegetarian,Yes,Yes,Yes,Shellfish
5,T2,18,Overweight,Muslim,Vegetarian,No,No,No,Red meat
4,T2,19,Overweight,Muslim,Vegetarian,No,No,Yes,Red meat
3,T2,19,Overweight,Muslim,Vegetarian,No,Yes,No,Red meat
1,T2,19,Overweight,Muslim,Vegetarian,No,Yes,Yes,Red meat
2,T2,19,Overweight,Muslim,Vegetarian,Yes,No,No,Red meat
1,T2,18,Overweight,Muslim,Vegetarian,Yes,No,Yes,Red meat
1,T2,18,Overweight,Muslim,Vegetarian,Yes,Yes,No,Red meat
1,T2,18,Overweight,Muslim,Vegetarian,Yes,Yes,Yes,Red meat
7,T2,19,Obese,Sinhala,Any,No,No,No,None
4,T2,19,Obese,Sinhala,Any,No,No,Yes,None
3,T2,18,Obese,Sinhala,Any,No,Yes,No,None
1,T2,18,Obese,Sinhala,Any,No,Yes,Yes,None
2,T2,18,Obese,Sinhala,Any,Yes,No,No,None
1,T2,18,Obese,Sinhala,Any,Yes,No,Yes,None
1,T2,19,Obese,Sinhala,Any,Yes,Yes,No,None
1,T2,19,Obese,Sinhala,Any,Yes,Yes,Yes,None
5,T2,19,Obese,Sinhala,Any,No,No,No,Shellfish
4,T2,18,Obese,Sinhala,Any,No,No,Yes,Shellfish
3,T2,19,Obese,Sinhala,Any,No,Yes,No,Shellfish
1,T2,19,Obese,Sinhala,Any,No,Yes,Yes,Shellfish
2,T2,18,Obese,Sinhala,Any,Yes,No,No,Shellfish
1,T2,18,Obese,Sinhala,Any,Yes,No,Yes,Shellfish
1,T2,19,Obese,Sinhala,Any,Yes,Yes,No,Shellfish
1,T2,19,Obese,Sinhala,Any,Yes,Yes,Yes,Shellfish
5,T2,18,Obese,Sinhala,Any,No,No,No,Red meat
4,T2,19,Obese,Sinhala,Any,No,No,Yes,Red meat
3,T2,19,Obese,Sinhala,Any,No,Yes,No,Red meat
1,T2,18,Obese,Sinhala,Any,No,Yes,Yes,Red meat
2,T2,18,Obese,Sinhala,Any,Yes,No,No,Red meat
1,T2,19,Obese,Sinhala,Any,Yes,No,Yes,Red meat
1,T2,19,Obese,Sinhala,Any,Yes,Yes,No,Red meat
1,T2,19,Obese,Sinhala,Any,Yes,Yes,Yes,Red meat
7,T2,18,Obese,Sinhala,Vegetarian,No,No,No,None
4,T2,19,Obese,Sinhala,Vegetarian,No,No,Yes,None
3,T2,19,Obese,Sinhala,Vegetarian,No,Yes,No,None
1,T2,19,Obese,Sinhala,Vegetarian,No,Yes,Yes,None
2,T2,19,Obese,Sinhala,Vegetarian,Yes,No,No,None
1,T2,18,Obese,Sinhala,Vegetarian,Yes,No,Yes,None
1,T2,18,Obese,Sinhala,Vegetarian,Yes,Yes,No,None
1,T2,19,Obese,Sinhala,Vegetarian,Yes,Yes,Yes,None
5,T2,18,Obese,Sinhala,Vegetarian,No,No,No,Shellfish
4,T2,18,Obese,Sinhala,Vegetarian,No,No,Yes,Shellfish
3,T2,18,Obese,Sinhala,Vegetarian,No,Yes,No,Shellfish
1,T2,18,Obese,Sinhala,Vegetarian,No,Yes,Yes,Shellfish
2,T2,18,Obese,Sinhala,Vegetarian,Yes,No,No,Shellfish
1,T2,18,Obese,Sinhala,Vegetarian,Yes,No,Yes,Shellfish
1,T2,18,Obese,Sinhala,Vegetarian,Yes,Yes,No,Shellfish
1,T2,18,Obese,Sinhala,Vegetarian,Yes,Yes,Yes,Shellfish
5,T2,19,Obese,Sinhala,Vegetarian,No,No,No,Red meat
4,T2,19,Obese,Sinhala,Vegetarian,No,No,Yes,Red meat
3,T2,18,Obese,Sinhala,Vegetarian,No,Yes,No,Red meat
1,T2,19,Obese,Sinhala,Vegetarian,No,Yes,Yes,Red meat
2,T2,18,Obese,Sinhala,Vegetarian,Yes,No,No,Red meat
1,T2,19,Obese,Sinhala,Vegetarian,Yes,No,Yes,Red meat
1,T2,18,Obese,Sinhala,Vegetarian,Yes,Yes,No,Red meat
1,T2,18,Obese,Sinhala,Vegetarian,Yes,Yes,Yes,Red meat
7,T2,18,Obese,Tamil,Any,No,No,No,None
4,T2,18,Obese,Tamil,Any,No,No,Yes,None
3,T2,18,Obese,Tamil,Any,No,Yes,No,None
1,T2,19,Obese,Tamil,Any,No,Yes,Yes,None
2,T2,19,Obese,Tamil,Any,Yes,No,No,None
1,T2,19,Obese,Tamil,Any,Yes,No,Yes,None
1,T2,19,Obese,Tamil,Any,Yes,Yes,No,None
1,T2,18,Obese,Tamil,Any,Yes,Yes,Yes,None
5,T2,19,Obese,Tamil,Any,No,No,No,Shellfish
4,T2,19,Obese,Tamil,Any,No,No,Yes,Shellfish
3,T2,19,Obese,Tamil,Any,No,Yes,No,Shellfish
1,T2,18,Obese,Tamil,Any,No,Yes,Yes,Shellfish
2,T2,19,Obese,Tamil,Any,Yes,No,No,Shellfish
1,T2,19,Obese,Tamil,Any,Yes,No,Yes,Shellfish
1,T2,18,Obese,Tamil,Any,Yes,Yes,No,Shellfish
1,T2,19,Obese,Tamil,Any,Yes,Yes,Yes,Shellfish
5,T2,18,Obese,Tamil,Any,No,No,No,Red meat
4,T2,19,Obese,Tamil,Any,No,No,Yes,Red meat
3,T2,18,Obese,Tamil,Any,No,Yes,No,Red meat
1,T2,18,Obese,Tamil,Any,No,Yes,Yes,Red meat
2,T2,19,Obese,Tamil,Any,Yes,No,No,Red meat
1,T2,18,Obese,Tamil,Any,Yes,No,Yes,Red meat
1,T2,18,Obese,Tamil,Any,Yes,Yes,No,Red meat
1,T2,19,Obese,Tamil,Any,Yes,Yes,Yes,Red meat
7,T2,18,Obese,Tamil,Vegetarian,No,No,No,None
4,T2,18,Obese,Tamil,Vegetarian,No,No,Yes,None
3,T2,19,Obese,Tamil,Vegetarian,No,Yes,No,None
1,T2,19,Obese,Tamil,Vegetarian,No,Yes,Yes,None
2,T2,19,Obese,Tamil,Vegetarian,Yes,No,No,None
1,T2,19,Obese,Tamil,Vegetarian,Yes,No,Yes,None
1,T2,19,Obese,Tamil,Vegetarian,Yes,Yes,No,None
1,T2,18,Obese,Tamil,Vegetarian,Yes,Yes,Yes,None
5,T2,19,Obese,Tamil,Vegetarian,No,No,No,Shellfish
4,T2,18,Obese,Tamil,Vegetarian,No,No,Yes,Shellfish
3,T2,19,Obese,Tamil,Vegetarian,No,Yes,No,Shellfish
1,T2,19,Obese,Tamil,Vegetarian,No,Yes,Yes,Shellfish
2,T2,18,Obese,Tamil,Vegetarian,Yes,No,No,Shellfish
1,T2,19,Obese,Tamil,Vegetarian,Yes,No,Yes,Shellfish
1,T2,18,Obese,Tamil,Vegetarian,Yes,Yes,No,Shellfish
1,T2,18,Obese,Tamil,Vegetarian,Yes,Yes,Yes,Shellfish
5,T2,18,Obese,Tamil,Vegetarian,No,No,No,Red meat
4,T2,18,Obese,Tamil,Vegetarian,No,No,Yes,Red meat
3,T2,18,Obese,Tamil,Vegetarian,No,Yes,No,Red meat
1,T2,18,Obese,Tamil,Vegetarian,No,Yes,Yes,Red meat
2,T2,18,Obese,Tamil,Vegetarian,Yes,No,No,Red meat
1,T2,18,Obese,Tamil,Vegetarian,Yes,No,Yes,Red meat
1,T2,18,Obese,Tamil,Vegetarian,Yes,Yes,No,Red meat
1,T2,18,Obese,Tamil,Vegetarian,Yes,Yes,Yes,Red meat
7,T2,18,Obese,Muslim,Any,No,No,No,None
4,T2,19,Obese,Muslim,Any,No,No,Yes,None
3,T2,18,Obese,Muslim,Any,No,Yes,No,None
1,T2,18,Obese,Muslim,Any,No,Yes,Yes,None
2,T2,19,Obese,Muslim,Any,Yes,No,No,None
1,T2,19,Obese,Muslim,Any,Yes,No,Yes,None
1,T2,18,Obese,Muslim,Any,Yes,Yes,No,None
1,T2,18,Obese,Muslim,Any,Yes,Yes,Yes,None
5,T2,19,Obese,Muslim,Any,No,No,No,Shellfish
4,T2,19,Obese,Muslim,Any,No,No,Yes,Shellfish
3,T2,18,Obese,Muslim,Any,No,Yes,No,Shellfish
1,T2,18,Obese,Muslim,Any,No,Yes,Yes,Shellfish
2,T2,19,Obese,Muslim,Any,Yes,No,No,Shellfish
1,T2,19,Obese,Muslim,Any,Yes,No,Yes,Shellfish
1,T2,19,Obese,Muslim,Any,Yes,Yes,No,Shellfish
1,T2,19,Obese,Muslim,Any,Yes,Yes,Yes,Shellfish
5,T2,18,Obese,Muslim,Any,No,No,No,Red meat
4,T2,18,Obese,Muslim,Any,No,No,Yes,Red meat
3,T2,18,Obese,Muslim,Any,No,Yes,No,Red meat
1,T2,18,Obese,Muslim,Any,No,Yes,Yes,Red meat
2,T2,19,Obese,Muslim,Any,Yes,No,No,Red meat
1,T2,19,Obese,Muslim,Any,Yes,No,Yes,Red meat
1,T2,18,Obese,Muslim,Any,Yes,Yes,No,Red meat
1,T2,19,Obese,Muslim,Any,Yes,Yes,Yes,Red meat
7,T2,19,Obese,Muslim,Vegetarian,No,No,No,None
4,T2,19,Obese,Muslim,Vegetarian,No,No,Yes,None
3,T2,19,Obese,Muslim,Vegetarian,No,Yes,No,None
1,T2,18,Obese,Muslim,Vegetarian,No,Yes,Yes,None
2,T2,19,Obese,Muslim,Vegetarian,Yes,No,No,None
1,T2,18,Obese,Muslim,Vegetarian,Yes,No,Yes,None
1,T2,18,Obese,Muslim,Vegetarian,Yes,Yes,No,None
1,T2,18,Obese,Muslim,Vegetarian,Yes,Yes,Yes,None
5,T2,19,Obese,Muslim,Vegetarian,No,No,No,Shellfish
4,T2,19,Obese,Muslim,Vegetarian,No,No,Yes,Shellfish
3,T2,19,Obese,Muslim,Vegetarian,No,Yes,No,Shellfish
1,T2,19,Obese,Muslim,Vegetarian,No,Yes,Yes,Shellfish
2,T2,18,Obese,Muslim,Vegetarian,Yes,No,No,Shellfish
1,T2,18,Obese,Muslim,Vegetarian,Yes,No,Yes,Shellfish
1,T2,18,Obese,Muslim,Vegetarian,Yes,Yes,No,Shellfish
1,T2,18,Obese,Muslim,Vegetarian,Yes,Yes,Yes,Shellfish
5,T2,19,Obese,Muslim,Vegetarian,No,No,No,Red meat
4,T2,19,Obese,Muslim,Vegetarian,No,No,Yes,Red meat
3,T2,19,Obese,Muslim,Vegetarian,No,Yes,No,Red meat
1,T2,18,Obese,Muslim,Vegetarian,No,Yes,Yes,Red meat
2,T2,19,Obese,Muslim,Vegetarian,Yes,No,No,Red meat
1,T2,18,Obese,Muslim,Vegetarian,Yes,No,Yes,Red meat
1,T2,19,Obese,Muslim,Vegetarian,Yes,Yes,No,Red meat
1,T2,18,Obese,Muslim,Vegetarian,Yes,Yes,Yes,Red meat
6,T2,27,Underweight,Sinhala,Any,No,No,No,None
4,T2,24,Underweight,Sinhala,Any,No,No,Yes,None
3,T2,22,Underweight,Sinhala,Any,No,Yes,No,None
1,T2,29,Underweight,Sinhala,Any,No,Yes,Yes,None
2,T2,21,Underweight,Sinhala,Any,Yes,No,No,None
1,T2,22,Underweight,Sinhala,Any,Yes,No,Yes,None
1,T2,28,Underweight,Sinhala,Any,Yes,Yes,No,None
1,T2,21,Underweight,Sinhala,Any,Yes,Yes,Yes,None
5,T2,29,Underweight,Sinhala,Any,No,No,No,Shellfish
4,T2,26,Underweight,Sinhala,Any,No,No,Yes,Shellfish
3,T2,22,Underweight,Sinhala,Any,No,Yes,No,Shellfish
1,T2,26,Underweight,Sinhala,Any,No,Yes,Yes,Shellfish
2,T2,28,Underweight,Sinhala,Any,Yes,No,No,Shellfish
1,T2,24,Underweight,Sinhala,Any,Yes,No,Yes,Shellfish
1,T2,27,Underweight,Sinhala,Any,Yes,Yes,No,Shellfish
1,T2,24,Underweight,Sinhala,Any,Yes,Yes,Yes,Shellfish
5,T2,25,Underweight,Sinhala,Any,No,No,No,Red meat
4,T2,28,Underweight,Sinhala,Any,No,No,Yes,Red meat
3,T2,22,Underweight,Sinhala,Any,No,Yes,No,Red meat
1,T2,28,Underweight,Sinhala,Any,No,Yes,Yes,Red meat
2,T2,23,Underweight,Sinhala,Any,Yes,No,No,Red meat
1,T2,27,Underweight,Sinhala,Any,Yes,No,Yes,Red meat
1,T2,25,Underweight,Sinhala,Any,Yes,Yes,No,Red meat
1,T2,20,Underweight,Sinhala,Any,Yes,Yes,Yes,Red meat
6,T2,20,Underweight,Sinhala,Vegetarian,No,No,No,None
4,T2,24,Underweight,Sinhala,Vegetarian,No,No,Yes,None
3,T2,25,Underweight,Sinhala,Vegetarian,No,Yes,No,None
1,T2,25,Underweight,Sinhala,Vegetarian,No,Yes,Yes,None
2,T2,22,Underweight,Sinhala,Vegetarian,Yes,No,No,None
1,T2,27,Underweight,Sinhala,Vegetarian,Yes,No,Yes,None
1,T2,22,Underweight,Sinhala,Vegetarian,Yes,Yes,No,None
1,T2,24,Underweight,Sinhala,Vegetarian,Yes,Yes,Yes,None
5,T2,29,Underweight,Sinhala,Vegetarian,No,No,No,Shellfish
4,T2,26,Underweight,Sinhala,Vegetarian,No,No,Yes,Shellfish
3,T2,26,Underweight,Sinhala,Vegetarian,No,Yes,No,Shellfish
1,T2,27,Underweight,Sinhala,Vegetarian,No,Yes,Yes,Shellfish
2,T2,26,Underweight,Sinhala,Vegetarian,Yes,No,No,Shellfish
1,T2,26,Underweight,Sinhala,Vegetarian,Yes,No,Yes,Shellfish
1,T2,27,Underweight,Sinhala,Vegetarian,Yes,Yes,No,Shellfish
1,T2,27,Underweight,Sinhala,Vegetarian,Yes,Yes,Yes,Shellfish
5,T2,21,Underweight,Sinhala,Vegetarian,No,No,No,Red meat
4,T2,23,Underweight,Sinhala,Vegetarian,No,No,Yes,Red meat
3,T2,24,Underweight,Sinhala,Vegetarian,No,Yes,No,Red meat
1,T2,28,Underweight,Sinhala,Vegetarian,No,Yes,Yes,Red meat
2,T2,23,Underweight,Sinhala,Vegetarian,Yes,No,No,Red meat
1,T2,26,Underweight,Sinhala,Vegetarian,Yes,No,Yes,Red meat
1,T2,21,Underweight,Sinhala,Vegetarian,Yes,Yes,No,Red meat
1,T2,24,Underweight,Sinhala,Vegetarian,Yes,Yes,Yes,Red meat
6,T2,20,Underweight,Tamil,Any,No,No,No,None
4,T2,23,Underweight,Tamil,Any,No,No,Yes,None
3,T2,27,Underweight,Tamil,Any,No,Yes,No,None
1,T2,27,Underweight,Tamil,Any,No,Yes,Yes,None
2,T2,21,Underweight,Tamil,Any,Yes,No,No,None
1,T2,21,Underweight,Tamil,Any,Yes,No,Yes,None
1,T2,22,Underweight,Tamil,Any,Yes,Yes,No,None
1,T2,20,Underweight,Tamil,Any,Yes,Yes,Yes,None
5,T2,26,Underweight,Tamil,Any,No,No,No,Shellfish
4,T2,26,Underweight,Tamil,Any,No,No,Yes,Shellfish
3,T2,23,Underweight,Tamil,Any,No,Yes,No,Shellfish
1,T2,25,Underweight,Tamil,Any,No,Yes,Yes,Shellfish
2,T2,20,Underweight,Tamil,Any,Yes,No,No,Shellfish
1,T2,24,Underweight,Tamil,Any,Yes,No,Yes,Shellfish
1,T2,28,Underweight,Tamil,Any,Yes,Yes,No,Shellfish
1,T2,25,Underweight,Tamil,Any,Yes,Yes,Yes,Shellfish
5,T2,26,Underweight,Tamil,Any,No,No,No,Red meat
4,T2,22,Underweight,Tamil,Any,No,No,Yes,Red meat
3,T2,27,Underweight,Tamil,Any,No,Yes,No,Red meat
1,T2,22,Underweight,Tamil,Any,No,Yes,Yes,Red meat
2,T2,29,Underweight,Tamil,Any,Yes,No,No,Red meat
1,T2,29,Underweight,Tamil,Any,Yes,No,Yes,Red meat
1,T2,28,Underweight,Tamil,Any,Yes,Yes,No,Red meat
1,T2,21,Underweight,Tamil,Any,Yes,Yes,Yes,Red meat
6,T2,23,Underweight,Tamil,Vegetarian,No,No,No,None
4,T2,28,Underweight,Tamil,Vegetarian,No,No,Yes,None
3,T2,21,Underweight,Tamil,Vegetarian,No,Yes,No,None
1,T2,22,Underweight,Tamil,Vegetarian,No,Yes,Yes,None
2,T2,27,Underweight,Tamil,Vegetarian,Yes,No,No,None
1,T2,20,Underweight,Tamil,Vegetarian,Yes,No,Yes,None
1,T2,26,Underweight,Tamil,Vegetarian,Yes,Yes,No,None
1,T2,24,Underweight,Tamil,Vegetarian,Yes,Yes,Yes,None
5,T2,25,Underweight,Tamil,Vegetarian,No,No,No,Shellfish
4,T2,28,Underweight,Tamil,Vegetarian,No,No,Yes,Shellfish
3,T2,21,Underweight,Tamil,Vegetarian,No,Yes,No,Shellfish
1,T2,24,Underweight,Tamil,Vegetarian,No,Yes,Yes,Shellfish
2,T2,27,Underweight,Tamil,Vegetarian,Yes,No,No,Shellfish
1,T2,20,Underweight,Tamil,Vegetarian,Yes,No,Yes,Shellfish
1,T2,22,Underweight,Tamil,Vegetarian,Yes,Yes,No,Shellfish
1,T2,26,Underweight,Tamil,Vegetarian,Yes,Yes,Yes,Shellfish
5,T2,28,Underweight,Tamil,Vegetarian,No,No,No,Red meat
4,T2,24,Underweight,Tamil,Vegetarian,No,No,Yes,Red meat
3,T2,27,Underweight,Tamil,Vegetarian,No,Yes,No,Red meat
1,T2,28,Underweight,Tamil,Vegetarian,No,Yes,Yes,Red meat
2,T2,25,Underweight,Tamil,Vegetarian,Yes,No,No,Red meat
1,T2,24,Underweight,Tamil,Vegetarian,Yes,No,Yes,Red meat
1,T2,21,Underweight,Tamil,Vegetarian,Yes,Yes,No,Red meat
1,T2,21,Underweight,Tamil,Vegetarian,Yes,Yes,Yes,Red meat
6,T2,26,Underweight,Muslim,Any,No,No,No,None
4,T2,23,Underweight,Muslim,Any,No,No,Yes,None
3,T2,21,Underweight,Muslim,Any,No,Yes,No,None
1,T2,29,Underweight,Muslim,Any,No,Yes,Yes,None
2,T2,25,Underweight,Muslim,Any,Yes,No,No,None
1,T2,21,Underweight,Muslim,Any,Yes,No,Yes,None
1,T2,29,Underweight,Muslim,Any,Yes,Yes,No,None
1,T2,27,Underweight,Muslim,Any,Yes,Yes,Yes,None
5,T2,20,Underweight,Muslim,Any,No,No,No,Shellfish
4,T2,24,Underweight,Muslim,Any,No,No,Yes,Shellfish
3,T2,27,Underweight,Muslim,Any,No,Yes,No,Shellfish
1,T2,21,Underweight,Muslim,Any,No,Yes,Yes,Shellfish
2,T2,20,Underweight,Muslim,Any,Yes,No,No,Shellfish
1,T2,27,Underweight,Muslim,Any,Yes,No,Yes,Shellfish
1,T2,27,Underweight,Muslim,Any,Yes,Yes,No,Shellfish
1,T2,21,Underweight,Muslim,Any,Yes,Yes,Yes,Shellfish
5,T2,25,Underweight,Muslim,Any,No,No,No,Red meat
4,T2,28,Underweight,Muslim,Any,No,No,Yes,Red meat
3,T2,25,Underweight,Muslim,Any,No,Yes,No,Red meat
1,T2,29,Underweight,Muslim,Any,No,Yes,Yes,Red meat
2,T2,25,Underweight,Muslim,Any,Yes,No,No,Red meat
1,T2,29,Underweight,Muslim,Any,Yes,No,Yes,Red meat
1,T2,21,Underweight,Muslim,Any,Yes,Yes,No,Red meat
1,T2,22,Underweight,Muslim,Any,Yes,Yes,Yes,Red meat
6,T2,22,Underweight,Muslim,Vegetarian,No,No,No,None
4,T2,24,Underweight,Muslim,Vegetarian,No,No,Yes,None
3,T2,22,Underweight,Muslim,Vegetarian,No,Yes,No,None
1,T2,24,Underweight,Muslim,Vegetarian,No,Yes,Yes,None
2,T2,29,Underweight,Muslim,Vegetarian,Yes,No,No,None
1,T2,26,Underweight,Muslim,Vegetarian,Yes,No,Yes,None
1,T2,27,Underweight,Muslim,Vegetarian,Yes,Yes,No,None
1,T2,25,Underweight,Muslim,Vegetarian,Yes,Yes,Yes,None
5,T2,22,Underweight,Muslim,Vegetarian,No,No,No,Shellfish
4,T2,21,Underweight,Muslim,Vegetarian,No,No,Yes,Shellfish
3,T2,28,Underweight,Muslim,Vegetarian,No,Yes,No,Shellfish
1,T2,25,Underweight,Muslim,Vegetarian,No,Yes,Yes,Shellfish
2,T2,29,Underweight,Muslim,Vegetarian,Yes,No,No,Shellfish
1,T2,20,Underweight,Muslim,Vegetarian,Yes,No,Yes,Shellfish
1,T2,21,Underweight,Muslim,Vegetarian,Yes,Yes,No,Shellfish
1,T2,24,Underweight,Muslim,Vegetarian,Yes,Yes,Yes,Shellfish
5,T2,28,Underweight,Muslim,Vegetarian,No,No,No,Red meat
4,T2,26,Underweight,Muslim,Vegetarian,No,No,Yes,Red meat
3,T2,27,Underweight,Muslim,Vegetarian,No,Yes,No,Red meat
1,T2,27,Underweight,Muslim,Vegetarian,No,Yes,Yes,Red meat
2,T2,29,Underweight,Muslim,Vegetarian,Yes,No,No,Red meat
1,T2,28,Underweight,Muslim,Vegetarian,Yes,No,Yes,Red meat
1,T2,28,Underweight,Muslim,Vegetarian,Yes,Yes,No,Red meat
1,T2,27,Underweight,Muslim,Vegetarian,Yes,Yes,Yes,Red meat
8,T2,21,Normal,Sinhala,Any,No,No,No,None
4,T2,25,Normal,Sinhala,Any,No,No,Yes,None
3,T2,22,Normal,Sinhala,Any,No,Yes,No,None
1,T2,28,Normal,Sinhala,Any,No,Yes,Yes,None
2,T2,25,Normal,Sinhala,Any,Yes,No,No,None
1,T2,29,Normal,Sinhala,Any,Yes,No,Yes,None
1,T2,28,Normal,Sinhala,Any,Yes,Yes,No,None
1,T2,28,Normal,Sinhala,Any,Yes,Yes,Yes,None
5,T2,28,Normal,Sinhala,Any,No,No,No,Shellfish
4,T2,23,Normal,Sinhala,Any,No,No,Yes,Shellfish
3,T2,23,Normal,Sinhala,Any,No,Yes,No,Shellfish
1,T2,28,Normal,Sinhala,Any,No,Yes,Yes,Shellfish
2,T2,25,Normal,Sinhala,Any,Yes,No,No,Shellfish
1,T2,23,Normal,Sinhala,Any,Yes,No,Yes,Shellfish
1,T2,21,Normal,Sinhala,Any,Yes,Yes,No,Shellfish
1,T2,25,Normal,Sinhala,Any,Yes,Yes,Yes,Shellfish
5,T2,24,Normal,Sinhala,Any,No,No,No,Red meat
4,T2,29,Normal,Sinhala,Any,No,No,Yes,Red meat
3,T2,24,Normal,Sinhala,Any,No,Yes,No,Red meat
1,T2,25,Normal,Sinhala,Any,No,Yes,Yes,Red meat
2,T2,27,Normal,Sinhala,Any,Yes,No,No,Red meat
1,T2,25,Normal,Sinhala,Any,Yes,No,Yes,Red meat
1,T2,28,Normal,Sinhala,Any,Yes,Yes,No,Red meat
1,T2,21,Normal,Sinhala,Any,Yes,Yes,Yes,Red meat
9,T2,22,Normal,Sinhala,Vegetarian,No,No,No,None
4,T2,23,Normal,Sinhala,Vegetarian,No,No,Yes,None
3,T2,20,Normal,Sinhala,Vegetarian,No,Yes,No,None
1,T2,28,Normal,Sinhala,Vegetarian,No,Yes,Yes,None
2,T2,21,Normal,Sinhala,Vegetarian,Yes,No,No,None
1,T2,23,Normal,Sinhala,Vegetarian,Yes,No,Yes,None
1,T2,28,Normal,Sinhala,Vegetarian,Yes,Yes,No,None
1,T2,27,Normal,Sinhala,Vegetarian,Yes,Yes,Yes,None
5,T2,22,Normal,Sinhala,Vegetarian,No,No,No,Shellfish
4,T2,23,Normal,Sinhala,Vegetarian,No,No,Yes,Shellfish
3,T2,28,Normal,Sinhala,Vegetarian,No,Yes,No,Shellfish
1,T2,20,Normal,Sinhala,Vegetarian,No,Yes,Yes,Shellfish
2,T2,28,Normal,Sinhala,Vegetarian,Yes,No,No,Shellfish
1,T2,24,Normal,Sinhala,Vegetarian,Yes,No,Yes,Shellfish
1,T2,23,Normal,Sinhala,Vegetarian,Yes,Yes,No,Shellfish
1,T2,23,Normal,Sinhala,Vegetarian,Yes,Yes,Yes,Shellfish
5,T2,22,Normal,Sinhala,Vegetarian,No,No,No,Red meat
4,T2,20,Normal,Sinhala,Vegetarian,No,No,Yes,Red meat
3,T2,22,Normal,Sinhala,Vegetarian,No,Yes,No,Red meat
1,T2,29,Normal,Sinhala,Vegetarian,No,Yes,Yes,Red meat
2,T2,28,Normal,Sinhala,Vegetarian,Yes,No,No,Red meat
1,T2,27,Normal,Sinhala,Vegetarian,Yes,No,Yes,Red meat
1,T2,26,Normal,Sinhala,Vegetarian,Yes,Yes,No,Red meat
1,T2,25,Normal,Sinhala,Vegetarian,Yes,Yes,Yes,Red meat
8,T2,21,Normal,Tamil,Any,No,No,No,None
4,T2,28,Normal,Tamil,Any,No,No,Yes,None
3,T2,20,Normal,Tamil,Any,No,Yes,No,None
1,T2,23,Normal,Tamil,Any,No,Yes,Yes,None
2,T2,29,Normal,Tamil,Any,Yes,No,No,None
1,T2,29,Normal,Tamil,Any,Yes,No,Yes,None
1,T2,24,Normal,Tamil,Any,Yes,Yes,No,None
1,T2,24,Normal,Tamil,Any,Yes,Yes,Yes,None
5,T2,24,Normal,Tamil,Any,No,No,No,Shellfish
4,T2,22,Normal,Tamil,Any,No,No,Yes,Shellfish
3,T2,27,Normal,Tamil,Any,No,Yes,No,Shellfish
1,T2,29,Normal,Tamil,Any,No,Yes,Yes,Shellfish
2,T2,22,Normal,Tamil,Any,Yes,No,No,Shellfish
1,T2,22,Normal,Tamil,Any,Yes,No,Yes,Shellfish
1,T2,29,Normal,Tamil,Any,Yes,Yes,No,Shellfish
1,T2,20,Normal,Tamil,Any,Yes,Yes,Yes,Shellfish
5,T2,28,Normal,Tamil,Any,No,No,No,Red meat
4,T2,24,Normal,Tamil,Any,No,No,Yes,Red meat
3,T2,24,Normal,Tamil,Any,No,Yes,No,Red meat
1,T2,20,Normal,Tamil,Any,No,Yes,Yes,Red meat
2,T2,23,Normal,Tamil,Any,Yes,No,No,Red meat
1,T2,23,Normal,Tamil,Any,Yes,No,Yes,Red meat
1,T2,21,Normal,Tamil,Any,Yes,Yes,No,Red meat
1,T2,22,Normal,Tamil,Any,Yes,Yes,Yes,Red meat
9,T2,24,Normal,Tamil,Vegetarian,No,No,No,None
4,T2,21,Normal,Tamil,Vegetarian,No,No,Yes,None
3,T2,28,Normal,Tamil,Vegetarian,No,Yes,No,None
1,T2,25,Normal,Tamil,Vegetarian,No,Yes,Yes,None
2,T2,29,Normal,Tamil,Vegetarian,Yes,No,No,None
1,T2,22,Normal,Tamil,Vegetarian,Yes,No,Yes,None
1,T2,25,Normal,Tamil,Vegetarian,Yes,Yes,No,None
1,T2,22,Normal,Tamil,Vegetarian,Yes,Yes,Yes,None
5,T2,20,Normal,Tamil,Vegetarian,No,No,No,Shellfish
4,T2,25,Normal,Tamil,Vegetarian,No,No,Yes,Shellfish
3,T2,29,Normal,Tamil,Vegetarian,No,Yes,No,Shellfish
1,T2,22,Normal,Tamil,Vegetarian,No,Yes,Yes,Shellfish
2,T2,24,Normal,Tamil,Vegetarian,Yes,No,No,Shellfish
1,T2,26,Normal,Tamil,Vegetarian,Yes,No,Yes,Shellfish
1,T2,26,Normal,Tamil,Vegetarian,Yes,Yes,No,Shellfish
1,T2,23,Normal,Tamil,Vegetarian,Yes,Yes,Yes,Shellfish
5,T2,21,Normal,Tamil,Vegetarian,No,No,No,Red meat
4,T2,21,Normal,Tamil,Vegetarian,No,No,Yes,Red meat
3,T2,26,Normal,Tamil,Vegetarian,No,Yes,No,Red meat
1,T2,24,Normal,Tamil,Vegetarian,No,Yes,Yes,Red meat
2,T2,21,Normal,Tamil,Vegetarian,Yes,No,No,Red meat
1,T2,20,Normal,Tamil,Vegetarian,Yes,No,Yes,Red meat
1,T2,25,Normal,Tamil,Vegetarian,Yes,Yes,No,Red meat
1,T2,22,Normal,Tamil,Vegetarian,Yes,Yes,Yes,Red meat
8,T2,20,Normal,Muslim,Any,No,No,No,None
4,T2,20,Normal,Muslim,Any,No,No,Yes,None
3,T2,26,Normal,Muslim,Any,No,Yes,No,None
1,T2,21,Normal,Muslim,Any,No,Yes,Yes,None
2,T2,26,Normal,Muslim,Any,Yes,No,No,None
1,T2,20,Normal,Muslim,Any,Yes,No,Yes,None
1,T2,27,Normal,Muslim,Any,Yes,Yes,No,None
1,T2,29,Normal,Muslim,Any,Yes,Yes,Yes,None
5,T2,21,Normal,Muslim,Any,No,No,No,Shellfish
4,T2,24,Normal,Muslim,Any,No,No,Yes,Shellfish
3,T2,29,Normal,Muslim,Any,No,Yes,No,Shellfish
1,T2,28,Normal,Muslim,Any,No,Yes,Yes,Shellfish
2,T2,21,Normal,Muslim,Any,Yes,No,No,Shellfish
1,T2,22,Normal,Muslim,Any,Yes,No,Yes,Shellfish
1,T2,25,Normal,Muslim,Any,Yes,Yes,No,Shellfish
1,T2,24,Normal,Muslim,Any,Yes,Yes,Yes,Shellfish
5,T2,20,Normal,Muslim,Any,No,No,No,Red meat
4,T2,24,Normal,Muslim,Any,No,No,Yes,Red meat
3,T2,21,Normal,Muslim,Any,No,Yes,No,Red meat
1,T2,21,Normal,Muslim,Any,No,Yes,Yes,Red meat
2,T2,25,Normal,Muslim,Any,Yes,No,No,Red meat
1,T2,23,Normal,Muslim,Any,Yes,No,Yes,Red meat
1,T2,23,Normal,Muslim,Any,Yes,Yes,No,Red meat
1,T2,24,Normal,Muslim,Any,Yes,Yes,Yes,Red meat
9,T2,24,Normal,Muslim,Vegetarian,No,No,No,None
4,T2,22,Normal,Muslim,Vegetarian,No,No,Yes,None
3,T2,28,Normal,Muslim,Vegetarian,No,Yes,No,None
1,T2,24,Normal,Muslim,Vegetarian,No,Yes,Yes,None
2,T2,29,Normal,Muslim,Vegetarian,Yes,No,No,None
1,T2,28,Normal,Muslim,Vegetarian,Yes,No,Yes,None
1,T2,26,Normal,Muslim,Vegetarian,Yes,Yes,No,None
1,T2,28,Normal,Muslim,Vegetarian,Yes,Yes,Yes,None
5,T2,26,Normal,Muslim,Vegetarian,No,No,No,Shellfish
4,T2,21,Normal,Muslim,Vegetarian,No,No,Yes,Shellfish
3,T2,28,Normal,Muslim,Vegetarian,No,Yes,No,Shellfish
1,T2,25,Normal,Muslim,Vegetarian,No,Yes,Yes,Shellfish
2,T2,20,Normal,Muslim,Vegetarian,Yes,No,No,Shellfish
1,T2,23,Normal,Muslim,Vegetarian,Yes,No,Yes,Shellfish
1,T2,21,Normal,Muslim,Vegetarian,Yes,Yes,No,Shellfish
1,T2,20,Normal,Muslim,Vegetarian,Yes,Yes,Yes,Shellfish
5,T2,29,Normal,Muslim,Vegetarian,No,No,No,Red meat
4,T2,23,Normal,Muslim,Vegetarian,No,No,Yes,Red meat
3,T2,27,Normal,Muslim,Vegetarian,No,Yes,No,Red meat
1,T2,21,Normal,Muslim,Vegetarian,No,Yes,Yes,Red meat
2,T2,23,Normal,Muslim,Vegetarian,Yes,No,No,Red meat
1,T2,23,Normal,Muslim,Vegetarian,Yes,No,Yes,Red meat
1,T2,23,Normal,Muslim,Vegetarian,Yes,Yes,No,Red meat
1,T2,22,Normal,Muslim,Vegetarian,Yes,Yes,Yes,Red meat
8,T2,27,Overweight,Sinhala,Any,No,No,No,None
4,T2,24,Overweight,Sinhala,Any,No,No,Yes,None
3,T2,20,Overweight,Sinhala,Any,No,Yes,No,None
1,T2,28,Overweight,Sinhala,Any,No,Yes,Yes,None
2,T2,22,Overweight,Sinhala,Any,Yes,No,No,None
1,T2,29,Overweight,Sinhala,Any,Yes,No,Yes,None
1,T2,20,Overweight,Sinhala,Any,Yes,Yes,No,None
1,T2,25,Overweight,Sinhala,Any,Yes,Yes,Yes,None
5,T2,23,Overweight,Sinhala,Any,No,No,No,Shellfish
4,T2,21,Overweight,Sinhala,Any,No,No,Yes,Shellfish
3,T2,29,Overweight,Sinhala,Any,No,Yes,No,Shellfish
1,T2,23,Overweight,Sinhala,Any,No,Yes,Yes,Shellfish
2,T2,22,Overweight,Sinhala,Any,Yes,No,No,Shellfish
1,T2,24,Overweight,Sinhala,Any,Yes,No,Yes,Shellfish
1,T2,25,Overweight,Sinhala,Any,Yes,Yes,No,Shellfish
1,T2,22,Overweight,Sinhala,Any,Yes,Yes,Yes,Shellfish
5,T2,20,Overweight,Sinhala,Any,No,No,No,Red meat
4,T2,27,Overweight,Sinhala,Any,No,No,Yes,Red meat
3,T2,21,Overweight,Sinhala,Any,No,Yes,No,Red meat
1,T2,29,Overweight,Sinhala,Any,No,Yes,Yes,Red meat
2,T2,22,Overweight,Sinhala,Any,Yes,No,No,Red meat
1,T2,23,Overweight,Sinhala,Any,Yes,No,Yes,Red meat
1,T2,28,Overweight,Sinhala,Any,Yes,Yes,No,Red meat
1,T2,20,Overweight,Sinhala,Any,Yes,Yes,Yes,Red meat
9,T2,26,Overweight,Sinhala,Vegetarian,No,No,No,None
4,T2,24,Overweight,Sinhala,Vegetarian,No,No,Yes,None
3,T2,26,Overweight,Sinhala,Vegetarian,No,Yes,No,None
1,T2,29,Overweight,Sinhala,Vegetarian,No,Yes,Yes,None
2,T2,25,Overweight,Sinhala,Vegetarian,Yes,No,No,None
1,T2,25,Overweight,Sinhala,Vegetarian,Yes,No,Yes,None
1,T2,29,Overweight,Sinhala,Vegetarian,Yes,Yes,No,None
1,T2,21,Overweight,Sinhala,Vegetarian,Yes,Yes,Yes,None
5,T2,28,Overweight,Sinhala,Vegetarian,No,No,No,Shellfish
4,T2,29,Overweight,Sinhala,Vegetarian,No,No,Yes,Shellfish
3,T2,23,Overweight,Sinhala,Vegetarian,No,Yes,No,Shellfish
1,T2,29,Overweight,Sinhala,Vegetarian,No,Yes,Yes,Shellfish
2,T2,29,Overweight,Sinhala,Vegetarian,Yes,No,No,Shellfish
1,T2,22,Overweight,Sinhala,Vegetarian,Yes,No,Yes,Shellfish
1,T2,23,Overweight,Sinhala,Vegetarian,Yes,Yes,No,Shellfish
1,T2,29,Overweight,Sinhala,Vegetarian,Yes,Yes,Yes,Shellfish
5,T2,25,Overweight,Sinhala,Vegetarian,No,No,No,Red meat
4,T2,26,Overweight,Sinhala,Vegetarian,No,No,Yes,Red meat
3,T2,29,Overweight,Sinhala,Vegetarian,No,Yes,No,Red meat
1,T2,20,Overweight,Sinhala,Vegetarian,No,Yes,Yes,Red meat
2,T2,26,Overweight,Sinhala,Vegetarian,Yes,No,No,Red meat
1,T2,20,Overweight,Sinhala,Vegetarian,Yes,No,Yes,Red meat
1,T2,28,Overweight,Sinhala,Vegetarian,Yes,Yes,No,Red meat
1,T2,24,Overweight,Sinhala,Vegetarian,Yes,Yes,Yes,Red meat
8,T2,21,Overweight,Tamil,Any,No,No,No,None
4,T2,25,Overweight,Tamil,Any,No,No,Yes,None
3,T2,22,Overweight,Tamil,Any,No,Yes,No,None
1,T2,27,Overweight,Tamil,Any,No,Yes,Yes,None
2,T2,27,Overweight,Tamil,Any,Yes,No,No,None
1,T2,22,Overweight,Tamil,Any,Yes,No,Yes,None
1,T2,21,Overweight,Tamil,Any,Yes,Yes,No,None
1,T2,22,Overweight,Tamil,Any,Yes,Yes,Yes,None
5,T2,23,Overweight,Tamil,Any,No,No,No,Shellfish
4,T2,26,Overweight,Tamil,Any,No,No,Yes,Shellfish
3,T2,29,Overweight,Tamil,Any,No,Yes,No,Shellfish
1,T2,20,Overweight,Tamil,Any,No,Yes,Yes,Shellfish
2,T2,21,Overweight,Tamil,Any,Yes,No,No,Shellfish
1,T2,28,Overweight,Tamil,Any,Yes,No,Yes,Shellfish
1,T2,22,Overweight,Tamil,Any,Yes,Yes,No,Shellfish
1,T2,24,Overweight,Tamil,Any,Yes,Yes,Yes,Shellfish
5,T2,28,Overweight,Tamil,Any,No,No,No,Red meat
4,T2,26,Overweight,Tamil,Any,No,No,Yes,Red meat
3,T2,20,Overweight,Tamil,Any,No,Yes,No,Red meat
1,T2,26,Overweight,Tamil,Any,No,Yes,Yes,Red meat
2,T2,20,Overweight,Tamil,Any,Yes,No,No,Red meat
1,T2,28,Overweight,Tamil,Any,Yes,No,Yes,Red meat
1,T2,23,Overweight,Tamil,Any,Yes,Yes,No,Red meat
1,T2,28,Overweight,Tamil,Any,Yes,Yes,Yes,Red meat
9,T2,21,Overweight,Tamil,Vegetarian,No,No,No,None
4,T2,21,Overweight,Tamil,Vegetarian,No,No,Yes,None
3,T2,23,Overweight,Tamil,Vegetarian,No,Yes,No,None
1,T2,23,Overweight,Tamil,Vegetarian,No,Yes,Yes,None
2,T2,29,Overweight,Tamil,Vegetarian,Yes,No,No,None
1,T2,24,Overweight,Tamil,Vegetarian,Yes,No,Yes,None
1,T2,22,Overweight,Tamil,Vegetarian,Yes,Yes,No,None
1,T2,22,Overweight,Tamil,Vegetarian,Yes,Yes,Yes,None
5,T2,29,Overweight,Tamil,Vegetarian,No,No,No,Shellfish
4,T2,20,Overweight,Tamil,Vegetarian,No,No,Yes,Shellfish
3,T2,28,Overweight,Tamil,Vegetarian,No,Yes,No,Shellfish
1,T2,25,Overweight,Tamil,Vegetarian,No,Yes,Yes,Shellfish
2,T2,29,Overweight,Tamil,Vegetarian,Yes,No,No,Shellfish
1,T2,24,Overweight,Tamil,Vegetarian,Yes,No,Yes,Shellfish
1,T2,29,Overweight,Tamil,Vegetarian,Yes,Yes,No,Shellfish
1,T2,21,Overweight,Tamil,Vegetarian,Yes,Yes,Yes,Shellfish
5,T2,28,Overweight,Tamil,Vegetarian,No,No,No,Red meat
4,T2,20,Overweight,Tamil,Vegetarian,No,No,Yes,Red meat
3,T2,23,Overweight,Tamil,Vegetarian,No,Yes,No,Red meat
1,T2,28,Overweight,Tamil,Vegetarian,No,Yes,Yes,Red meat
2,T2,25,Overweight,Tamil,Vegetarian,Yes,No,No,Red meat
1,T2,28,Overweight,Tamil,Vegetarian,Yes,No,Yes,Red meat
1,T2,26,Overweight,Tamil,Vegetarian,Yes,Yes,No,Red meat
1,T2,20,Overweight,Tamil,Vegetarian,Yes,Yes,Yes,Red meat
8,T2,24,Overweight,Muslim,Any,No,No,No,None
4,T2,22,Overweight,Muslim,Any,No,No,Yes,None
3,T2,21,Overweight,Muslim,Any,No,Yes,No,None
1,T2,29,Overweight,Muslim,Any,No,Yes,Yes,None
2,T2,29,Overweight,Muslim,Any,Yes,No,No,None
1,T2,23,Overweight,Muslim,Any,Yes,No,Yes,None
1,T2,20,Overweight,Muslim,Any,Yes,Yes,No,None
1,T2,25,Overweight,Muslim,Any,Yes,Yes,Yes,None
5,T2,24,Overweight,Muslim,Any,No,No,No,Shellfish
4,T2,22,Overweight,Muslim,Any,No,No,Yes,Shellfish
3,T2,26,Overweight,Muslim,Any,No,Yes,No,Shellfish
1,T2,26,Overweight,Muslim,Any,No,Yes,Yes,Shellfish
2,T2,23,Overweight,Muslim,Any,Yes,No,No,Shellfish
1,T2,21,Overweight,Muslim,Any,Yes,No,Yes,Shellfish
1,T2,25,Overweight,Muslim,Any,Yes,Yes,No,Shellfish
1,T2,26,Overweight,Muslim,Any,Yes,Yes,Yes,Shellfish
5,T2,28,Overweight,Muslim,Any,No,No,No,Red meat
4,T2,28,Overweight,Muslim,Any,No,No,Yes,Red meat
3,T2,20,Overweight,Muslim,Any,No,Yes,No,Red meat
1,T2,24,Overweight,Muslim,Any,No,Yes,Yes,Red meat
2,T2,26,Overweight,Muslim,Any,Yes,No,No,Red meat
1,T2,22,Overweight,Muslim,Any,Yes,No,Yes,Red meat
1,T2,28,Overweight,Muslim,Any,Yes,Yes,No,Red meat
1,T2,22,Overweight,Muslim,Any,Yes,Yes,Yes,Red meat
9,T2,22,Overweight,Muslim,Vegetarian,No,No,No,None
4,T2,27,Overweight,Muslim,Vegetarian,No,No,Yes,None
3,T2,20,Overweight,Muslim,Vegetarian,No,Yes,No,None
1,T2,21,Overweight,Muslim,Vegetarian,No,Yes,Yes,None
2,T2,20,Overweight,Muslim,Vegetarian,Yes,No,No,None
1,T2,26,Overweight,Muslim,Vegetarian,Yes,No,Yes,None
1,T2,24,Overweight,Muslim,Vegetarian,Yes,Yes,No,None
1,T2,22,Overweight,Muslim,Vegetarian,Yes,Yes,Yes,None
5,T2,27,Overweight,Muslim,Vegetarian,No,No,No,Shellfish
4,T2,24,Overweight,Muslim,Vegetarian,No,No,Yes,Shellfish
3,T2,20,Overweight,Muslim,Vegetarian,No,Yes,No,Shellfish
1,T2,24,Overweight,Muslim,Vegetarian,No,Yes,Yes,Shellfish
2,T2,29,Overweight,Muslim,Vegetarian,Yes,No,No,Shellfish
1,T2,24,Overweight,Muslim,Vegetarian,Yes,No,Yes,Shellfish
1,T2,29,Overweight,Muslim,Vegetarian,Yes,Yes,No,Shellfish
1,T2,25,Overweight,Muslim,Vegetarian,Yes,Yes,Yes,Shellfish
5,T2,22,Overweight,Muslim,Vegetarian,No,No,No,Red meat
4,T2,28,Overweight,Muslim,Vegetarian,No,No,Yes,Red meat
3,T2,22,Overweight,Muslim,Vegetarian,No,Yes,No,Red meat
1,T2,28,Overweight,Muslim,Vegetarian,No,Yes,Yes,Red meat
2,T2,22,Overweight,Muslim,Vegetarian,Yes,No,No,Red meat
1,T2,29,Overweight,Muslim,Vegetarian,Yes,No,Yes,Red meat
1,T2,27,Overweight,Muslim,Vegetarian,Yes,Yes,No,Red meat
1,T2,20,Overweight,Muslim,Vegetarian,Yes,Yes,Yes,Red meat
7,T2,21,Obese,Sinhala,Any,No,No,No,None
4,T2,22,Obese,Sinhala,Any,No,No,Yes,None
3,T2,25,Obese,Sinhala,Any,No,Yes,No,None
1,T2,21,Obese,Sinhala,Any,No,Yes,Yes,None
2,T2,22,Obese,Sinhala,Any,Yes,No,No,None
1,T2,23,Obese,Sinhala,Any,Yes,No,Yes,None
1,T2,29,Obese,Sinhala,Any,Yes,Yes,No,None
1,T2,20,Obese,Sinhala,Any,Yes,Yes,Yes,None
5,T2,28,Obese,Sinhala,Any,No,No,No,Shellfish
4,T2,29,Obese,Sinhala,Any,No,No,Yes,Shellfish
3,T2,25,Obese,Sinhala,Any,No,Yes,No,Shellfish
1,T2,25,Obese,Sinhala,Any,No,Yes,Yes,Shellfish
2,T2,26,Obese,Sinhala,Any,Yes,No,No,Shellfish
1,T2,22,Obese,Sinhala,Any,Yes,No,Yes,Shellfish
1,T2,25,Obese,Sinhala,Any,Yes,Yes,No,Shellfish
1,T2,25,Obese,Sinhala,Any,Yes,Yes,Yes,Shellfish
5,T2,21,Obese,Sinhala,Any,No,No,No,Red meat
4,T2,29,Obese,Sinhala,Any,No,No,Yes,Red meat
3,T2,28,Obese,Sinhala,Any,No,Yes,No,Red meat
1,T2,22,Obese,Sinhala,Any,No,Yes,Yes,Red meat
2,T2,28,Obese,Sinhala,Any,Yes,No,No,Red meat
1,T2,27,Obese,Sinhala,Any,Yes,No,Yes,Red meat
1,T2,25,Obese,Sinhala,Any,Yes,Yes,No,Red meat
1,T2,20,Obese,Sinhala,Any,Yes,Yes,Yes,Red meat
7,T2,23,Obese,Sinhala,Vegetarian,No,No,No,None
4,T2,27,Obese,Sinhala,Vegetarian,No,No,Yes,None
3,T2,24,Obese,Sinhala,Vegetarian,No,Yes,No,None
1,T2,25,Obese,Sinhala,Vegetarian,No,Yes,Yes,None
2,T2,20,Obese,Sinhala,Vegetarian,Yes,No,No,None
1,T2,23,Obese,Sinhala,Vegetarian,Yes,No,Yes,None
1,T2,24,Obese,Sinhala,Vegetarian,Yes,Yes,No,None
1,T2,21,Obese,Sinhala,Vegetarian,Yes,Yes,Yes,None
5,T2,26,Obese,Sinhala,Vegetarian,No,No,No,Shellfish
4,T2,24,Obese,Sinhala,Vegetarian,No,No,Yes,Shellfish
3,T2,24,Obese,Sinhala,Vegetarian,No,Yes,No,Shellfish
1,T2,29,Obese,Sinhala,Vegetarian,No,Yes,Yes,Shellfish
2,T2,21,Obese,Sinhala,Vegetarian,Yes,No,No,Shellfish
1,T2,29,Obese,Sinhala,Vegetarian,Yes,No,Yes,Shellfish
1,T2,21,Obese,Sinhala,Vegetarian,Yes,Yes,No,Shellfish
1,T2,29,Obese,Sinhala,Vegetarian,Yes,Yes,Yes,Shellfish
5,T2,22,Obese,Sinhala,Vegetarian,No,No,No,Red meat
4,T2,20,Obese,Sinhala,Vegetarian,No,No,Yes,Red meat
3,T2,21,Obese,Sinhala,Vegetarian,No,Yes,No,Red meat
1,T2,29,Obese,Sinhala,Vegetarian,No,Yes,Yes,Red meat
2,T2,28,Obese,Sinhala,Vegetarian,Yes,No,No,Red meat
1,T2,23,Obese,Sinhala,Vegetarian,Yes,No,Yes,Red meat
1,T2,22,Obese,Sinhala,Vegetarian,Yes,Yes,No,Red meat
1,T2,27,Obese,Sinhala,Vegetarian,Yes,Yes,Yes,Red meat
7,T2,28,Obese,Tamil,Any,No,No,No,None
4,T2,21,Obese,Tamil,Any,No,No,Yes,None
3,T2,25,Obese,Tamil,Any,No,Yes,No,None
1,T2,27,Obese,Tamil,Any,No,Yes,Yes,None
2,T2,27,Obese,Tamil,Any,Yes,No,No,None
1,T2,23,Obese,Tamil,Any,Yes,No,Yes,None
1,T2,28,Obese,Tamil,Any,Yes,Yes,No,None
1,T2,23,Obese,Tamil,Any,Yes,Yes,Yes,None
5,T2,26,Obese,Tamil,Any,No,No,No,Shellfish
4,T2,29,Obese,Tamil,Any,No,No,Yes,Shellfish
3,T2,21,Obese,Tamil,Any,No,Yes,No,Shellfish
1,T2,23,Obese,Tamil,Any,No,Yes,Yes,Shellfish
2,T2,25,Obese,Tamil,Any,Yes,No,No,Shellfish
1,T2,24,Obese,Tamil,Any,Yes,No,Yes,Shellfish
1,T2,28,Obese,Tamil,Any,Yes,Yes,No,Shellfish
1,T2,28,Obese,Tamil,Any,Yes,Yes,Yes,Shellfish
5,T2,21,Obese,Tamil,Any,No,No,No,Red meat
4,T2,21,Obese,Tamil,Any,No,No,Yes,Red meat
3,T2,22,Obese,Tamil,Any,No,Yes,No,Red meat
1,T2,29,Obese,Tamil,Any,No,Yes,Yes,Red meat
2,T2,21,Obese,Tamil,Any,Yes,No,No,Red meat
1,T2,26,Obese,Tamil,Any,Yes,No,Yes,Red meat
1,T2,29,Obese,Tamil,Any,Yes,Yes,No,Red meat
1,T2,26,Obese,Tamil,Any,Yes,Yes,Yes,Red meat
7,T2,21,Obese,Tamil,Vegetarian,No,No,No,None
4,T2,24,Obese,Tamil,Vegetarian,No,No,Yes,None
3,T2,20,Obese,Tamil,Vegetarian,No,Yes,No,None
1,T2,29,Obese,Tamil,Vegetarian,No,Yes,Yes,None
2,T2,24,Obese,Tamil,Vegetarian,Yes,No,No,None
1,T2,26,Obese,Tamil,Vegetarian,Yes,No,Yes,None
1,T2,28,Obese,Tamil,Vegetarian,Yes,Yes,No,None
1,T2,21,Obese,Tamil,Vegetarian,Yes,Yes,Yes,None
5,T2,22,Obese,Tamil,Vegetarian,No,No,No,Shellfish
4,T2,28,Obese,Tamil,Vegetarian,No,No,Yes,Shellfish
3,T2,24,Obese,Tamil,Vegetarian,No,Yes,No,Shellfish
1,T2,26,Obese,Tamil,Vegetarian,No,Yes,Yes,Shellfish
2,T2,24,Obese,Tamil,Vegetarian,Yes,No,No,Shellfish
1,T2,21,Obese,Tamil,Vegetarian,Yes,No,Yes,Shellfish
1,T2,22,Obese,Tamil,Vegetarian,Yes,Yes,No,Shellfish
1,T2,24,Obese,Tamil,Vegetarian,Yes,Yes,Yes,Shellfish
5,T2,26,Obese,Tamil,Vegetarian,No,No,No,Red meat
4,T2,20,Obese,Tamil,Vegetarian,No,No,Yes,Red meat
3,T2,22,Obese,Tamil,Vegetarian,No,Yes,No,Red meat
1,T2,21,Obese,Tamil,Vegetarian,No,Yes,Yes,Red meat
2,T2,26,Obese,Tamil,Vegetarian,Yes,No,No,Red meat
1,T2,25,Obese,Tamil,Vegetarian,Yes,No,Yes,Red meat
1,T2,26,Obese,Tamil,Vegetarian,Yes,Yes,No,Red meat
1,T2,20,Obese,Tamil,Vegetarian,Yes,Yes,Yes,Red meat
7,T2,24,Obese,Muslim,Any,No,No,No,None
4,T2,29,Obese,Muslim,Any,No,No,Yes,None
3,T2,25,Obese,Muslim,Any,No,Yes,No,None
1,T2,21,Obese,Muslim,Any,No,Yes,Yes,None
2,T2,27,Obese,Muslim,Any,Yes,No,No,None
1,T2,22,Obese,Muslim,Any,Yes,No,Yes,None
1,T2,20,Obese,Muslim,Any,Yes,Yes,No,None
1,T2,25,Obese,Muslim,Any,Yes,Yes,Yes,None
5,T2,25,Obese,Muslim,Any,No,No,No,Shellfish
4,T2,23,Obese,Muslim,Any,No,No,Yes,Shellfish
3,T2,29,Obese,Muslim,Any,No,Yes,No,Shellfish
1,T2,23,Obese,Muslim,Any,No,Yes,Yes,Shellfish
2,T2,29,Obese,Muslim,Any,Yes,No,No,Shellfish
1,T2,23,Obese,Muslim,Any,Yes,No,Yes,Shellfish
1,T2,29,Obese,Muslim,Any,Yes,Yes,No,Shellfish
1,T2,25,Obese,Muslim,Any,Yes,Yes,Yes,Shellfish
5,T2,23,Obese,Muslim,Any,No,No,No,Red meat
4,T2,25,Obese,Muslim,Any,No,No,Yes,Red meat
3,T2,22,Obese,Muslim,Any,No,Yes,No,Red meat
1,T2,29,Obese,Muslim,Any,No,Yes,Yes,Red meat
2,T2,20,Obese,Muslim,Any,Yes,No,No,Red meat
1,T2,23,Obese,Muslim,Any,Yes,No,Yes,Red meat
1,T2,21,Obese,Muslim,Any,Yes,Yes,No,Red meat
1,T2,29,Obese,Muslim,Any,Yes,Yes,Yes,Red meat
7,T2,28,Obese,Muslim,Vegetarian,No,No,No,None
4,T2,28,Obese,Muslim,Vegetarian,No,No,Yes,None
3,T2,25,Obese,Muslim,Vegetarian,No,Yes,No,None
1,T2,20,Obese,Muslim,Vegetarian,No,Yes,Yes,None
2,T2,29,Obese,Muslim,Vegetarian,Yes,No,No,None
1,T2,22,Obese,Muslim,Vegetarian,Yes,No,Yes,None
1,T2,25,Obese,Muslim,Vegetarian,Yes,Yes,No,None
1,T2,28,Obese,Muslim,Vegetarian,Yes,Yes,Yes,None
5,T2,22,Obese,Muslim,Vegetarian,No,No,No,Shellfish
4,T2,28,Obese,Muslim,Vegetarian,No,No,Yes,Shellfish
3,T2,24,Obese,Muslim,Vegetarian,No,Yes,No,Shellfish
1,T2,29,Obese,Muslim,Vegetarian,No,Yes,Yes,Shellfish
2,T2,23,Obese,Muslim,Vegetarian,Yes,No,No,Shellfish
1,T2,21,Obese,Muslim,Vegetarian,Yes,No,Yes,Shellfish
1,T2,20,Obese,Muslim,Vegetarian,Yes,Yes,No,Shellfish
1,T2,22,Obese,Muslim,Vegetarian,Yes,Yes,Yes,Shellfish
5,T2,24,Obese,Muslim,Vegetarian,No,No,No,Red meat
4,T2,25,Obese,Muslim,Vegetarian,No,No,Yes,Red meat
3,T2,28,Obese,Muslim,Vegetarian,No,Yes,No,Red meat
1,T2,23,Obese,Muslim,Vegetarian,No,Yes,Yes,Red meat
2,T2,27,Obese,Muslim,Vegetarian,Yes,No,No,Red meat
1,T2,20,Obese,Muslim,Vegetarian,Yes,No,Yes,Red meat
1,T2,24,Obese,Muslim,Vegetarian,Yes,Yes,No,Red meat
1,T2,23,Obese,Muslim,Vegetarian,Yes,Yes,Yes,Red meat
6,T2,33,Underweight,Sinhala,Any,No,No,No,None
4,T2,32,Underweight,Sinhala,Any,No,No,Yes,None
3,T2,33,Underweight,Sinhala,Any,No,Yes,No,None
1,T2,33,Underweight,Sinhala,Any,No,Yes,Yes,None
2,T2,34,Underweight,Sinhala,Any,Yes,No,No,None
1,T2,33,Underweight,Sinhala,Any,Yes,No,Yes,None
1,T2,31,Underweight,Sinhala,Any,Yes,Yes,No,None
1,T2,31,Underweight,Sinhala,Any,Yes,Yes,Yes,None
5,T2,32,Underweight,Sinhala,Any,No,No,No,Shellfish
4,T2,34,Underweight,Sinhala,Any,No,No,Yes,Shellfish
3,T2,31,Underweight,Sinhala,Any,No,Yes,No,Shellfish
1,T2,32,Underweight,Sinhala,Any,No,Yes,Yes,Shellfish
2,T2,32,Underweight,Sinhala,Any,Yes,No,No,Shellfish
1,T2,34,Underweight,Sinhala,Any,Yes,No,Yes,Shellfish
1,T2,32,Underweight,Sinhala,Any,Yes,Yes,No,Shellfish
1,T2,33,Underweight,Sinhala,Any,Yes,Yes,Yes,Shellfish
5,T2,33,Underweight,Sinhala,Any,No,No,No,Red meat
4,T2,31,Underweight,Sinhala,Any,No,No,Yes,Red meat
3,T2,30,Underweight,Sinhala,Any,No,Yes,No,Red meat
1,T2,34,Underweight,Sinhala,Any,No,Yes,Yes,Red meat
2,T2,31,Underweight,Sinhala,Any,Yes,No,No,Red meat
1,T2,32,Underweight,Sinhala,Any,Yes,No,Yes,Red meat
1,T2,31,Underweight,Sinhala,Any,Yes,Yes,No,Red meat
1,T2,30,Underweight,Sinhala,Any,Yes,Yes,Yes,Red meat
6,T2,33,Underweight,Sinhala,Vegetarian,No,No,No,None
4,T2,31,Underweight,Sinhala,Vegetarian,No,No,Yes,None
3,T2,33,Underweight,Sinhala,Vegetarian,No,Yes,No,None
1,T2,33,Underweight,Sinhala,Vegetarian,No,Yes,Yes,None
2,T2,30,Underweight,Sinhala,Vegetarian,Yes,No,No,None
1,T2,31,Underweight,Sinhala,Vegetarian,Yes,No,Yes,None
1,T2,34,Underweight,Sinhala,Vegetarian,Yes,Yes,No,None
1,T2,34,Underweight,Sinhala,Vegetarian,Yes,Yes,Yes,None
5,T2,33,Underweight,Sinhala,Vegetarian,No,No,No,Shellfish
4,T2,30,Underweight,Sinhala,Vegetarian,No,No,Yes,Shellfish
3,T2,31,Underweight,Sinhala,Vegetarian,No,Yes,No,Shellfish
1,T2,33,Underweight,Sinhala,Vegetarian,No,Yes,Yes,Shellfish
2,T2,34,Underweight,Sinhala,Vegetarian,Yes,No,No,Shellfish
1,T2,33,Underweight,Sinhala,Vegetarian,Yes,No,Yes,Shellfish
1,T2,32,Underweight,Sinhala,Vegetarian,Yes,Yes,No,Shellfish
1,T2,32,Underweight,Sinhala,Vegetarian,Yes,Yes,Yes,Shellfish
5,T2,34,Underweight,Sinhala,Vegetarian,No,No,No,Red meat
4,T2,31,Underweight,Sinhala,Vegetarian,No,No,Yes,Red meat
3,T2,30,Underweight,Sinhala,Vegetarian,No,Yes,No,Red meat
1,T2,30,Underweight,Sinhala,Vegetarian,No,Yes,Yes,Red meat
2,T2,32,Underweight,Sinhala,Vegetarian,Yes,No,No,Red meat
1,T2,30,Underweight,Sinhala,Vegetarian,Yes,No,Yes,Red meat
1,T2,31,Underweight,Sinhala,Vegetarian,Yes,Yes,No,Red meat
1,T2,30,Underweight,Sinhala,Vegetarian,Yes,Yes,Yes,Red meat
6,T2,33,Underweight,Tamil,Any,No,No,No,None
4,T2,34,Underweight,Tamil,Any,No,No,Yes,None
3,T2,32,Underweight,Tamil,Any,No,Yes,No,None
1,T2,34,Underweight,Tamil,Any,No,Yes,Yes,None
2,T2,33,Underweight,Tamil,Any,Yes,No,No,None
1,T2,34,Underweight,Tamil,Any,Yes,No,Yes,None
1,T2,33,Underweight,Tamil,Any,Yes,Yes,No,None
1,T2,30,Underweight,Tamil,Any,Yes,Yes,Yes,None
5,T2,34,Underweight,Tamil,Any,No,No,No,Shellfish
4,T2,32,Underweight,Tamil,Any,No,No,Yes,Shellfish
3,T2,30,Underweight,Tamil,Any,No,Yes,No,Shellfish
1,T2,30,Underweight,Tamil,Any,No,Yes,Yes,Shellfish
2,T2,34,Underweight,Tamil,Any,Yes,No,No,Shellfish
1,T2,32,Underweight,Tamil,Any,Yes,No,Yes,Shellfish
1,T2,34,Underweight,Tamil,Any,Yes,Yes,No,Shellfish
1,T2,30,Underweight,Tamil,Any,Yes,Yes,Yes,Shellfish
5,T2,32,Underweight,Tamil,Any,No,No,No,Red meat
4,T2,32,Underweight,Tamil,Any,No,No,Yes,Red meat
3,T2,33,Underweight,Tamil,Any,No,Yes,No,Red meat
1,T2,31,Underweight,Tamil,Any,No,Yes,Yes,Red meat
2,T2,31,Underweight,Tamil,Any,Yes,No,No,Red meat
1,T2,31,Underweight,Tamil,Any,Yes,No,Yes,Red meat
1,T2,30,Underweight,Tamil,Any,Yes,Yes,No,Red meat
1,T2,30,Underweight,Tamil,Any,Yes,Yes,Yes,Red meat
6,T2,34,Underweight,Tamil,Vegetarian,No,No,No,None
4,T2,30,Underweight,Tamil,Vegetarian,No,No,Yes,None
3,T2,33,Underweight,Tamil,Vegetarian,No,Yes,No,None
1,T2,30,Underweight,Tamil,Vegetarian,No,Yes,Yes,None
2,T2,33,Underweight,Tamil,Vegetarian,Yes,No,No,None
1,T2,30,Underweight,Tamil,Vegetarian,Yes,No,Yes,None
1,T2,34,Underweight,Tamil,Vegetarian,Yes,Yes,No,None
1,T2,33,Underweight,Tamil,Vegetarian,Yes,Yes,Yes,None
5,T2,30,Underweight,Tamil,Vegetarian,No,No,No,Shellfish
4,T2,33,Underweight,Tamil,Vegetarian,No,No,Yes,Shellfish
3,T2,32,Underweight,Tamil,Vegetarian,No,Yes,No,Shellfish
1,T2,34,Underweight,Tamil,Vegetarian,No,Yes,Yes,Shellfish
2,T2,31,Underweight,Tamil,Vegetarian,Yes,No,No,Shellfish
1,T2,30,Underweight,Tamil,Vegetarian,Yes,No,Yes,Shellfish
1,T2,31,Underweight,Tamil,Vegetarian,Yes,Yes,No,Shellfish
1,T2,31,Underweight,Tamil,Vegetarian,Yes,Yes,Yes,Shellfish
5,T2,34,Underweight,Tamil,Vegetarian,No,No,No,Red meat
4,T2,32,Underweight,Tamil,Vegetarian,No,No,Yes,Red meat
3,T2,34,Underweight,Tamil,Vegetarian,No,Yes,No,Red meat
1,T2,31,Underweight,Tamil,Vegetarian,No,Yes,Yes,Red meat
2,T2,34,Underweight,Tamil,Vegetarian,Yes,No,No,Red meat
1,T2,33,Underweight,Tamil,Vegetarian,Yes,No,Yes,Red meat
1,T2,34,Underweight,Tamil,Vegetarian,Yes,Yes,No,Red meat
1,T2,31,Underweight,Tamil,Vegetarian,Yes,Yes,Yes,Red meat
6,T2,34,Underweight,Muslim,Any,No,No,No,None
4,T2,30,Underweight,Muslim,Any,No,No,Yes,None
3,T2,34,Underweight,Muslim,Any,No,Yes,No,None
1,T2,34,Underweight,Muslim,Any,No,Yes,Yes,None
2,T2,31,Underweight,Muslim,Any,Yes,No,No,None
1,T2,33,Underweight,Muslim,Any,Yes,No,Yes,None
1,T2,32,Underweight,Muslim,Any,Yes,Yes,No,None
1,T2,30,Underweight,Muslim,Any,Yes,Yes,Yes,None
5,T2,33,Underweight,Muslim,Any,No,No,No,Shellfish
4,T2,30,Underweight,Muslim,Any,No,No,Yes,Shellfish
3,T2,31,Underweight,Muslim,Any,No,Yes,No,Shellfish
1,T2,31,Underweight,Muslim,Any,No,Yes,Yes,Shellfish
2,T2,33,Underweight,Muslim,Any,Yes,No,No,Shellfish
1,T2,33,Underweight,Muslim,Any,Yes,No,Yes,Shellfish
1,T2,33,Underweight,Muslim,Any,Yes,Yes,No,Shellfish
1,T2,33,Underweight,Muslim,Any,Yes,Yes,Yes,Shellfish
5,T2,32,Underweight,Muslim,Any,No,No,No,Red meat
4,T2,32,Underweight,Muslim,Any,No,No,Yes,Red meat
3,T2,30,Underweight,Muslim,Any,No,Yes,No,Red meat
1,T2,30,Underweight,Muslim,Any,No,Yes,Yes,Red meat
2,T2,31,Underweight,Muslim,Any,Yes,No,No,Red meat
1,T2,33,Underweight,Muslim,Any,Yes,No,Yes,Red meat
1,T2,34,Underweight,Muslim,Any,Yes,Yes,No,Red meat
1,T2,34,Underweight,Muslim,Any,Yes,Yes,Yes,Red meat
6,T2,33,Underweight,Muslim,Vegetarian,No,No,No,None
4,T2,34,Underweight,Muslim,Vegetarian,No,No,Yes,None
3,T2,32,Underweight,Muslim,Vegetarian,No,Yes,No,None
1,T2,32,Underweight,Muslim,Vegetarian,No,Yes,Yes,None
2,T2,31,Underweight,Muslim,Vegetarian,Yes,No,No,None
1,T2,33,Underweight,Muslim,Vegetarian,Yes,No,Yes,None
1,T2,31,Underweight,Muslim,Vegetarian,Yes,Yes,No,None
1,T2,30,Underweight,Muslim,Vegetarian,Yes,Yes,Yes,None
5,T2,34,Underweight,Muslim,Vegetarian,No,No,No,Shellfish
4,T2,30,Underweight,Muslim,Vegetarian,No,No,Yes,Shellfish
3,T2,32,Underweight,Muslim,Vegetarian,No,Yes,No,Shellfish
1,T2,32,Underweight,Muslim,Vegetarian,No,Yes,Yes,Shellfish
2,T2,30,Underweight,Muslim,Vegetarian,Yes,No,No,Shellfish
1,T2,31,Underweight,Muslim,Vegetarian,Yes,No,Yes,Shellfish
1,T2,32,Underweight,Muslim,Vegetarian,Yes,Yes,No,Shellfish
1,T2,34,Underweight,Muslim,Vegetarian,Yes,Yes,Yes,Shellfish
5,T2,34,Underweight,Muslim,Vegetarian,No,No,No,Red meat
4,T2,34,Underweight,Muslim,Vegetarian,No,No,Yes,Red meat
3,T2,31,Underweight,Muslim,Vegetarian,No,Yes,No,Red meat
1,T2,32,Underweight,Muslim,Vegetarian,No,Yes,Yes,Red meat
2,T2,33,Underweight,Muslim,Vegetarian,Yes,No,No,Red meat
1,T2,30,Underweight,Muslim,Vegetarian,Yes,No,Yes,Red meat
1,T2,32,Underweight,Muslim,Vegetarian,Yes,Yes,No,Red meat
1,T2,31,Underweight,Muslim,Vegetarian,Yes,Yes,Yes,Red meat
8,T2,32,Normal,Sinhala,Any,No,No,No,None
4,T2,30,Normal,Sinhala,Any,No,No,Yes,None
3,T2,33,Normal,Sinhala,Any,No,Yes,No,None
1,T2,30,Normal,Sinhala,Any,No,Yes,Yes,None
2,T2,32,Normal,Sinhala,Any,Yes,No,No,None
1,T2,34,Normal,Sinhala,Any,Yes,No,Yes,None
1,T2,34,Normal,Sinhala,Any,Yes,Yes,No,None
1,T2,34,Normal,Sinhala,Any,Yes,Yes,Yes,None
5,T2,31,Normal,Sinhala,Any,No,No,No,Shellfish
4,T2,33,Normal,Sinhala,Any,No,No,Yes,Shellfish
3,T2,32,Normal,Sinhala,Any,No,Yes,No,Shellfish
1,T2,30,Normal,Sinhala,Any,No,Yes,Yes,Shellfish
2,T2,30,Normal,Sinhala,Any,Yes,No,No,Shellfish
1,T2,34,Normal,Sinhala,Any,Yes,No,Yes,Shellfish
1,T2,34,Normal,Sinhala,Any,Yes,Yes,No,Shellfish
1,T2,33,Normal,Sinhala,Any,Yes,Yes,Yes,Shellfish
5,T2,34,Normal,Sinhala,Any,No,No,No,Red meat
4,T2,34,Normal,Sinhala,Any,No,No,Yes,Red meat
3,T2,31,Normal,Sinhala,Any,No,Yes,No,Red meat
1,T2,33,Normal,Sinhala,Any,No,Yes,Yes,Red meat
2,T2,30,Normal,Sinhala,Any,Yes,No,No,Red meat
1,T2,32,Normal,Sinhala,Any,Yes,No,Yes,Red meat
1,T2,34,Normal,Sinhala,Any,Yes,Yes,No,Red meat
1,T2,30,Normal,Sinhala,Any,Yes,Yes,Yes,Red meat
9,T2,31,Normal,Sinhala,Vegetarian,No,No,No,None
4,T2,30,Normal,Sinhala,Vegetarian,No,No,Yes,None
3,T2,34,Normal,Sinhala,Vegetarian,No,Yes,No,None
1,T2,32,Normal,Sinhala,Vegetarian,No,Yes,Yes,None
2,T2,34,Normal,Sinhala,Vegetarian,Yes,No,No,None
1,T2,34,Normal,Sinhala,Vegetarian,Yes,No,Yes,None
1,T2,34,Normal,Sinhala,Vegetarian,Yes,Yes,No,None
1,T2,34,Normal,Sinhala,Vegetarian,Yes,Yes,Yes,None
5,T2,32,Normal,Sinhala,Vegetarian,No,No,No,Shellfish
4,T2,34,Normal,Sinhala,Vegetarian,No,No,Yes,Shellfish
3,T2,30,Normal,Sinhala,Vegetarian,No,Yes,No,Shellfish
1,T2,31,Normal,Sinhala,Vegetarian,No,Yes,Yes,Shellfish
2,T2,30,Normal,Sinhala,Vegetarian,Yes,No,No,Shellfish
1,T2,30,Normal,Sinhala,Vegetarian,Yes,No,Yes,Shellfish
1,T2,34,Normal,Sinhala,Vegetarian,Yes,Yes,No,Shellfish
1,T2,33,Normal,Sinhala,Vegetarian,Yes,Yes,Yes,Shellfish
5,T2,31,Normal,Sinhala,Vegetarian,No,No,No,Red meat
4,T2,34,Normal,Sinhala,Vegetarian,No,No,Yes,Red meat
3,T2,31,Normal,Sinhala,Vegetarian,No,Yes,No,Red meat
1,T2,31,Normal,Sinhala,Vegetarian,No,Yes,Yes,Red meat
2,T2,34,Normal,Sinhala,Vegetarian,Yes,No,No,Red meat
1,T2,32,Normal,Sinhala,Vegetarian,Yes,No,Yes,Red meat
1,T2,33,Normal,Sinhala,Vegetarian,Yes,Yes,No,Red meat
1,T2,32,Normal,Sinhala,Vegetarian,Yes,Yes,Yes,Red meat
8,T2,30,Normal,Tamil,Any,No,No,No,None
4,T2,31,Normal,Tamil,Any,No,No,Yes,None
3,T2,34,Normal,Tamil,Any,No,Yes,No,None
1,T2,33,Normal,Tamil,Any,No,Yes,Yes,None
2,T2,34,Normal,Tamil,Any,Yes,No,No,None
1,T2,30,Normal,Tamil,Any,Yes,No,Yes,None
1,T2,34,Normal,Tamil,Any,Yes,Yes,No,None
1,T2,31,Normal,Tamil,Any,Yes,Yes,Yes,None
5,T2,34,Normal,Tamil,Any,No,No,No,Shellfish
4,T2,32,Normal,Tamil,Any,No,No,Yes,Shellfish
3,T2,32,Normal,Tamil,Any,No,Yes,No,Shellfish
1,T2,34,Normal,Tamil,Any,No,Yes,Yes,Shellfish
2,T2,31,Normal,Tamil,Any,Yes,No,No,Shellfish
1,T2,33,Normal,Tamil,Any,Yes,No,Yes,Shellfish
1,T2,33,Normal,Tamil,Any,Yes,Yes,No,Shellfish
1,T2,34,Normal,Tamil,Any,Yes,Yes,Yes,Shellfish
5,T2,32,Normal,Tamil,Any,No,No,No,Red meat
4,T2,30,Normal,Tamil,Any,No,No,Yes,Red meat
3,T2,34,Normal,Tamil,Any,No,Yes,No,Red meat
1,T2,33,Normal,Tamil,Any,No,Yes,Yes,Red meat
2,T2,33,Normal,Tamil,Any,Yes,No,No,Red meat
1,T2,30,Normal,Tamil,Any,Yes,No,Yes,Red meat
1,T2,30,Normal,Tamil,Any,Yes,Yes,No,Red meat
1,T2,34,Normal,Tamil,Any,Yes,Yes,Yes,Red meat
9,T2,30,Normal,Tamil,Vegetarian,No,No,No,None
4,T2,32,Normal,Tamil,Vegetarian,No,No,Yes,None
3,T2,30,Normal,Tamil,Vegetarian,No,Yes,No,None
1,T2,31,Normal,Tamil,Vegetarian,No,Yes,Yes,None
2,T2,32,Normal,Tamil,Vegetarian,Yes,No,No,None
1,T2,32,Normal,Tamil,Vegetarian,Yes,No,Yes,None
1,T2,31,Normal,Tamil,Vegetarian,Yes,Yes,No,None
1,T2,30,Normal,Tamil,Vegetarian,Yes,Yes,Yes,None
5,T2,32,Normal,Tamil,Vegetarian,No,No,No,Shellfish
4,T2,34,Normal,Tamil,Vegetarian,No,No,Yes,Shellfish
3,T2,34,Normal,Tamil,Vegetarian,No,Yes,No,Shellfish
1,T2,32,Normal,Tamil,Vegetarian,No,Yes,Yes,Shellfish
2,T2,31,Normal,Tamil,Vegetarian,Yes,No,No,Shellfish
1,T2,32,Normal,Tamil,Vegetarian,Yes,No,Yes,Shellfish
1,T2,32,Normal,Tamil,Vegetarian,Yes,Yes,No,Shellfish
1,T2,32,Normal,Tamil,Vegetarian,Yes,Yes,Yes,Shellfish
5,T2,32,Normal,Tamil,Vegetarian,No,No,No,Red meat
4,T2,33,Normal,Tamil,Vegetarian,No,No,Yes,Red meat
3,T2,32,Normal,Tamil,Vegetarian,No,Yes,No,Red meat
1,T2,32,Normal,Tamil,Vegetarian,No,Yes,Yes,Red meat
2,T2,30,Normal,Tamil,Vegetarian,Yes,No,No,Red meat
1,T2,34,Normal,Tamil,Vegetarian,Yes,No,Yes,Red meat
1,T2,31,Normal,Tamil,Vegetarian,Yes,Yes,No,Red meat
1,T2,34,Normal,Tamil,Vegetarian,Yes,Yes,Yes,Red meat
8,T2,32,Normal,Muslim,Any,No,No,No,None
4,T2,30,Normal,Muslim,Any,No,No,Yes,None
3,T2,32,Normal,Muslim,Any,No,Yes,No,None
1,T2,30,Normal,Muslim,Any,No,Yes,Yes,None
2,T2,33,Normal,Muslim,Any,Yes,No,No,None
1,T2,34,Normal,Muslim,Any,Yes,No,Yes,None
1,T2,34,Normal,Muslim,Any,Yes,Yes,No,None
1,T2,31,Normal,Muslim,Any,Yes,Yes,Yes,None
5,T2,33,Normal,Muslim,Any,No,No,No,Shellfish
4,T2,31,Normal,Muslim,Any,No,No,Yes,Shellfish
3,T2,30,Normal,Muslim,Any,No,Yes,No,Shellfish
1,T2,34,Normal,Muslim,Any,No,Yes,Yes,Shellfish
2,T2,34,Normal,Muslim,Any,Yes,No,No,Shellfish
1,T2,33,Normal,Muslim,Any,Yes,No,Yes,Shellfish
1,T2,33,Normal,Muslim,Any,Yes,Yes,No,Shellfish
1,T2,33,Normal,Muslim,Any,Yes,Yes,Yes,Shellfish
5,T2,34,Normal,Muslim,Any,No,No,No,Red meat
4,T2,31,Normal,Muslim,Any,No,No,Yes,Red meat
3,T2,33,Normal,Muslim,Any,No,Yes,No,Red meat
1,T2,34,Normal,Muslim,Any,No,Yes,Yes,Red meat
2,T2,34,Normal,Muslim,Any,Yes,No,No,Red meat
1,T2,32,Normal,Muslim,Any,Yes,No,Yes,Red meat
1,T2,31,Normal,Muslim,Any,Yes,Yes,No,Red meat
1,T2,32,Normal,Muslim,Any,Yes,Yes,Yes,Red meat
9,T2,33,Normal,Muslim,Vegetarian,No,No,No,None
4,T2,33,Normal,Muslim,Vegetarian,No,No,Yes,None
3,T2,32,Normal,Muslim,Vegetarian,No,Yes,No,None
1,T2,33,Normal,Muslim,Vegetarian,No,Yes,Yes,None
2,T2,33,Normal,Muslim,Vegetarian,Yes,No,No,None
1,T2,32,Normal,Muslim,Vegetarian,Yes,No,Yes,None
1,T2,34,Normal,Muslim,Vegetarian,Yes,Yes,No,None
1,T2,32,Normal,Muslim,Vegetarian,Yes,Yes,Yes,None
5,T2,33,Normal,Muslim,Vegetarian,No,No,No,Shellfish
4,T2,33,Normal,Muslim,Vegetarian,No,No,Yes,Shellfish
3,T2,30,Normal,Muslim,Vegetarian,No,Yes,No,Shellfish
1,T2,31,Normal,Muslim,Vegetarian,No,Yes,Yes,Shellfish
2,T2,34,Normal,Muslim,Vegetarian,Yes,No,No,Shellfish
1,T2,32,Normal,Muslim,Vegetarian,Yes,No,Yes,Shellfish
1,T2,33,Normal,Muslim,Vegetarian,Yes,Yes,No,Shellfish
1,T2,34,Normal,Muslim,Vegetarian,Yes,Yes,Yes,Shellfish
5,T2,31,Normal,Muslim,Vegetarian,No,No,No,Red meat
4,T2,32,Normal,Muslim,Vegetarian,No,No,Yes,Red meat
3,T2,30,Normal,Muslim,Vegetarian,No,Yes,No,Red meat
1,T2,30,Normal,Muslim,Vegetarian,No,Yes,Yes,Red meat
2,T2,31,Normal,Muslim,Vegetarian,Yes,No,No,Red meat
1,T2,33,Normal,Muslim,Vegetarian,Yes,No,Yes,Red meat
1,T2,34,Normal,Muslim,Vegetarian,Yes,Yes,No,Red meat
1,T2,30,Normal,Muslim,Vegetarian,Yes,Yes,Yes,Red meat
8,T2,33,Overweight,Sinhala,Any,No,No,No,None
4,T2,34,Overweight,Sinhala,Any,No,No,Yes,None
3,T2,34,Overweight,Sinhala,Any,No,Yes,No,None
1,T2,32,Overweight,Sinhala,Any,No,Yes,Yes,None
2,T2,30,Overweight,Sinhala,Any,Yes,No,No,None
1,T2,30,Overweight,Sinhala,Any,Yes,No,Yes,None
1,T2,31,Overweight,Sinhala,Any,Yes,Yes,No,None
1,T2,34,Overweight,Sinhala,Any,Yes,Yes,Yes,None
5,T2,31,Overweight,Sinhala,Any,No,No,No,Shellfish
4,T2,34,Overweight,Sinhala,Any,No,No,Yes,Shellfish
3,T2,31,Overweight,Sinhala,Any,No,Yes,No,Shellfish
1,T2,32,Overweight,Sinhala,Any,No,Yes,Yes,Shellfish
2,T2,34,Overweight,Sinhala,Any,Yes,No,No,Shellfish
1,T2,31,Overweight,Sinhala,Any,Yes,No,Yes,Shellfish
1,T2,34,Overweight,Sinhala,Any,Yes,Yes,No,Shellfish
1,T2,30,Overweight,Sinhala,Any,Yes,Yes,Yes,Shellfish
5,T2,31,Overweight,Sinhala,Any,No,No,No,Red meat
4,T2,30,Overweight,Sinhala,Any,No,No,Yes,Red meat
3,T2,32,Overweight,Sinhala,Any,No,Yes,No,Red meat
1,T2,32,Overweight,Sinhala,Any,No,Yes,Yes,Red meat
2,T2,30,Overweight,Sinhala,Any,Yes,No,No,Red meat
1,T2,34,Overweight,Sinhala,Any,Yes,No,Yes,Red meat
1,T2,31,Overweight,Sinhala,Any,Yes,Yes,No,Red meat
1,T2,30,Overweight,Sinhala,Any,Yes,Yes,Yes,Red meat
9,T2,30,Overweight,Sinhala,Vegetarian,No,No,No,None
4,T2,32,Overweight,Sinhala,Vegetarian,No,No,Yes,None
3,T2,31,Overweight,Sinhala,Vegetarian,No,Yes,No,None
1,T2,30,Overweight,Sinhala,Vegetarian,No,Yes,Yes,None
2,T2,34,Overweight,Sinhala,Vegetarian,Yes,No,No,None
1,T2,32,Overweight,Sinhala,Vegetarian,Yes,No,Yes,None
1,T2,34,Overweight,Sinhala,Vegetarian,Yes,Yes,No,None
1,T2,31,Overweight,Sinhala,Vegetarian,Yes,Yes,Yes,None
5,T2,32,Overweight,Sinhala,Vegetarian,No,No,No,Shellfish
4,T2,31,Overweight,Sinhala,Vegetarian,No,No,Yes,Shellfish
3,T2,32,Overweight,Sinhala,Vegetarian,No,Yes,No,Shellfish
1,T2,31,Overweight,Sinhala,Vegetarian,No,Yes,Yes,Shellfish
2,T2,33,Overweight,Sinhala,Vegetarian,Yes,No,No,Shellfish
1,T2,33,Overweight,Sinhala,Vegetarian,Yes,No,Yes,Shellfish
1,T2,34,Overweight,Sinhala,Vegetarian,Yes,Yes,No,Shellfish
1,T2,31,Overweight,Sinhala,Vegetarian,Yes,Yes,Yes,Shellfish
5,T2,33,Overweight,Sinhala,Vegetarian,No,No,No,Red meat
4,T2,30,Overweight,Sinhala,Vegetarian,No,No,Yes,Red meat
3,T2,30,Overweight,Sinhala,Vegetarian,No,Yes,No,Red meat
1,T2,34,Overweight,Sinhala,Vegetarian,No,Yes,Yes,Red meat
2,T2,30,Overweight,Sinhala,Vegetarian,Yes,No,No,Red meat
1,T2,32,Overweight,Sinhala,Vegetarian,Yes,No,Yes,Red meat
1,T2,33,Overweight,Sinhala,Vegetarian,Yes,Yes,No,Red meat
1,T2,33,Overweight,Sinhala,Vegetarian,Yes,Yes,Yes,Red meat
8,T2,31,Overweight,Tamil,Any,No,No,No,None
4,T2,33,Overweight,Tamil,Any,No,No,Yes,None
3,T2,32,Overweight,Tamil,Any,No,Yes,No,None
1,T2,33,Overweight,Tamil,Any,No,Yes,Yes,None
2,T2,33,Overweight,Tamil,Any,Yes,No,No,None
1,T2,34,Overweight,Tamil,Any,Yes,No,Yes,None
1,T2,30,Overweight,Tamil,Any,Yes,Yes,No,None
1,T2,32,Overweight,Tamil,Any,Yes,Yes,Yes,None
5,T2,34,Overweight,Tamil,Any,No,No,No,Shellfish
4,T2,32,Overweight,Tamil,Any,No,No,Yes,Shellfish
3,T2,32,Overweight,Tamil,Any,No,Yes,No,Shellfish
1,T2,34,Overweight,Tamil,Any,No,Yes,Yes,Shellfish
2,T2,33,Overweight,Tamil,Any,Yes,No,No,Shellfish
1,T2,32,Overweight,Tamil,Any,Yes,No,Yes,Shellfish
1,T2,34,Overweight,Tamil,Any,Yes,Yes,No,Shellfish
1,T2,33,Overweight,Tamil,Any,Yes,Yes,Yes,Shellfish
5,T2,32,Overweight,Tamil,Any,No,No,No,Red meat
4,T2,30,Overweight,Tamil,Any,No,No,Yes,Red meat
3,T2,32,Overweight,Tamil,Any,No,Yes,No,Red meat
1,T2,34,Overweight,Tamil,Any,No,Yes,Yes,Red meat
2,T2,34,Overweight,Tamil,Any,Yes,No,No,Red meat
1,T2,30,Overweight,Tamil,Any,Yes,No,Yes,Red meat
1,T2,32,Overweight,Tamil,Any,Yes,Yes,No,Red meat
1,T2,30,Overweight,Tamil,Any,Yes,Yes,Yes,Red meat
9,T2,33,Overweight,Tamil,Vegetarian,No,No,No,None
4,T2,33,Overweight,Tamil,Vegetarian,No,No,Yes,None
3,T2,34,Overweight,Tamil,Vegetarian,No,Yes,No,None
1,T2,34,Overweight,Tamil,Vegetarian,No,Yes,Yes,None
2,T2,33,Overweight,Tamil,Vegetarian,Yes,No,No,None
1,T2,30,Overweight,Tamil,Vegetarian,Yes,No,Yes,None
1,T2,30,Overweight,Tamil,Vegetarian,Yes,Yes,No,None
1,T2,31,Overweight,Tamil,Vegetarian,Yes,Yes,Yes,None
5,T2,30,Overweight,Tamil,Vegetarian,No,No,No,Shellfish
4,T2,33,Overweight,Tamil,Vegetarian,No,No,Yes,Shellfish
3,T2,32,Overweight,Tamil,Vegetarian,No,Yes,No,Shellfish
1,T2,34,Overweight,Tamil,Vegetarian,No,Yes,Yes,Shellfish
2,T2,33,Overweight,Tamil,Vegetarian,Yes,No,No,Shellfish
1,T2,33,Overweight,Tamil,Vegetarian,Yes,No,Yes,Shellfish
1,T2,31,Overweight,Tamil,Vegetarian,Yes,Yes,No,Shellfish
1,T2,34,Overweight,Tamil,Vegetarian,Yes,Yes,Yes,Shellfish
5,T2,33,Overweight,Tamil,Vegetarian,No,No,No,Red meat
4,T2,34,Overweight,Tamil,Vegetarian,No,No,Yes,Red meat
3,T2,30,Overweight,Tamil,Vegetarian,No,Yes,No,Red meat
1,T2,33,Overweight,Tamil,Vegetarian,No,Yes,Yes,Red meat
2,T2,32,Overweight,Tamil,Vegetarian,Yes,No,No,Red meat
1,T2,34,Overweight,Tamil,Vegetarian,Yes,No,Yes,Red meat
1,T2,33,Overweight,Tamil,Vegetarian,Yes,Yes,No,Red meat
1,T2,30,Overweight,Tamil,Vegetarian,Yes,Yes,Yes,Red meat
8,T2,32,Overweight,Muslim,Any,No,No,No,None
4,T2,30,Overweight,Muslim,Any,No,No,Yes,None
3,T2,33,Overweight,Muslim,Any,No,Yes,No,None
1,T2,33,Overweight,Muslim,Any,No,Yes,Yes,None
2,T2,33,Overweight,Muslim,Any,Yes,No,No,None
1,T2,30,Overweight,Muslim,Any,Yes,No,Yes,None
1,T2,32,Overweight,Muslim,Any,Yes,Yes,No,None
1,T2,31,Overweight,Muslim,Any,Yes,Yes,Yes,None
5,T2,33,Overweight,Muslim,Any,No,No,No,Shellfish
4,T2,34,Overweight,Muslim,Any,No,No,Yes,Shellfish
3,T2,34,Overweight,Muslim,Any,No,Yes,No,Shellfish
1,T2,31,Overweight,Muslim,Any,No,Yes,Yes,Shellfish
2,T2,30,Overweight,Muslim,Any,Yes,No,No,Shellfish
1,T2,34,Overweight,Muslim,Any,Yes,No,Yes,Shellfish
1,T2,34,Overweight,Muslim,Any,Yes,Yes,No,Shellfish
1,T2,34,Overweight,Muslim,Any,Yes,Yes,Yes,Shellfish
5,T2,32,Overweight,Muslim,Any,No,No,No,Red meat
4,T2,30,Overweight,Muslim,Any,No,No,Yes,Red meat
3,T2,31,Overweight,Muslim,Any,No,Yes,No,Red meat
1,T2,30,Overweight,Muslim,Any,No,Yes,Yes,Red meat
2,T2,32,Overweight,Muslim,Any,Yes,No,No,Red meat
1,T2,34,Overweight,Muslim,Any,Yes,No,Yes,Red meat
1,T2,30,Overweight,Muslim,Any,Yes,Yes,No,Red meat
1,T2,30,Overweight,Muslim,Any,Yes,Yes,Yes,Red meat
9,T2,30,Overweight,Muslim,Vegetarian,No,No,No,None
4,T2,31,Overweight,Muslim,Vegetarian,No,No,Yes,None
3,T2,30,Overweight,Muslim,Vegetarian,No,Yes,No,None
1,T2,31,Overweight,Muslim,Vegetarian,No,Yes,Yes,None
2,T2,33,Overweight,Muslim,Vegetarian,Yes,No,No,None
1,T2,33,Overweight,Muslim,Vegetarian,Yes,No,Yes,None
1,T2,32,Overweight,Muslim,Vegetarian,Yes,Yes,No,None
1,T2,32,Overweight,Muslim,Vegetarian,Yes,Yes,Yes,None
5,T2,31,Overweight,Muslim,Vegetarian,No,No,No,Shellfish
4,T2,30,Overweight,Muslim,Vegetarian,No,No,Yes,Shellfish
3,T2,34,Overweight,Muslim,Vegetarian,No,Yes,No,Shellfish
1,T2,30,Overweight,Muslim,Vegetarian,No,Yes,Yes,Shellfish
2,T2,34,Overweight,Muslim,Vegetarian,Yes,No,No,Shellfish
1,T2,30,Overweight,Muslim,Vegetarian,Yes,No,Yes,Shellfish
1,T2,34,Overweight,Muslim,Vegetarian,Yes,Yes,No,Shellfish
1,T2,33,Overweight,Muslim,Vegetarian,Yes,Yes,Yes,Shellfish
5,T2,32,Overweight,Muslim,Vegetarian,No,No,No,Red meat
4,T2,33,Overweight,Muslim,Vegetarian,No,No,Yes,Red meat
3,T2,34,Overweight,Muslim,Vegetarian,No,Yes,No,Red meat
1,T2,31,Overweight,Muslim,Vegetarian,No,Yes,Yes,Red meat
2,T2,32,Overweight,Muslim,Vegetarian,Yes,No,No,Red meat
1,T2,30,Overweight,Muslim,Vegetarian,Yes,No,Yes,Red meat
1,T2,31,Overweight,Muslim,Vegetarian,Yes,Yes,No,Red meat
1,T2,34,Overweight,Muslim,Vegetarian,Yes,Yes,Yes,Red meat
7,T2,32,Obese,Sinhala,Any,No,No,No,None
4,T2,31,Obese,Sinhala,Any,No,No,Yes,None
3,T2,31,Obese,Sinhala,Any,No,Yes,No,None
1,T2,33,Obese,Sinhala,Any,No,Yes,Yes,None
2,T2,31,Obese,Sinhala,Any,Yes,No,No,None
1,T2,32,Obese,Sinhala,Any,Yes,No,Yes,None
1,T2,30,Obese,Sinhala,Any,Yes,Yes,No,None
1,T2,31,Obese,Sinhala,Any,Yes,Yes,Yes,None
5,T2,31,Obese,Sinhala,Any,No,No,No,Shellfish
4,T2,34,Obese,Sinhala,Any,No,No,Yes,Shellfish
3,T2,33,Obese,Sinhala,Any,No,Yes,No,Shellfish
1,T2,30,Obese,Sinhala,Any,No,Yes,Yes,Shellfish
2,T2,34,Obese,Sinhala,Any,Yes,No,No,Shellfish
1,T2,34,Obese,Sinhala,Any,Yes,No,Yes,Shellfish
1,T2,30,Obese,Sinhala,Any,Yes,Yes,No,Shellfish
1,T2,33,Obese,Sinhala,Any,Yes,Yes,Yes,Shellfish
5,T2,30,Obese,Sinhala,Any,No,No,No,Red meat
4,T2,32,Obese,Sinhala,Any,No,No,Yes,Red meat
3,T2,32,Obese,Sinhala,Any,No,Yes,No,Red meat
1,T2,32,Obese,Sinhala,Any,No,Yes,Yes,Red meat
2,T2,34,Obese,Sinhala,Any,Yes,No,No,Red meat
1,T2,33,Obese,Sinhala,Any,Yes,No,Yes,Red meat
1,T2,34,Obese,Sinhala,Any,Yes,Yes,No,Red meat
1,T2,30,Obese,Sinhala,Any,Yes,Yes,Yes,Red meat
7,T2,32,Obese,Sinhala,Vegetarian,No,No,No,None
4,T2,32,Obese,Sinhala,Vegetarian,No,No,Yes,None
3,T2,33,Obese,Sinhala,Vegetarian,No,Yes,No,None
1,T2,31,Obese,Sinhala,Vegetarian,No,Yes,Yes,None
2,T2,31,Obese,Sinhala,Vegetarian,Yes,No,No,None
1,T2,32,Obese,Sinhala,Vegetarian,Yes,No,Yes,None
1,T2,31,Obese,Sinhala,Vegetarian,Yes,Yes,No,None
1,T2,30,Obese,Sinhala,Vegetarian,Yes,Yes,Yes,None
5,T2,31,Obese,Sinhala,Vegetarian,No,No,No,Shellfish
4,T2,33,Obese,Sinhala,Vegetarian,No,No,Yes,Shellfish
3,T2,33,Obese,Sinhala,Vegetarian,No,Yes,No,Shellfish
1,T2,34,Obese,Sinhala,Vegetarian,No,Yes,Yes,Shellfish
2,T2,33,Obese,Sinhala,Vegetarian,Yes,No,No,Shellfish
1,T2,31,Obese,Sinhala,Vegetarian,Yes,No,Yes,Shellfish
1,T2,33,Obese,Sinhala,Vegetarian,Yes,Yes,No,Shellfish
1,T2,32,Obese,Sinhala,Vegetarian,Yes,Yes,Yes,Shellfish
5,T2,31,Obese,Sinhala,Vegetarian,No,No,No,Red meat
4,T2,31,Obese,Sinhala,Vegetarian,No,No,Yes,Red meat
3,T2,32,Obese,Sinhala,Vegetarian,No,Yes,No,Red meat
1,T2,34,Obese,Sinhala,Vegetarian,No,Yes,Yes,Red meat
2,T2,32,Obese,Sinhala,Vegetarian,Yes,No,No,Red meat
1,T2,34,Obese,Sinhala,Vegetarian,Yes,No,Yes,Red meat
1,T2,33,Obese,Sinhala,Vegetarian,Yes,Yes,No,Red meat
1,T2,30,Obese,Sinhala,Vegetarian,Yes,Yes,Yes,Red meat
7,T2,33,Obese,Tamil,Any,No,No,No,None
4,T2,33,Obese,Tamil,Any,No,No,Yes,None
3,T2,32,Obese,Tamil,Any,No,Yes,No,None
1,T2,32,Obese,Tamil,Any,No,Yes,Yes,None
2,T2,33,Obese,Tamil,Any,Yes,No,No,None
1,T2,31,Obese,Tamil,Any,Yes,No,Yes,None
1,T2,30,Obese,Tamil,Any,Yes,Yes,No,None
1,T2,31,Obese,Tamil,Any,Yes,Yes,Yes,None
5,T2,34,Obese,Tamil,Any,No,No,No,Shellfish
4,T2,32,Obese,Tamil,Any,No,No,Yes,Shellfish
3,T2,33,Obese,Tamil,Any,No,Yes,No,Shellfish
1,T2,30,Obese,Tamil,Any,No,Yes,Yes,Shellfish
2,T2,32,Obese,Tamil,Any,Yes,No,No,Shellfish
1,T2,33,Obese,Tamil,Any,Yes,No,Yes,Shellfish
1,T2,33,Obese,Tamil,Any,Yes,Yes,No,Shellfish
1,T2,33,Obese,Tamil,Any,Yes,Yes,Yes,Shellfish
5,T2,34,Obese,Tamil,Any,No,No,No,Red meat
4,T2,32,Obese,Tamil,Any,No,No,Yes,Red meat
3,T2,33,Obese,Tamil,Any,No,Yes,No,Red meat
1,T2,33,Obese,Tamil,Any,No,Yes,Yes,Red meat
2,T2,30,Obese,Tamil,Any,Yes,No,No,Red meat
1,T2,33,Obese,Tamil,Any,Yes,No,Yes,Red meat
1,T2,32,Obese,Tamil,Any,Yes,Yes,No,Red meat
1,T2,33,Obese,Tamil,Any,Yes,Yes,Yes,Red meat
7,T2,30,Obese,Tamil,Vegetarian,No,No,No,None
4,T2,33,Obese,Tamil,Vegetarian,No,No,Yes,None
3,T2,32,Obese,Tamil,Vegetarian,No,Yes,No,None
1,T2,34,Obese,Tamil,Vegetarian,No,Yes,Yes,None
2,T2,32,Obese,Tamil,Vegetarian,Yes,No,No,None
1,T2,34,Obese,Tamil,Vegetarian,Yes,No,Yes,None
1,T2,34,Obese,Tamil,Vegetarian,Yes,Yes,No,None
1,T2,31,Obese,Tamil,Vegetarian,Yes,Yes,Yes,None
5,T2,30,Obese,Tamil,Vegetarian,No,No,No,Shellfish
4,T2,34,Obese,Tamil,Vegetarian,No,No,Yes,Shellfish
3,T2,32,Obese,Tamil,Vegetarian,No,Yes,No,Shellfish
1,T2,32,Obese,Tamil,Vegetarian,No,Yes,Yes,Shellfish
2,T2,34,Obese,Tamil,Vegetarian,Yes,No,No,Shellfish
1,T2,32,Obese,Tamil,Vegetarian,Yes,No,Yes,Shellfish
1,T2,34,Obese,Tamil,Vegetarian,Yes,Yes,No,Shellfish
1,T2,30,Obese,Tamil,Vegetarian,Yes,Yes,Yes,Shellfish
5,T2,31,Obese,Tamil,Vegetarian,No,No,No,Red meat
4,T2,31,Obese,Tamil,Vegetarian,No,No,Yes,Red meat
3,T2,34,Obese,Tamil,Vegetarian,No,Yes,No,Red meat
1,T2,34,Obese,Tamil,Vegetarian,No,Yes,Yes,Red meat
2,T2,32,Obese,Tamil,Vegetarian,Yes,No,No,Red meat
1,T2,32,Obese,Tamil,Vegetarian,Yes,No,Yes,Red meat
1,T2,31,Obese,Tamil,Vegetarian,Yes,Yes,No,Red meat
1,T2,32,Obese,Tamil,Vegetarian,Yes,Yes,Yes,Red meat
7,T2,34,Obese,Muslim,Any,No,No,No,None
4,T2,32,Obese,Muslim,Any,No,No,Yes,None
3,T2,31,Obese,Muslim,Any,No,Yes,No,None
1,T2,34,Obese,Muslim,Any,No,Yes,Yes,None
2,T2,31,Obese,Muslim,Any,Yes,No,No,None
1,T2,33,Obese,Muslim,Any,Yes,No,Yes,None
1,T2,31,Obese,Muslim,Any,Yes,Yes,No,None
1,T2,33,Obese,Muslim,Any,Yes,Yes,Yes,None
5,T2,32,Obese,Muslim,Any,No,No,No,Shellfish
4,T2,34,Obese,Muslim,Any,No,No,Yes,Shellfish
3,T2,30,Obese,Muslim,Any,No,Yes,No,Shellfish
1,T2,33,Obese,Muslim,Any,No,Yes,Yes,Shellfish
2,T2,31,Obese,Muslim,Any,Yes,No,No,Shellfish
1,T2,30,Obese,Muslim,Any,Yes,No,Yes,Shellfish
1,T2,32,Obese,Muslim,Any,Yes,Yes,No,Shellfish
1,T2,33,Obese,Muslim,Any,Yes,Yes,Yes,Shellfish
5,T2,30,Obese,Muslim,Any,No,No,No,Red meat
4,T2,31,Obese,Muslim,Any,No,No,Yes,Red meat
3,T2,30,Obese,Muslim,Any,No,Yes,No,Red meat
1,T2,32,Obese,Muslim,Any,No,Yes,Yes,Red meat
2,T2,32,Obese,Muslim,Any,Yes,No,No,Red meat
1,T2,33,Obese,Muslim,Any,Yes,No,Yes,Red meat
1,T2,34,Obese,Muslim,Any,Yes,Yes,No,Red meat
1,T2,33,Obese,Muslim,Any,Yes,Yes,Yes,Red meat
7,T2,34,Obese,Muslim,Vegetarian,No,No,No,None
4,T2,34,Obese,Muslim,Vegetarian,No,No,Yes,None
3,T2,32,Obese,Muslim,Vegetarian,No,Yes,No,None
1,T2,30,Obese,Muslim,Vegetarian,No,Yes,Yes,None
2,T2,31,Obese,Muslim,Vegetarian,Yes,No,No,None
1,T2,34,Obese,Muslim,Vegetarian,Yes,No,Yes,None
1,T2,33,Obese,Muslim,Vegetarian,Yes,Yes,No,None
1,T2,33,Obese,Muslim,Vegetarian,Yes,Yes,Yes,None
5,T2,34,Obese,Muslim,Vegetarian,No,No,No,Shellfish
4,T2,34,Obese,Muslim,Vegetarian,No,No,Yes,Shellfish
3,T2,32,Obese,Muslim,Vegetarian,No,Yes,No,Shellfish
1,T2,34,Obese,Muslim,Vegetarian,No,Yes,Yes,Shellfish
2,T2,31,Obese,Muslim,Vegetarian,Yes,No,No,Shellfish
1,T2,34,Obese,Muslim,Vegetarian,Yes,No,Yes,Shellfish
1,T2,32,Obese,Muslim,Vegetarian,Yes,Yes,No,Shellfish
1,T2,32,Obese,Muslim,Vegetarian,Yes,Yes,Yes,Shellfish
5,T2,30,Obese,Muslim,Vegetarian,No,No,No,Red meat
4,T2,30,Obese,Muslim,Vegetarian,No,No,Yes,Red meat
3,T2,31,Obese,Muslim,Vegetarian,No,Yes,No,Red meat
1,T2,31,Obese,Muslim,Vegetarian,No,Yes,Yes,Red meat
2,T2,34,Obese,Muslim,Vegetarian,Yes,No,No,Red meat
1,T2,33,Obese,Muslim,Vegetarian,Yes,No,Yes,Red meat
1,T2,32,Obese,Muslim,Vegetarian,Yes,Yes,No,Red meat
1,T2,31,Obese,Muslim,Vegetarian,Yes,Yes,Yes,Red meat
6,T2,40,Underweight,Sinhala,Any,No,No,No,None
4,T2,39,Underweight,Sinhala,Any,No,No,Yes,None
3,T2,38,Underweight,Sinhala,Any,No,Yes,No,None
1,T2,37,Underweight,Sinhala,Any,No,Yes,Yes,None
2,T2,40,Underweight,Sinhala,Any,Yes,No,No,None
1,T2,38,Underweight,Sinhala,Any,Yes,No,Yes,None
1,T2,36,Underweight,Sinhala,Any,Yes,Yes,No,None
1,T2,40,Underweight,Sinhala,Any,Yes,Yes,Yes,None
5,T2,37,Underweight,Sinhala,Any,No,No,No,Shellfish
4,T2,35,Underweight,Sinhala,Any,No,No,Yes,Shellfish
3,T2,38,Underweight,Sinhala,Any,No,Yes,No,Shellfish
1,T2,37,Underweight,Sinhala,Any,No,Yes,Yes,Shellfish
2,T2,38,Underweight,Sinhala,Any,Yes,No,No,Shellfish
1,T2,36,Underweight,Sinhala,Any,Yes,No,Yes,Shellfish
1,T2,40,Underweight,Sinhala,Any,Yes,Yes,No,Shellfish
1,T2,35,Underweight,Sinhala,Any,Yes,Yes,Yes,Shellfish
5,T2,41,Underweight,Sinhala,Any,No,No,No,Red meat
4,T2,41,Underweight,Sinhala,Any,No,No,Yes,Red meat
3,T2,35,Underweight,Sinhala,Any,No,Yes,No,Red meat
1,T2,40,Underweight,Sinhala,Any,No,Yes,Yes,Red meat
2,T2,35,Underweight,Sinhala,Any,Yes,No,No,Red meat
1,T2,39,Underweight,Sinhala,Any,Yes,No,Yes,Red meat
1,T2,41,Underweight,Sinhala,Any,Yes,Yes,No,Red meat
1,T2,38,Underweight,Sinhala,Any,Yes,Yes,Yes,Red meat
6,T2,38,Underweight,Sinhala,Vegetarian,No,No,No,None
4,T2,37,Underweight,Sinhala,Vegetarian,No,No,Yes,None
3,T2,41,Underweight,Sinhala,Vegetarian,No,Yes,No,None
1,T2,39,Underweight,Sinhala,Vegetarian,No,Yes,Yes,None
2,T2,41,Underweight,Sinhala,Vegetarian,Yes,No,No,None
1,T2,37,Underweight,Sinhala,Vegetarian,Yes,No,Yes,None
1,T2,41,Underweight,Sinhala,Vegetarian,Yes,Yes,No,None
1,T2,36,Underweight,Sinhala,Vegetarian,Yes,Yes,Yes,None
5,T2,41,Underweight,Sinhala,Vegetarian,No,No,No,Shellfish
4,T2,40,Underweight,Sinhala,Vegetarian,No,No,Yes,Shellfish
3,T2,39,Underweight,Sinhala,Vegetarian,No,Yes,No,Shellfish
1,T2,39,Underweight,Sinhala,Vegetarian,No,Yes,Yes,Shellfish
2,T2,40,Underweight,Sinhala,Vegetarian,Yes,No,No,Shellfish
1,T2,35,Underweight,Sinhala,Vegetarian,Yes,No,Yes,Shellfish
1,T2,39,Underweight,Sinhala,Vegetarian,Yes,Yes,No,Shellfish
1,T2,40,Underweight,Sinhala,Vegetarian,Yes,Yes,Yes,Shellfish
5,T2,37,Underweight,Sinhala,Vegetarian,No,No,No,Red meat
4,T2,41,Underweight,Sinhala,Vegetarian,No,No,Yes,Red meat
3,T2,37,Underweight,Sinhala,Vegetarian,No,Yes,No,Red meat
1,T2,37,Underweight,Sinhala,Vegetarian,No,Yes,Yes,Red meat
2,T2,37,Underweight,Sinhala,Vegetarian,Yes,No,No,Red meat
1,T2,39,Underweight,Sinhala,Vegetarian,Yes,No,Yes,Red meat
1,T2,38,Underweight,Sinhala,Vegetarian,Yes,Yes,No,Red meat
1,T2,39,Underweight,Sinhala,Vegetarian,Yes,Yes,Yes,Red meat
6,T2,35,Underweight,Tamil,Any,No,No,No,None
4,T2,40,Underweight,Tamil,Any,No,No,Yes,None
3,T2,35,Underweight,Tamil,Any,No,Yes,No,None
1,T2,40,Underweight,Tamil,Any,No,Yes,Yes,None
2,T2,41,Underweight,Tamil,Any,Yes,No,No,None
1,T2,41,Underweight,Tamil,Any,Yes,No,Yes,None
1,T2,41,Underweight,Tamil,Any,Yes,Yes,No,None
1,T2,38,Underweight,Tamil,Any,Yes,Yes,Yes,None
5,T2,37,Underweight,Tamil,Any,No,No,No,Shellfish
4,T2,39,Underweight,Tamil,Any,No,No,Yes,Shellfish
3,T2,39,Underweight,Tamil,Any,No,Yes,No,Shellfish
1,T2,39,Underweight,Tamil,Any,No,Yes,Yes,Shellfish
2,T2,36,Underweight,Tamil,Any,Yes,No,No,Shellfish
1,T2,38,Underweight,Tamil,Any,Yes,No,Yes,Shellfish
1,T2,37,Underweight,Tamil,Any,Yes,Yes,No,Shellfish
1,T2,41,Underweight,Tamil,Any,Yes,Yes,Yes,Shellfish
5,T2,38,Underweight,Tamil,Any,No,No,No,Red meat
4,T2,35,Underweight,Tamil,Any,No,No,Yes,Red meat
3,T2,39,Underweight,Tamil,Any,No,Yes,No,Red meat
1,T2,36,Underweight,Tamil,Any,No,Yes,Yes,Red meat
2,T2,39,Underweight,Tamil,Any,Yes,No,No,Red meat
1,T2,35,Underweight,Tamil,Any,Yes,No,Yes,Red meat
1,T2,39,Underweight,Tamil,Any,Yes,Yes,No,Red meat
1,T2,36,Underweight,Tamil,Any,Yes,Yes,Yes,Red meat
6,T2,37,Underweight,Tamil,Vegetarian,No,No,No,None
4,T2,40,Underweight,Tamil,Vegetarian,No,No,Yes,None
3,T2,35,Underweight,Tamil,Vegetarian,No,Yes,No,None
1,T2,39,Underweight,Tamil,Vegetarian,No,Yes,Yes,None
2,T2,39,Underweight,Tamil,Vegetarian,Yes,No,No,None
1,T2,40,Underweight,Tamil,Vegetarian,Yes,No,Yes,None
1,T2,38,Underweight,Tamil,Vegetarian,Yes,Yes,No,None
1,T2,37,Underweight,Tamil,Vegetarian,Yes,Yes,Yes,None
5,T2,40,Underweight,Tamil,Vegetarian,No,No,No,Shellfish
4,T2,41,Underweight,Tamil,Vegetarian,No,No,Yes,Shellfish
3,T2,41,Underweight,Tamil,Vegetarian,No,Yes,No,Shellfish
1,T2,41,Underweight,Tamil,Vegetarian,No,Yes,Yes,Shellfish
2,T2,37,Underweight,Tamil,Vegetarian,Yes,No,No,Shellfish
1,T2,38,Underweight,Tamil,Vegetarian,Yes,No,Yes,Shellfish
1,T2,38,Underweight,Tamil,Vegetarian,Yes,Yes,No,Shellfish
1,T2,36,Underweight,Tamil,Vegetarian,Yes,Yes,Yes,Shellfish
5,T2,35,Underweight,Tamil,Vegetarian,No,No,No,Red meat
4,T2,38,Underweight,Tamil,Vegetarian,No,No,Yes,Red meat
3,T2,35,Underweight,Tamil,Vegetarian,No,Yes,No,Red meat
1,T2,36,Underweight,Tamil,Vegetarian,No,Yes,Yes,Red meat
2,T2,39,Underweight,Tamil,Vegetarian,Yes,No,No,Red meat
1,T2,36,Underweight,Tamil,Vegetarian,Yes,No,Yes,Red meat
1,T2,41,Underweight,Tamil,Vegetarian,Yes,Yes,No,Red meat
1,T2,39,Underweight,Tamil,Vegetarian,Yes,Yes,Yes,Red meat
6,T2,41,Underweight,Muslim,Any,No,No,No,None
4,T2,36,Underweight,Muslim,Any,No,No,Yes,None
3,T2,36,Underweight,Muslim,Any,No,Yes,No,None
1,T2,36,Underweight,Muslim,Any,No,Yes,Yes,None
2,T2,35,Underweight,Muslim,Any,Yes,No,No,None
1,T2,41,Underweight,Muslim,Any,Yes,No,Yes,None
1,T2,37,Underweight,Muslim,Any,Yes,Yes,No,None
1,T2,39,Underweight,Muslim,Any,Yes,Yes,Yes,None
5,T2,40,Underweight,Muslim,Any,No,No,No,Shellfish
4,T2,39,Underweight,Muslim,Any,No,No,Yes,Shellfish
3,T2,39,Underweight,Muslim,Any,No,Yes,No,Shellfish
1,T2,39,Underweight,Muslim,Any,No,Yes,Yes,Shellfish
2,T2,35,Underweight,Muslim,Any,Yes,No,No,Shellfish
1,T2,36,Underweight,Muslim,Any,Yes,No,Yes,Shellfish
1,T2,35,Underweight,Muslim,Any,Yes,Yes,No,Shellfish
1,T2,36,Underweight,Muslim,Any,Yes,Yes,Yes,Shellfish
5,T2,40,Underweight,Muslim,Any,No,No,No,Red meat
4,T2,41,Underweight,Muslim,Any,No,No,Yes,Red meat
3,T2,35,Underweight,Muslim,Any,No,Yes,No,Red meat
1,T2,40,Underweight,Muslim,Any,No,Yes,Yes,Red meat
2,T2,35,Underweight,Muslim,Any,Yes,No,No,Red meat
1,T2,37,Underweight,Muslim,Any,Yes,No,Yes,Red meat
1,T2,37,Underweight,Muslim,Any,Yes,Yes,No,Red meat
1,T2,40,Underweight,Muslim,Any,Yes,Yes,Yes,Red meat
6,T2,36,Underweight,Muslim,Vegetarian,No,No,No,None
4,T2,40,Underweight,Muslim,Vegetarian,No,No,Yes,None
3,T2,40,Underweight,Muslim,Vegetarian,No,Yes,No,None
1,T2,39,Underweight,Muslim,Vegetarian,No,Yes,Yes,None
2,T2,35,Underweight,Muslim,Vegetarian,Yes,No,No,None
1,T2,35,Underweight,Muslim,Vegetarian,Yes,No,Yes,None
1,T2,41,Underweight,Muslim,Vegetarian,Yes,Yes,No,None
1,T2,35,Underweight,Muslim,Vegetarian,Yes,Yes,Yes,None
5,T2,41,Underweight,Muslim,Vegetarian,No,No,No,Shellfish
4,T2,37,Underweight,Muslim,Vegetarian,No,No,Yes,Shellfish
3,T2,36,Underweight,Muslim,Vegetarian,No,Yes,No,Shellfish
1,T2,37,Underweight,Muslim,Vegetarian,No,Yes,Yes,Shellfish
2,T2,36,Underweight,Muslim,Vegetarian,Yes,No,No,Shellfish
1,T2,40,Underweight,Muslim,Vegetarian,Yes,No,Yes,Shellfish
1,T2,40,Underweight,Muslim,Vegetarian,Yes,Yes,No,Shellfish
1,T2,39,Underweight,Muslim,Vegetarian,Yes,Yes,Yes,Shellfish
5,T2,40,Underweight,Muslim,Vegetarian,No,No,No,Red meat
4,T2,41,Underweight,Muslim,Vegetarian,No,No,Yes,Red meat
3,T2,37,Underweight,Muslim,Vegetarian,No,Yes,No,Red meat
1,T2,37,Underweight,Muslim,Vegetarian,No,Yes,Yes,Red meat
2,T2,38,Underweight,Muslim,Vegetarian,Yes,No,No,Red meat
1,T2,38,Underweight,Muslim,Vegetarian,Yes,No,Yes,Red meat
1,T2,40,Underweight,Muslim,Vegetarian,Yes,Yes,No,Red meat
1,T2,35,Underweight,Muslim,Vegetarian,Yes,Yes,Yes,Red meat
8,T2,40,Normal,Sinhala,Any,No,No,No,None
4,T2,35,Normal,Sinhala,Any,No,No,Yes,None
3,T2,38,Normal,Sinhala,Any,No,Yes,No,None
1,T2,40,Normal,Sinhala,Any,No,Yes,Yes,None
2,T2,40,Normal,Sinhala,Any,Yes,No,No,None
1,T2,35,Normal,Sinhala,Any,Yes,No,Yes,None
1,T2,39,Normal,Sinhala,Any,Yes,Yes,No,None
1,T2,39,Normal,Sinhala,Any,Yes,Yes,Yes,None
5,T2,36,Normal,Sinhala,Any,No,No,No,Shellfish
4,T2,41,Normal,Sinhala,Any,No,No,Yes,Shellfish
3,T2,39,Normal,Sinhala,Any,No,Yes,No,Shellfish
1,T2,37,Normal,Sinhala,Any,No,Yes,Yes,Shellfish
2,T2,35,Normal,Sinhala,Any,Yes,No,No,Shellfish
1,T2,41,Normal,Sinhala,Any,Yes,No,Yes,Shellfish
1,T2,37,Normal,Sinhala,Any,Yes,Yes,No,Shellfish
1,T2,40,Normal,Sinhala,Any,Yes,Yes,Yes,Shellfish
5,T2,35,Normal,Sinhala,Any,No,No,No,Red meat
4,T2,36,Normal,Sinhala,Any,No,No,Yes,Red meat
3,T2,40,Normal,Sinhala,Any,No,Yes,No,Red meat
1,T2,35,Normal,Sinhala,Any,No,Yes,Yes,Red meat
2,T2,39,Normal,Sinhala,Any,Yes,No,No,Red meat
1,T2,36,Normal,Sinhala,Any,Yes,No,Yes,Red meat
1,T2,38,Normal,Sinhala,Any,Yes,Yes,No,Red meat
1,T2,40,Normal,Sinhala,Any,Yes,Yes,Yes,Red meat
9,T2,38,Normal,Sinhala,Vegetarian,No,No,No,None
4,T2,35,Normal,Sinhala,Vegetarian,No,No,Yes,None
3,T2,39,Normal,Sinhala,Vegetarian,No,Yes,No,None
1,T2,39,Normal,Sinhala,Vegetarian,No,Yes,Yes,None
2,T2,39,Normal,Sinhala,Vegetarian,Yes,No,No,None
1,T2,38,Normal,Sinhala,Vegetarian,Yes,No,Yes,None
1,T2,40,Normal,Sinhala,Vegetarian,Yes,Yes,No,None
1,T2,36,Normal,Sinhala,Vegetarian,Yes,Yes,Yes,None
5,T2,37,Normal,Sinhala,Vegetarian,No,No,No,Shellfish
4,T2,38,Normal,Sinhala,Vegetarian,No,No,Yes,Shellfish
3,T2,39,Normal,Sinhala,Vegetarian,No,Yes,No,Shellfish
1,T2,39,Normal,Sinhala,Vegetarian,No,Yes,Yes,Shellfish
2,T2,37,Normal,Sinhala,Vegetarian,Yes,No,No,Shellfish
1,T2,39,Normal,Sinhala,Vegetarian,Yes,No,Yes,Shellfish
1,T2,36,Normal,Sinhala,Vegetarian,Yes,Yes,No,Shellfish
1,T2,40,Normal,Sinhala,Vegetarian,Yes,Yes,Yes,Shellfish
5,T2,36,Normal,Sinhala,Vegetarian,No,No,No,Red meat
4,T2,35,Normal,Sinhala,Vegetarian,No,No,Yes,Red meat
3,T2,38,Normal,Sinhala,Vegetarian,No,Yes,No,Red meat
1,T2,38,Normal,Sinhala,Vegetarian,No,Yes,Yes,Red meat
2,T2,35,Normal,Sinhala,Vegetarian,Yes,No,No,Red meat
1,T2,37,Normal,Sinhala,Vegetarian,Yes,No,Yes,Red meat
1,T2,39,Normal,Sinhala,Vegetarian,Yes,Yes,No,Red meat
1,T2,41,Normal,Sinhala,Vegetarian,Yes,Yes,Yes,Red meat
8,T2,39,Normal,Tamil,Any,No,No,No,None
4,T2,40,Normal,Tamil,Any,No,No,Yes,None
3,T2,40,Normal,Tamil,Any,No,Yes,No,None
1,T2,36,Normal,Tamil,Any,No,Yes,Yes,None
2,T2,36,Normal,Tamil,Any,Yes,No,No,None
1,T2,35,Normal,Tamil,Any,Yes,No,Yes,None
1,T2,40,Normal,Tamil,Any,Yes,Yes,No,None
1,T2,39,Normal,Tamil,Any,Yes,Yes,Yes,None
5,T2,40,Normal,Tamil,Any,No,No,No,Shellfish
4,T2,41,Normal,Tamil,Any,No,No,Yes,Shellfish
3,T2,40,Normal,Tamil,Any,No,Yes,No,Shellfish
1,T2,41,Normal,Tamil,Any,No,Yes,Yes,Shellfish
2,T2,40,Normal,Tamil,Any,Yes,No,No,Shellfish
1,T2,35,Normal,Tamil,Any,Yes,No,Yes,Shellfish
1,T2,41,Normal,Tamil,Any,Yes,Yes,No,Shellfish
1,T2,36,Normal,Tamil,Any,Yes,Yes,Yes,Shellfish
5,T2,36,Normal,Tamil,Any,No,No,No,Red meat
4,T2,40,Normal,Tamil,Any,No,No,Yes,Red meat
3,T2,37,Normal,Tamil,Any,No,Yes,No,Red meat
1,T2,35,Normal,Tamil,Any,No,Yes,Yes,Red meat
2,T2,39,Normal,Tamil,Any,Yes,No,No,Red meat
1,T2,39,Normal,Tamil,Any,Yes,No,Yes,Red meat
1,T2,35,Normal,Tamil,Any,Yes,Yes,No,Red meat
1,T2,39,Normal,Tamil,Any,Yes,Yes,Yes,Red meat
9,T2,38,Normal,Tamil,Vegetarian,No,No,No,None
4,T2,36,Normal,Tamil,Vegetarian,No,No,Yes,None
3,T2,38,Normal,Tamil,Vegetarian,No,Yes,No,None
1,T2,39,Normal,Tamil,Vegetarian,No,Yes,Yes,None
2,T2,41,Normal,Tamil,Vegetarian,Yes,No,No,None
1,T2,39,Normal,Tamil,Vegetarian,Yes,No,Yes,None
1,T2,37,Normal,Tamil,Vegetarian,Yes,Yes,No,None
1,T2,40,Normal,Tamil,Vegetarian,Yes,Yes,Yes,None
5,T2,41,Normal,Tamil,Vegetarian,No,No,No,Shellfish
4,T2,35,Normal,Tamil,Vegetarian,No,No,Yes,Shellfish
3,T2,41,Normal,Tamil,Vegetarian,No,Yes,No,Shellfish
1,T2,40,Normal,Tamil,Vegetarian,No,Yes,Yes,Shellfish
2,T2,35,Normal,Tamil,Vegetarian,Yes,No,No,Shellfish
1,T2,39,Normal,Tamil,Vegetarian,Yes,No,Yes,Shellfish
1,T2,41,Normal,Tamil,Vegetarian,Yes,Yes,No,Shellfish
1,T2,35,Normal,Tamil,Vegetarian,Yes,Yes,Yes,Shellfish
5,T2,35,Normal,Tamil,Vegetarian,No,No,No,Red meat
4,T2,38,Normal,Tamil,Vegetarian,No,No,Yes,Red meat
3,T2,37,Normal,Tamil,Vegetarian,No,Yes,No,Red meat
1,T2,40,Normal,Tamil,Vegetarian,No,Yes,Yes,Red meat
2,T2,37,Normal,Tamil,Vegetarian,Yes,No,No,Red meat
1,T2,38,Normal,Tamil,Vegetarian,Yes,No,Yes,Red meat
1,T2,37,Normal,Tamil,Vegetarian,Yes,Yes,No,Red meat
1,T2,37,Normal,Tamil,Vegetarian,Yes,Yes,Yes,Red meat
8,T2,35,Normal,Muslim,Any,No,No,No,None
4,T2,37,Normal,Muslim,Any,No,No,Yes,None
3,T2,37,Normal,Muslim,Any,No,Yes,No,None
1,T2,41,Normal,Muslim,Any,No,Yes,Yes,None
2,T2,39,Normal,Muslim,Any,Yes,No,No,None
1,T2,35,Normal,Muslim,Any,Yes,No,Yes,None
1,T2,35,Normal,Muslim,Any,Yes,Yes,No,None
1,T2,38,Normal,Muslim,Any,Yes,Yes,Yes,None
5,T2,36,Normal,Muslim,Any,No,No,No,Shellfish
4,T2,35,Normal,Muslim,Any,No,No,Yes,Shellfish
3,T2,41,Normal,Muslim,Any,No,Yes,No,Shellfish
1,T2,37,Normal,Muslim,Any,No,Yes,Yes,Shellfish
2,T2,41,Normal,Muslim,Any,Yes,No,No,Shellfish
1,T2,38,Normal,Muslim,Any,Yes,No,Yes,Shellfish
1,T2,38,Normal,Muslim,Any,Yes,Yes,No,Shellfish
1,T2,35,Normal,Muslim,Any,Yes,Yes,Yes,Shellfish
5,T2,37,Normal,Muslim,Any,No,No,No,Red meat
4,T2,36,Normal,Muslim,Any,No,No,Yes,Red meat
3,T2,37,Normal,Muslim,Any,No,Yes,No,Red meat
1,T2,35,Normal,Muslim,Any,No,Yes,Yes,Red meat
2,T2,35,Normal,Muslim,Any,Yes,No,No,Red meat
1,T2,35,Normal,Muslim,Any,Yes,No,Yes,Red meat
1,T2,35,Normal,Muslim,Any,Yes,Yes,No,Red meat
1,T2,38,Normal,Muslim,Any,Yes,Yes,Yes,Red meat
9,T2,36,Normal,Muslim,Vegetarian,No,No,No,None
4,T2,38,Normal,Muslim,Vegetarian,No,No,Yes,None
3,T2,38,Normal,Muslim,Vegetarian,No,Yes,No,None
1,T2,37,Normal,Muslim,Vegetarian,No,Yes,Yes,None
2,T2,37,Normal,Muslim,Vegetarian,Yes,No,No,None
1,T2,36,Normal,Muslim,Vegetarian,Yes,No,Yes,None
1,T2,37,Normal,Muslim,Vegetarian,Yes,Yes,No,None
1,T2,36,Normal,Muslim,Vegetarian,Yes,Yes,Yes,None
5,T2,36,Normal,Muslim,Vegetarian,No,No,No,Shellfish
4,T2,35,Normal,Muslim,Vegetarian,No,No,Yes,Shellfish
3,T2,37,Normal,Muslim,Vegetarian,No,Yes,No,Shellfish
1,T2,37,Normal,Muslim,Vegetarian,No,Yes,Yes,Shellfish
2,T2,40,Normal,Muslim,Vegetarian,Yes,No,No,Shellfish
1,T2,38,Normal,Muslim,Vegetarian,Yes,No,Yes,Shellfish
1,T2,35,Normal,Muslim,Vegetarian,Yes,Yes,No,Shellfish
1,T2,35,Normal,Muslim,Vegetarian,Yes,Yes,Yes,Shellfish
5,T2,36,Normal,Muslim,Vegetarian,No,No,No,Red meat
4,T2,41,Normal,Muslim,Vegetarian,No,No,Yes,Red meat
3,T2,35,Normal,Muslim,Vegetarian,No,Yes,No,Red meat
1,T2,41,Normal,Muslim,Vegetarian,No,Yes,Yes,Red meat
2,T2,35,Normal,Muslim,Vegetarian,Yes,No,No,Red meat
1,T2,38,Normal,Muslim,Vegetarian,Yes,No,Yes,Red meat
1,T2,41,Normal,Muslim,Vegetarian,Yes,Yes,No,Red meat
1,T2,38,Normal,Muslim,Vegetarian,Yes,Yes,Yes,Red meat
8,T2,37,Overweight,Sinhala,Any,No,No,No,None
4,T2,41,Overweight,Sinhala,Any,No,No,Yes,None
3,T2,37,Overweight,Sinhala,Any,No,Yes,No,None
1,T2,40,Overweight,Sinhala,Any,No,Yes,Yes,None
2,T2,37,Overweight,Sinhala,Any,Yes,No,No,None
1,T2,37,Overweight,Sinhala,Any,Yes,No,Yes,None
1,T2,36,Overweight,Sinhala,Any,Yes,Yes,No,None
1,T2,35,Overweight,Sinhala,Any,Yes,Yes,Yes,None
5,T2,36,Overweight,Sinhala,Any,No,No,No,Shellfish
4,T2,35,Overweight,Sinhala,Any,No,No,Yes,Shellfish
3,T2,38,Overweight,Sinhala,Any,No,Yes,No,Shellfish
1,T2,36,Overweight,Sinhala,Any,No,Yes,Yes,Shellfish
2,T2,36,Overweight,Sinhala,Any,Yes,No,No,Shellfish
1,T2,39,Overweight,Sinhala,Any,Yes,No,Yes,Shellfish
1,T2,35,Overweight,Sinhala,Any,Yes,Yes,No,Shellfish
1,T2,41,Overweight,Sinhala,Any,Yes,Yes,Yes,Shellfish
5,T2,40,Overweight,Sinhala,Any,No,No,No,Red meat
4,T2,41,Overweight,Sinhala,Any,No,No,Yes,Red meat
3,T2,41,Overweight,Sinhala,Any,No,Yes,No,Red meat
1,T2,41,Overweight,Sinhala,Any,No,Yes,Yes,Red meat
2,T2,39,Overweight,Sinhala,Any,Yes,No,No,Red meat
1,T2,36,Overweight,Sinhala,Any,Yes,No,Yes,Red meat
1,T2,36,Overweight,Sinhala,Any,Yes,Yes,No,Red meat
1,T2,37,Overweight,Sinhala,Any,Yes,Yes,Yes,Red meat
9,T2,35,Overweight,Sinhala,Vegetarian,No,No,No,None
4,T2,39,Overweight,Sinhala,Vegetarian,No,No,Yes,None
3,T2,36,Overweight,Sinhala,Vegetarian,No,Yes,No,None
1,T2,38,Overweight,Sinhala,Vegetarian,No,Yes,Yes,None
2,T2,38,Overweight,Sinhala,Vegetarian,Yes,No,No,None
1,T2,39,Overweight,Sinhala,Vegetarian,Yes,No,Yes,None
1,T2,38,Overweight,Sinhala,Vegetarian,Yes,Yes,No,None
1,T2,39,Overweight,Sinhala,Vegetarian,Yes,Yes,Yes,None
5,T2,40,Overweight,Sinhala,Vegetarian,No,No,No,Shellfish
4,T2,40,Overweight,Sinhala,Vegetarian,No,No,Yes,Shellfish
3,T2,39,Overweight,Sinhala,Vegetarian,No,Yes,No,Shellfish
1,T2,36,Overweight,Sinhala,Vegetarian,No,Yes,Yes,Shellfish
2,T2,41,Overweight,Sinhala,Vegetarian,Yes,No,No,Shellfish
1,T2,36,Overweight,Sinhala,Vegetarian,Yes,No,Yes,Shellfish
1,T2,41,Overweight,Sinhala,Vegetarian,Yes,Yes,No,Shellfish
1,T2,40,Overweight,Sinhala,Vegetarian,Yes,Yes,Yes,Shellfish
5,T2,35,Overweight,Sinhala,Vegetarian,No,No,No,Red meat
4,T2,37,Overweight,Sinhala,Vegetarian,No,No,Yes,Red meat
3,T2,35,Overweight,Sinhala,Vegetarian,No,Yes,No,Red meat
1,T2,36,Overweight,Sinhala,Vegetarian,No,Yes,Yes,Red meat
2,T2,38,Overweight,Sinhala,Vegetarian,Yes,No,No,Red meat
1,T2,39,Overweight,Sinhala,Vegetarian,Yes,No,Yes,Red meat
1,T2,39,Overweight,Sinhala,Vegetarian,Yes,Yes,No,Red meat
1,T2,36,Overweight,Sinhala,Vegetarian,Yes,Yes,Yes,Red meat
8,T2,41,Overweight,Tamil,Any,No,No,No,None
4,T2,37,Overweight,Tamil,Any,No,No,Yes,None
3,T2,39,Overweight,Tamil,Any,No,Yes,No,None
1,T2,39,Overweight,Tamil,Any,No,Yes,Yes,None
2,T2,35,Overweight,Tamil,Any,Yes,No,No,None
1,T2,35,Overweight,Tamil,Any,Yes,No,Yes,None
1,T2,38,Overweight,Tamil,Any,Yes,Yes,No,None
1,T2,40,Overweight,Tamil,Any,Yes,Yes,Yes,None
5,T2,37,Overweight,Tamil,Any,No,No,No,Shellfish
4,T2,37,Overweight,Tamil,Any,No,No,Yes,Shellfish
3,T2,41,Overweight,Tamil,Any,No,Yes,No,Shellfish
1,T2,35,Overweight,Tamil,Any,No,Yes,Yes,Shellfish
2,T2,41,Overweight,Tamil,Any,Yes,No,No,Shellfish
1,T2,39,Overweight,Tamil,Any,Yes,No,Yes,Shellfish
1,T2,41,Overweight,Tamil,Any,Yes,Yes,No,Shellfish
1,T2,39,Overweight,Tamil,Any,Yes,Yes,Yes,Shellfish
5,T2,36,Overweight,Tamil,Any,No,No,No,Red meat
4,T2,37,Overweight,Tamil,Any,No,No,Yes,Red meat
3,T2,38,Overweight,Tamil,Any,No,Yes,No,Red meat
1,T2,36,Overweight,Tamil,Any,No,Yes,Yes,Red meat
2,T2,41,Overweight,Tamil,Any,Yes,No,No,Red meat
1,T2,41,Overweight,Tamil,Any,Yes,No,Yes,Red meat
1,T2,36,Overweight,Tamil,Any,Yes,Yes,No,Red meat
1,T2,38,Overweight,Tamil,Any,Yes,Yes,Yes,Red meat
9,T2,38,Overweight,Tamil,Vegetarian,No,No,No,None
4,T2,36,Overweight,Tamil,Vegetarian,No,No,Yes,None
3,T2,36,Overweight,Tamil,Vegetarian,No,Yes,No,None
1,T2,38,Overweight,Tamil,Vegetarian,No,Yes,Yes,None
2,T2,40,Overweight,Tamil,Vegetarian,Yes,No,No,None
1,T2,38,Overweight,Tamil,Vegetarian,Yes,No,Yes,None
1,T2,37,Overweight,Tamil,Vegetarian,Yes,Yes,No,None
1,T2,38,Overweight,Tamil,Vegetarian,Yes,Yes,Yes,None
5,T2,36,Overweight,Tamil,Vegetarian,No,No,No,Shellfish
4,T2,39,Overweight,Tamil,Vegetarian,No,No,Yes,Shellfish
3,T2,41,Overweight,Tamil,Vegetarian,No,Yes,No,Shellfish
1,T2,35,Overweight,Tamil,Vegetarian,No,Yes,Yes,Shellfish
2,T2,35,Overweight,Tamil,Vegetarian,Yes,No,No,Shellfish
1,T2,38,Overweight,Tamil,Vegetarian,Yes,No,Yes,Shellfish
1,T2,41,Overweight,Tamil,Vegetarian,Yes,Yes,No,Shellfish
1,T2,41,Overweight,Tamil,Vegetarian,Yes,Yes,Yes,Shellfish
5,T2,41,Overweight,Tamil,Vegetarian,No,No,No,Red meat
4,T2,35,Overweight,Tamil,Vegetarian,No,No,Yes,Red meat
3,T2,37,Overweight,Tamil,Vegetarian,No,Yes,No,Red meat
1,T2,41,Overweight,Tamil,Vegetarian,No,Yes,Yes,Red meat
2,T2,35,Overweight,Tamil,Vegetarian,Yes,No,No,Red meat
1,T2,35,Overweight,Tamil,Vegetarian,Yes,No,Yes,Red meat
1,T2,35,Overweight,Tamil,Vegetarian,Yes,Yes,No,Red meat
1,T2,39,Overweight,Tamil,Vegetarian,Yes,Yes,Yes,Red meat
8,T2,36,Overweight,Muslim,Any,No,No,No,None
4,T2,35,Overweight,Muslim,Any,No,No,Yes,None
3,T2,39,Overweight,Muslim,Any,No,Yes,No,None
1,T2,41,Overweight,Muslim,Any,No,Yes,Yes,None
2,T2,37,Overweight,Muslim,Any,Yes,No,No,None
1,T2,41,Overweight,Muslim,Any,Yes,No,Yes,None
1,T2,40,Overweight,Muslim,Any,Yes,Yes,No,None
1,T2,40,Overweight,Muslim,Any,Yes,Yes,Yes,None
5,T2,40,Overweight,Muslim,Any,No,No,No,Shellfish
4,T2,38,Overweight,Muslim,Any,No,No,Yes,Shellfish
3,T2,35,Overweight,Muslim,Any,No,Yes,No,Shellfish
1,T2,37,Overweight,Muslim,Any,No,Yes,Yes,Shellfish
2,T2,39,Overweight,Muslim,Any,Yes,No,No,Shellfish
1,T2,37,Overweight,Muslim,Any,Yes,No,Yes,Shellfish
1,T2,39,Overweight,Muslim,Any,Yes,Yes,No,Shellfish
1,T2,41,Overweight,Muslim,Any,Yes,Yes,Yes,Shellfish
5,T2,36,Overweight,Muslim,Any,No,No,No,Red meat
4,T2,38,Overweight,Muslim,Any,No,No,Yes,Red meat
3,T2,38,Overweight,Muslim,Any,No,Yes,No,Red meat
1,T2,38,Overweight,Muslim,Any,No,Yes,Yes,Red meat
2,T2,41,Overweight,Muslim,Any,Yes,No,No,Red meat
1,T2,37,Overweight,Muslim,Any,Yes,No,Yes,Red meat
1,T2,35,Overweight,Muslim,Any,Yes,Yes,No,Red meat
1,T2,37,Overweight,Muslim,Any,Yes,Yes,Yes,Red meat
9,T2,39,Overweight,Muslim,Vegetarian,No,No,No,None
4,T2,37,Overweight,Muslim,Vegetarian,No,No,Yes,None
3,T2,39,Overweight,Muslim,Vegetarian,No,Yes,No,None
1,T2,38,Overweight,Muslim,Vegetarian,No,Yes,Yes,None
2,T2,38,Overweight,Muslim,Vegetarian,Yes,No,No,None
1,T2,38,Overweight,Muslim,Vegetarian,Yes,No,Yes,None
1,T2,38,Overweight,Muslim,Vegetarian,Yes,Yes,No,None
1,T2,41,Overweight,Muslim,Vegetarian,Yes,Yes,Yes,None
5,T2,41,Overweight,Muslim,Vegetarian,No,No,No,Shellfish
4,T2,35,Overweight,Muslim,Vegetarian,No,No,Yes,Shellfish
3,T2,35,Overweight,Muslim,Vegetarian,No,Yes,No,Shellfish
1,T2,39,Overweight,Muslim,Vegetarian,No,Yes,Yes,Shellfish
2,T2,35,Overweight,Muslim,Vegetarian,Yes,No,No,Shellfish
1,T2,37,Overweight,Muslim,Vegetarian,Yes,No,Yes,Shellfish
1,T2,40,Overweight,Muslim,Vegetarian,Yes,Yes,No,Shellfish
1,T2,36,Overweight,Muslim,Vegetarian,Yes,Yes,Yes,Shellfish
5,T2,35,Overweight,Muslim,Vegetarian,No,No,No,Red meat
4,T2,40,Overweight,Muslim,Vegetarian,No,No,Yes,Red meat
3,T2,40,Overweight,Muslim,Vegetarian,No,Yes,No,Red meat
1,T2,40,Overweight,Muslim,Vegetarian,No,Yes,Yes,Red meat
2,T2,39,Overweight,Muslim,Vegetarian,Yes,No,No,Red meat
1,T2,36,Overweight,Muslim,Vegetarian,Yes,No,Yes,Red meat
1,T2,36,Overweight,Muslim,Vegetarian,Yes,Yes,No,Red meat
1,T2,37,Overweight,Muslim,Vegetarian,Yes,Yes,Yes,Red meat
7,T2,39,Obese,Sinhala,Any,No,No,No,None
4,T2,41,Obese,Sinhala,Any,No,No,Yes,None
3,T2,36,Obese,Sinhala,Any,No,Yes,No,None
1,T2,35,Obese,Sinhala,Any,No,Yes,Yes,None
2,T2,37,Obese,Sinhala,Any,Yes,No,No,None
1,T2,36,Obese,Sinhala,Any,Yes,No,Yes,None
1,T2,41,Obese,Sinhala,Any,Yes,Yes,No,None
1,T2,38,Obese,Sinhala,Any,Yes,Yes,Yes,None
5,T2,41,Obese,Sinhala,Any,No,No,No,Shellfish
4,T2,37,Obese,Sinhala,Any,No,No,Yes,Shellfish
3,T2,41,Obese,Sinhala,Any,No,Yes,No,Shellfish
1,T2,38,Obese,Sinhala,Any,No,Yes,Yes,Shellfish
2,T2,36,Obese,Sinhala,Any,Yes,No,No,Shellfish
1,T2,35,Obese,Sinhala,Any,Yes,No,Yes,Shellfish
1,T2,41,Obese,Sinhala,Any,Yes,Yes,No,Shellfish
1,T2,39,Obese,Sinhala,Any,Yes,Yes,Yes,Shellfish
5,T2,35,Obese,Sinhala,Any,No,No,No,Red meat
4,T2,39,Obese,Sinhala,Any,No,No,Yes,Red meat
3,T2,41,Obese,Sinhala,Any,No,Yes,No,Red meat
1,T2,37,Obese,Sinhala,Any,No,Yes,Yes,Red meat
2,T2,37,Obese,Sinhala,Any,Yes,No,No,Red meat
1,T2,41,Obese,Sinhala,Any,Yes,No,Yes,Red meat
1,T2,41,Obese,Sinhala,Any,Yes,Yes,No,Red meat
1,T2,40,Obese,Sinhala,Any,Yes,Yes,Yes,Red meat
7,T2,36,Obese,Sinhala,Vegetarian,No,No,No,None
4,T2,41,Obese,Sinhala,Vegetarian,No,No,Yes,None
3,T2,39,Obese,Sinhala,Vegetarian,No,Yes,No,None
1,T2,41,Obese,Sinhala,Vegetarian,No,Yes,Yes,None
2,T2,41,Obese,Sinhala,Vegetarian,Yes,No,No,None
1,T2,36,Obese,Sinhala,Vegetarian,Yes,No,Yes,None
1,T2,38,Obese,Sinhala,Vegetarian,Yes,Yes,No,None
1,T2,39,Obese,Sinhala,Vegetarian,Yes,Yes,Yes,None
5,T2,38,Obese,Sinhala,Vegetarian,No,No,No,Shellfish
4,T2,35,Obese,Sinhala,Vegetarian,No,No,Yes,Shellfish
3,T2,36,Obese,Sinhala,Vegetarian,No,Yes,No,Shellfish
1,T2,38,Obese,Sinhala,Vegetarian,No,Yes,Yes,Shellfish
2,T2,35,Obese,Sinhala,Vegetarian,Yes,No,No,Shellfish
1,T2,36,Obese,Sinhala,Vegetarian,Yes,No,Yes,Shellfish
1,T2,36,Obese,Sinhala,Vegetarian,Yes,Yes,No,Shellfish
1,T2,38,Obese,Sinhala,Vegetarian,Yes,Yes,Yes,Shellfish
5,T2,40,Obese,Sinhala,Vegetarian,No,No,No,Red meat
4,T2,40,Obese,Sinhala,Vegetarian,No,No,Yes,Red meat
3,T2,37,Obese,Sinhala,Vegetarian,No,Yes,No,Red meat
1,T2,39,Obese,Sinhala,Vegetarian,No,Yes,Yes,Red meat
2,T2,37,Obese,Sinhala,Vegetarian,Yes,No,No,Red meat
1,T2,41,Obese,Sinhala,Vegetarian,Yes,No,Yes,Red meat
1,T2,38,Obese,Sinhala,Vegetarian,Yes,Yes,No,Red meat
1,T2,38,Obese,Sinhala,Vegetarian,Yes,Yes,Yes,Red meat
7,T2,35,Obese,Tamil,Any,No,No,No,None
4,T2,36,Obese,Tamil,Any,No,No,Yes,None
3,T2,36,Obese,Tamil,Any,No,Yes,No,None
1,T2,38,Obese,Tamil,Any,No,Yes,Yes,None
2,T2,41,Obese,Tamil,Any,Yes,No,No,None
1,T2,39,Obese,Tamil,Any,Yes,No,Yes,None
1,T2,39,Obese,Tamil,Any,Yes,Yes,No,None
1,T2,38,Obese,Tamil,Any,Yes,Yes,Yes,None
5,T2,38,Obese,Tamil,Any,No,No,No,Shellfish
4,T2,38,Obese,Tamil,Any,No,No,Yes,Shellfish
3,T2,41,Obese,Tamil,Any,No,Yes,No,Shellfish
1,T2,35,Obese,Tamil,Any,No,Yes,Yes,Shellfish
2,T2,40,Obese,Tamil,Any,Yes,No,No,Shellfish
1,T2,41,Obese,Tamil,Any,Yes,No,Yes,Shellfish
1,T2,37,Obese,Tamil,Any,Yes,Yes,No,Shellfish
1,T2,41,Obese,Tamil,Any,Yes,Yes,Yes,Shellfish
5,T2,35,Obese,Tamil,Any,No,No,No,Red meat
4,T2,41,Obese,Tamil,Any,No,No,Yes,Red meat
3,T2,35,Obese,Tamil,Any,No,Yes,No,Red meat
1,T2,36,Obese,Tamil,Any,No,Yes,Yes,Red meat
2,T2,39,Obese,Tamil,Any,Yes,No,No,Red meat
1,T2,35,Obese,Tamil,Any,Yes,No,Yes,Red meat
1,T2,36,Obese,Tamil,Any,Yes,Yes,No,Red meat
1,T2,40,Obese,Tamil,Any,Yes,Yes,Yes,Red meat
7,T2,35,Obese,Tamil,Vegetarian,No,No,No,None
4,T2,36,Obese,Tamil,Vegetarian,No,No,Yes,None
3,T2,40,Obese,Tamil,Vegetarian,No,Yes,No,None
1,T2,41,Obese,Tamil,Vegetarian,No,Yes,Yes,None
2,T2,40,Obese,Tamil,Vegetarian,Yes,No,No,None
1,T2,38,Obese,Tamil,Vegetarian,Yes,No,Yes,None
1,T2,40,Obese,Tamil,Vegetarian,Yes,Yes,No,None
1,T2,37,Obese,Tamil,Vegetarian,Yes,Yes,Yes,None
5,T2,38,Obese,Tamil,Vegetarian,No,No,No,Shellfish
4,T2,38,Obese,Tamil,Vegetarian,No,No,Yes,Shellfish
3,T2,41,Obese,Tamil,Vegetarian,No,Yes,No,Shellfish
1,T2,40,Obese,Tamil,Vegetarian,No,Yes,Yes,Shellfish
2,T2,35,Obese,Tamil,Vegetarian,Yes,No,No,Shellfish
1,T2,39,Obese,Tamil,Vegetarian,Yes,No,Yes,Shellfish
1,T2,35,Obese,Tamil,Vegetarian,Yes,Yes,No,Shellfish
1,T2,37,Obese,Tamil,Vegetarian,Yes,Yes,Yes,Shellfish
5,T2,35,Obese,Tamil,Vegetarian,No,No,No,Red meat
4,T2,35,Obese,Tamil,Vegetarian,No,No,Yes,Red meat
3,T2,35,Obese,Tamil,Vegetarian,No,Yes,No,Red meat
1,T2,36,Obese,Tamil,Vegetarian,No,Yes,Yes,Red meat
2,T2,35,Obese,Tamil,Vegetarian,Yes,No,No,Red meat
1,T2,37,Obese,Tamil,Vegetarian,Yes,No,Yes,Red meat
1,T2,35,Obese,Tamil,Vegetarian,Yes,Yes,No,Red meat
1,T2,37,Obese,Tamil,Vegetarian,Yes,Yes,Yes,Red meat
7,T2,36,Obese,Muslim,Any,No,No,No,None
4,T2,40,Obese,Muslim,Any,No,No,Yes,None
3,T2,36,Obese,Muslim,Any,No,Yes,No,None
1,T2,35,Obese,Muslim,Any,No,Yes,Yes,None
2,T2,39,Obese,Muslim,Any,Yes,No,No,None
1,T2,41,Obese,Muslim,Any,Yes,No,Yes,None
1,T2,35,Obese,Muslim,Any,Yes,Yes,No,None
1,T2,36,Obese,Muslim,Any,Yes,Yes,Yes,None
5,T2,41,Obese,Muslim,Any,No,No,No,Shellfish
4,T2,41,Obese,Muslim,Any,No,No,Yes,Shellfish
3,T2,38,Obese,Muslim,Any,No,Yes,No,Shellfish
1,T2,36,Obese,Muslim,Any,No,Yes,Yes,Shellfish
2,T2,41,Obese,Muslim,Any,Yes,No,No,Shellfish
1,T2,41,Obese,Muslim,Any,Yes,No,Yes,Shellfish
1,T2,41,Obese,Muslim,Any,Yes,Yes,No,Shellfish
1,T2,41,Obese,Muslim,Any,Yes,Yes,Yes,Shellfish
5,T2,37,Obese,Muslim,Any,No,No,No,Red meat
4,T2,35,Obese,Muslim,Any,No,No,Yes,Red meat
3,T2,35,Obese,Muslim,Any,No,Yes,No,Red meat
1,T2,36,Obese,Muslim,Any,No,Yes,Yes,Red meat
2,T2,40,Obese,Muslim,Any,Yes,No,No,Red meat
1,T2,39,Obese,Muslim,Any,Yes,No,Yes,Red meat
1,T2,37,Obese,Muslim,Any,Yes,Yes,No,Red meat
1,T2,40,Obese,Muslim,Any,Yes,Yes,Yes,Red meat
7,T2,39,Obese,Muslim,Vegetarian,No,No,No,None
4,T2,41,Obese,Muslim,Vegetarian,No,No,Yes,None
3,T2,39,Obese,Muslim,Vegetarian,No,Yes,No,None
1,T2,36,Obese,Muslim,Vegetarian,No,Yes,Yes,None
2,T2,38,Obese,Muslim,Vegetarian,Yes,No,No,None
1,T2,37,Obese,Muslim,Vegetarian,Yes,No,Yes,None
1,T2,38,Obese,Muslim,Vegetarian,Yes,Yes,No,None
1,T2,36,Obese,Muslim,Vegetarian,Yes,Yes,Yes,None
5,T2,40,Obese,Muslim,Vegetarian,No,No,No,Shellfish
4,T2,41,Obese,Muslim,Vegetarian,No,No,Yes,Shellfish
3,T2,38,Obese,Muslim,Vegetarian,No,Yes,No,Shellfish
1,T2,41,Obese,Muslim,Vegetarian,No,Yes,Yes,Shellfish
2,T2,35,Obese,Muslim,Vegetarian,Yes,No,No,Shellfish
1,T2,36,Obese,Muslim,Vegetarian,Yes,No,Yes,Shellfish
1,T2,36,Obese,Muslim,Vegetarian,Yes,Yes,No,Shellfish
1,T2,36,Obese,Muslim,Vegetarian,Yes,Yes,Yes,Shellfish
5,T2,38,Obese,Muslim,Vegetarian,No,No,No,Red meat
4,T2,39,Obese,Muslim,Vegetarian,No,No,Yes,Red meat
3,T2,40,Obese,Muslim,Vegetarian,No,Yes,No,Red meat
1,T2,38,Obese,Muslim,Vegetarian,No,Yes,Yes,Red meat
2,T2,40,Obese,Muslim,Vegetarian,Yes,No,No,Red meat
1,T2,36,Obese,Muslim,Vegetarian,Yes,No,Yes,Red meat
1,T2,39,Obese,Muslim,Vegetarian,Yes,Yes,No,Red meat
1,T2,37,Obese,Muslim,Vegetarian,Yes,Yes,Yes,Red meat
6,T3,18,Underweight,Sinhala,Any,No,No,No,None
4,T3,18,Underweight,Sinhala,Any,No,No,Yes,None
3,T3,18,Underweight,Sinhala,Any,No,Yes,No,None
1,T3,19,Underweight,Sinhala,Any,No,Yes,Yes,None
2,T3,19,Underweight,Sinhala,Any,Yes,No,No,None
1,T3,19,Underweight,Sinhala,Any,Yes,No,Yes,None
1,T3,18,Underweight,Sinhala,Any,Yes,Yes,No,None
1,T3,18,Underweight,Sinhala,Any,Yes,Yes,Yes,None
5,T3,19,Underweight,Sinhala,Any,No,No,No,Shellfish
4,T3,19,Underweight,Sinhala,Any,No,No,Yes,Shellfish
3,T3,18,Underweight,Sinhala,Any,No,Yes,No,Shellfish
1,T3,18,Underweight,Sinhala,Any,No,Yes,Yes,Shellfish
2,T3,19,Underweight,Sinhala,Any,Yes,No,No,Shellfish
1,T3,18,Underweight,Sinhala,Any,Yes,No,Yes,Shellfish
1,T3,18,Underweight,Sinhala,Any,Yes,Yes,No,Shellfish
1,T3,18,Underweight,Sinhala,Any,Yes,Yes,Yes,Shellfish
5,T3,18,Underweight,Sinhala,Any,No,No,No,Red meat
4,T3,18,Underweight,Sinhala,Any,No,No,Yes,Red meat
3,T3,18,Underweight,Sinhala,Any,No,Yes,No,Red meat
1,T3,19,Underweight,Sinhala,Any,No,Yes,Yes,Red meat
2,T3,18,Underweight,Sinhala,Any,Yes,No,No,Red meat
1,T3,19,Underweight,Sinhala,Any,Yes,No,Yes,Red meat
1,T3,18,Underweight,Sinhala,Any,Yes,Yes,No,Red meat
1,T3,19,Underweight,Sinhala,Any,Yes,Yes,Yes,Red meat
6,T3,19,Underweight,Sinhala,Vegetarian,No,No,No,None
4,T3,18,Underweight,Sinhala,Vegetarian,No,No,Yes,None
3,T3,19,Underweight,Sinhala,Vegetarian,No,Yes,No,None
1,T3,19,Underweight,Sinhala,Vegetarian,No,Yes,Yes,None
2,T3,19,Underweight,Sinhala,Vegetarian,Yes,No,No,None
1,T3,18,Underweight,Sinhala,Vegetarian,Yes,No,Yes,None
1,T3,18,Underweight,Sinhala,Vegetarian,Yes,Yes,No,None
1,T3,18,Underweight,Sinhala,Vegetarian,Yes,Yes,Yes,None
5,T3,19,Underweight,Sinhala,Vegetarian,No,No,No,Shellfish
4,T3,19,Underweight,Sinhala,Vegetarian,No,No,Yes,Shellfish
3,T3,18,Underweight,Sinhala,Vegetarian,No,Yes,No,Shellfish
1,T3,19,Underweight,Sinhala,Vegetarian,No,Yes,Yes,Shellfish
2,T3,19,Underweight,Sinhala,Vegetarian,Yes,No,No,Shellfish
1,T3,19,Underweight,Sinhala,Vegetarian,Yes,No,Yes,Shellfish
1,T3,19,Underweight,Sinhala,Vegetarian,Yes,Yes,No,Shellfish
1,T3,18,Underweight,Sinhala,Vegetarian,Yes,Yes,Yes,Shellfish
5,T3,18,Underweight,Sinhala,Vegetarian,No,No,No,Red meat
4,T3,19,Underweight,Sinhala,Vegetarian,No,No,Yes,Red meat
3,T3,18,Underweight,Sinhala,Vegetarian,No,Yes,No,Red meat
1,T3,19,Underweight,Sinhala,Vegetarian,No,Yes,Yes,Red meat
2,T3,18,Underweight,Sinhala,Vegetarian,Yes,No,No,Red meat
1,T3,18,Underweight,Sinhala,Vegetarian,Yes,No,Yes,Red meat
1,T3,19,Underweight,Sinhala,Vegetarian,Yes,Yes,No,Red meat
1,T3,18,Underweight,Sinhala,Vegetarian,Yes,Yes,Yes,Red meat
6,T3,18,Underweight,Tamil,Any,No,No,No,None
4,T3,18,Underweight,Tamil,Any,No,No,Yes,None
3,T3,18,Underweight,Tamil,Any,No,Yes,No,None
1,T3,18,Underweight,Tamil,Any,No,Yes,Yes,None
2,T3,18,Underweight,Tamil,Any,Yes,No,No,None
1,T3,18,Underweight,Tamil,Any,Yes,No,Yes,None
1,T3,19,Underweight,Tamil,Any,Yes,Yes,No,None
1,T3,19,Underweight,Tamil,Any,Yes,Yes,Yes,None
5,T3,19,Underweight,Tamil,Any,No,No,No,Shellfish
4,T3,18,Underweight,Tamil,Any,No,No,Yes,Shellfish
3,T3,18,Underweight,Tamil,Any,No,Yes,No,Shellfish
1,T3,18,Underweight,Tamil,Any,No,Yes,Yes,Shellfish
2,T3,19,Underweight,Tamil,Any,Yes,No,No,Shellfish
1,T3,19,Underweight,Tamil,Any,Yes,No,Yes,Shellfish
1,T3,18,Underweight,Tamil,Any,Yes,Yes,No,Shellfish
1,T3,19,Underweight,Tamil,Any,Yes,Yes,Yes,Shellfish
5,T3,18,Underweight,Tamil,Any,No,No,No,Red meat
4,T3,19,Underweight,Tamil,Any,No,No,Yes,Red meat
3,T3,19,Underweight,Tamil,Any,No,Yes,No,Red meat
1,T3,18,Underweight,Tamil,Any,No,Yes,Yes,Red meat
2,T3,19,Underweight,Tamil,Any,Yes,No,No,Red meat
1,T3,18,Underweight,Tamil,Any,Yes,No,Yes,Red meat
1,T3,18,Underweight,Tamil,Any,Yes,Yes,No,Red meat
1,T3,19,Underweight,Tamil,Any,Yes,Yes,Yes,Red meat
6,T3,19,Underweight,Tamil,Vegetarian,No,No,No,None
4,T3,19,Underweight,Tamil,Vegetarian,No,No,Yes,None
3,T3,18,Underweight,Tamil,Vegetarian,No,Yes,No,None
1,T3,18,Underweight,Tamil,Vegetarian,No,Yes,Yes,None
2,T3,19,Underweight,Tamil,Vegetarian,Yes,No,No,None
1,T3,18,Underweight,Tamil,Vegetarian,Yes,No,Yes,None
1,T3,18,Underweight,Tamil,Vegetarian,Yes,Yes,No,None
1,T3,19,Underweight,Tamil,Vegetarian,Yes,Yes,Yes,None
5,T3,18,Underweight,Tamil,Vegetarian,No,No,No,Shellfish
4,T3,19,Underweight,Tamil,Vegetarian,No,No,Yes,Shellfish
3,T3,19,Underweight,Tamil,Vegetarian,No,Yes,No,Shellfish
1,T3,18,Underweight,Tamil,Vegetarian,No,Yes,Yes,Shellfish
2,T3,19,Underweight,Tamil,Vegetarian,Yes,No,No,Shellfish
1,T3,19,Underweight,Tamil,Vegetarian,Yes,No,Yes,Shellfish
1,T3,18,Underweight,Tamil,Vegetarian,Yes,Yes,No,Shellfish
1,T3,19,Underweight,Tamil,Vegetarian,Yes,Yes,Yes,Shellfish
5,T3,18,Underweight,Tamil,Vegetarian,No,No,No,Red meat
4,T3,19,Underweight,Tamil,Vegetarian,No,No,Yes,Red meat
3,T3,18,Underweight,Tamil,Vegetarian,No,Yes,No,Red meat
1,T3,19,Underweight,Tamil,Vegetarian,No,Yes,Yes,Red meat
2,T3,19,Underweight,Tamil,Vegetarian,Yes,No,No,Red meat
1,T3,18,Underweight,Tamil,Vegetarian,Yes,No,Yes,Red meat
1,T3,19,Underweight,Tamil,Vegetarian,Yes,Yes,No,Red meat
1,T3,18,Underweight,Tamil,Vegetarian,Yes,Yes,Yes,Red meat
6,T3,19,Underweight,Muslim,Any,No,No,No,None
4,T3,19,Underweight,Muslim,Any,No,No,Yes,None
3,T3,18,Underweight,Muslim,Any,No,Yes,No,None
1,T3,19,Underweight,Muslim,Any,No,Yes,Yes,None
2,T3,18,Underweight,Muslim,Any,Yes,No,No,None
1,T3,18,Underweight,Muslim,Any,Yes,No,Yes,None
1,T3,18,Underweight,Muslim,Any,Yes,Yes,No,None
1,T3,18,Underweight,Muslim,Any,Yes,Yes,Yes,None
5,T3,19,Underweight,Muslim,Any,No,No,No,Shellfish
4,T3,18,Underweight,Muslim,Any,No,No,Yes,Shellfish
3,T3,19,Underweight,Muslim,Any,No,Yes,No,Shellfish
1,T3,19,Underweight,Muslim,Any,No,Yes,Yes,Shellfish
2,T3,18,Underweight,Muslim,Any,Yes,No,No,Shellfish
1,T3,19,Underweight,Muslim,Any,Yes,No,Yes,Shellfish
1,T3,18,Underweight,Muslim,Any,Yes,Yes,No,Shellfish
1,T3,18,Underweight,Muslim,Any,Yes,Yes,Yes,Shellfish
5,T3,19,Underweight,Muslim,Any,No,No,No,Red meat
4,T3,18,Underweight,Muslim,Any,No,No,Yes,Red meat
3,T3,18,Underweight,Muslim,Any,No,Yes,No,Red meat
1,T3,18,Underweight,Muslim,Any,No,Yes,Yes,Red meat
2,T3,19,Underweight,Muslim,Any,Yes,No,No,Red meat
1,T3,19,Underweight,Muslim,Any,Yes,No,Yes,Red meat
1,T3,18,Underweight,Muslim,Any,Yes,Yes,No,Red meat
1,T3,18,Underweight,Muslim,Any,Yes,Yes,Yes,Red meat
6,T3,19,Underweight,Muslim,Vegetarian,No,No,No,None
4,T3,19,Underweight,Muslim,Vegetarian,No,No,Yes,None
3,T3,19,Underweight,Muslim,Vegetarian,No,Yes,No,None
1,T3,18,Underweight,Muslim,Vegetarian,No,Yes,Yes,None
2,T3,18,Underweight,Muslim,Vegetarian,Yes,No,No,None
1,T3,19,Underweight,Muslim,Vegetarian,Yes,No,Yes,None
1,T3,19,Underweight,Muslim,Vegetarian,Yes,Yes,No,None
1,T3,18,Underweight,Muslim,Vegetarian,Yes,Yes,Yes,None
5,T3,19,Underweight,Muslim,Vegetarian,No,No,No,Shellfish
4,T3,18,Underweight,Muslim,Vegetarian,No,No,Yes,Shellfish
3,T3,19,Underweight,Muslim,Vegetarian,No,Yes,No,Shellfish
1,T3,18,Underweight,Muslim,Vegetarian,No,Yes,Yes,Shellfish
2,T3,18,Underweight,Muslim,Vegetarian,Yes,No,No,Shellfish
1,T3,19,Underweight,Muslim,Vegetarian,Yes,No,Yes,Shellfish
1,T3,18,Underweight,Muslim,Vegetarian,Yes,Yes,No,Shellfish
1,T3,19,Underweight,Muslim,Vegetarian,Yes,Yes,Yes,Shellfish
5,T3,19,Underweight,Muslim,Vegetarian,No,No,No,Red meat
4,T3,19,Underweight,Muslim,Vegetarian,No,No,Yes,Red meat
3,T3,19,Underweight,Muslim,Vegetarian,No,Yes,No,Red meat
1,T3,19,Underweight,Muslim,Vegetarian,No,Yes,Yes,Red meat
2,T3,19,Underweight,Muslim,Vegetarian,Yes,No,No,Red meat
1,T3,18,Underweight,Muslim,Vegetarian,Yes,No,Yes,Red meat
1,T3,18,Underweight,Muslim,Vegetarian,Yes,Yes,No,Red meat
1,T3,19,Underweight,Muslim,Vegetarian,Yes,Yes,Yes,Red meat
10,T3,18,Normal,Sinhala,Any,No,No,No,None
4,T3,19,Normal,Sinhala,Any,No,No,Yes,None
3,T3,18,Normal,Sinhala,Any,No,Yes,No,None
1,T3,19,Normal,Sinhala,Any,No,Yes,Yes,None
2,T3,19,Normal,Sinhala,Any,Yes,No,No,None
1,T3,18,Normal,Sinhala,Any,Yes,No,Yes,None
1,T3,19,Normal,Sinhala,Any,Yes,Yes,No,None
1,T3,19,Normal,Sinhala,Any,Yes,Yes,Yes,None
5,T3,18,Normal,Sinhala,Any,No,No,No,Shellfish
4,T3,19,Normal,Sinhala,Any,No,No,Yes,Shellfish
3,T3,19,Normal,Sinhala,Any,No,Yes,No,Shellfish
1,T3,19,Normal,Sinhala,Any,No,Yes,Yes,Shellfish
2,T3,19,Normal,Sinhala,Any,Yes,No,No,Shellfish
1,T3,18,Normal,Sinhala,Any,Yes,No,Yes,Shellfish
1,T3,19,Normal,Sinhala,Any,Yes,Yes,No,Shellfish
1,T3,18,Normal,Sinhala,Any,Yes,Yes,Yes,Shellfish
5,T3,18,Normal,Sinhala,Any,No,No,No,Red meat
4,T3,18,Normal,Sinhala,Any,No,No,Yes,Red meat
3,T3,19,Normal,Sinhala,Any,No,Yes,No,Red meat
1,T3,19,Normal,Sinhala,Any,No,Yes,Yes,Red meat
2,T3,19,Normal,Sinhala,Any,Yes,No,No,Red meat
1,T3,19,Normal,Sinhala,Any,Yes,No,Yes,Red meat
1,T3,19,Normal,Sinhala,Any,Yes,Yes,No,Red meat
1,T3,18,Normal,Sinhala,Any,Yes,Yes,Yes,Red meat
10,T3,18,Normal,Sinhala,Vegetarian,No,No,No,None
4,T3,18,Normal,Sinhala,Vegetarian,No,No,Yes,None
3,T3,18,Normal,Sinhala,Vegetarian,No,Yes,No,None
1,T3,18,Normal,Sinhala,Vegetarian,No,Yes,Yes,None
2,T3,19,Normal,Sinhala,Vegetarian,Yes,No,No,None
1,T3,19,Normal,Sinhala,Vegetarian,Yes,No,Yes,None
1,T3,19,Normal,Sinhala,Vegetarian,Yes,Yes,No,None
1,T3,18,Normal,Sinhala,Vegetarian,Yes,Yes,Yes,None
5,T3,18,Normal,Sinhala,Vegetarian,No,No,No,Shellfish
4,T3,18,Normal,Sinhala,Vegetarian,No,No,Yes,Shellfish
3,T3,19,Normal,Sinhala,Vegetarian,No,Yes,No,Shellfish
1,T3,19,Normal,Sinhala,Vegetarian,No,Yes,Yes,Shellfish
2,T3,19,Normal,Sinhala,Vegetarian,Yes,No,No,Shellfish
1,T3,19,Normal,Sinhala,Vegetarian,Yes,No,Yes,Shellfish
1,T3,19,Normal,Sinhala,Vegetarian,Yes,Yes,No,Shellfish
1,T3,18,Normal,Sinhala,Vegetarian,Yes,Yes,Yes,Shellfish
5,T3,18,Normal,Sinhala,Vegetarian,No,No,No,Red meat
4,T3,19,Normal,Sinhala,Vegetarian,No,No,Yes,Red meat
3,T3,18,Normal,Sinhala,Vegetarian,No,Yes,No,Red meat
1,T3,18,Normal,Sinhala,Vegetarian,No,Yes,Yes,Red meat
2,T3,19,Normal,Sinhala,Vegetarian,Yes,No,No,Red meat
1,T3,19,Normal,Sinhala,Vegetarian,Yes,No,Yes,Red meat
1,T3,19,Normal,Sinhala,Vegetarian,Yes,Yes,No,Red meat
1,T3,19,Normal,Sinhala,Vegetarian,Yes,Yes,Yes,Red meat
10,T3,18,Normal,Tamil,Any,No,No,No,None
4,T3,18,Normal,Tamil,Any,No,No,Yes,None
3,T3,18,Normal,Tamil,Any,No,Yes,No,None
1,T3,18,Normal,Tamil,Any,No,Yes,Yes,None
2,T3,18,Normal,Tamil,Any,Yes,No,No,None
1,T3,19,Normal,Tamil,Any,Yes,No,Yes,None
1,T3,19,Normal,Tamil,Any,Yes,Yes,No,None
1,T3,18,Normal,Tamil,Any,Yes,Yes,Yes,None
5,T3,18,Normal,Tamil,Any,No,No,No,Shellfish
4,T3,18,Normal,Tamil,Any,No,No,Yes,Shellfish
3,T3,19,Normal,Tamil,Any,No,Yes,No,Shellfish
1,T3,19,Normal,Tamil,Any,No,Yes,Yes,Shellfish
2,T3,18,Normal,Tamil,Any,Yes,No,No,Shellfish
1,T3,18,Normal,Tamil,Any,Yes,No,Yes,Shellfish
1,T3,18,Normal,Tamil,Any,Yes,Yes,No,Shellfish
1,T3,18,Normal,Tamil,Any,Yes,Yes,Yes,Shellfish
5,T3,19,Normal,Tamil,Any,No,No,No,Red meat
4,T3,18,Normal,Tamil,Any,No,No,Yes,Red meat
3,T3,18,Normal,Tamil,Any,No,Yes,No,Red meat
1,T3,19,Normal,Tamil,Any,No,Yes,Yes,Red meat
2,T3,18,Normal,Tamil,Any,Yes,No,No,Red meat
1,T3,18,Normal,Tamil,Any,Yes,No,Yes,Red meat
1,T3,18,Normal,Tamil,Any,Yes,Yes,No,Red meat
1,T3,19,Normal,Tamil,Any,Yes,Yes,Yes,Red meat
10,T3,19,Normal,Tamil,Vegetarian,No,No,No,None
4,T3,19,Normal,Tamil,Vegetarian,No,No,Yes,None
3,T3,18,Normal,Tamil,Vegetarian,No,Yes,No,None
1,T3,18,Normal,Tamil,Vegetarian,No,Yes,Yes,None
2,T3,19,Normal,Tamil,Vegetarian,Yes,No,No,None
1,T3,18,Normal,Tamil,Vegetarian,Yes,No,Yes,None
1,T3,18,Normal,Tamil,Vegetarian,Yes,Yes,No,None
1,T3,18,Normal,Tamil,Vegetarian,Yes,Yes,Yes,None
5,T3,19,Normal,Tamil,Vegetarian,No,No,No,Shellfish
4,T3,18,Normal,Tamil,Vegetarian,No,No,Yes,Shellfish
3,T3,19,Normal,Tamil,Vegetarian,No,Yes,No,Shellfish
1,T3,19,Normal,Tamil,Vegetarian,No,Yes,Yes,Shellfish
2,T3,18,Normal,Tamil,Vegetarian,Yes,No,No,Shellfish
1,T3,18,Normal,Tamil,Vegetarian,Yes,No,Yes,Shellfish
1,T3,18,Normal,Tamil,Vegetarian,Yes,Yes,No,Shellfish
1,T3,18,Normal,Tamil,Vegetarian,Yes,Yes,Yes,Shellfish
5,T3,19,Normal,Tamil,Vegetarian,No,No,No,Red meat
4,T3,18,Normal,Tamil,Vegetarian,No,No,Yes,Red meat
3,T3,19,Normal,Tamil,Vegetarian,No,Yes,No,Red meat
1,T3,18,Normal,Tamil,Vegetarian,No,Yes,Yes,Red meat
2,T3,19,Normal,Tamil,Vegetarian,Yes,No,No,Red meat
1,T3,18,Normal,Tamil,Vegetarian,Yes,No,Yes,Red meat
1,T3,19,Normal,Tamil,Vegetarian,Yes,Yes,No,Red meat
1,T3,18,Normal,Tamil,Vegetarian,Yes,Yes,Yes,Red meat
10,T3,19,Normal,Muslim,Any,No,No,No,None
4,T3,19,Normal,Muslim,Any,No,No,Yes,None
3,T3,19,Normal,Muslim,Any,No,Yes,No,None
1,T3,18,Normal,Muslim,Any,No,Yes,Yes,None
2,T3,19,Normal,Muslim,Any,Yes,No,No,None
1,T3,18,Normal,Muslim,Any,Yes,No,Yes,None
1,T3,19,Normal,Muslim,Any,Yes,Yes,No,None
1,T3,18,Normal,Muslim,Any,Yes,Yes,Yes,None
5,T3,19,Normal,Muslim,Any,No,No,No,Shellfish
4,T3,19,Normal,Muslim,Any,No,No,Yes,Shellfish
3,T3,18,Normal,Muslim,Any,No,Yes,No,Shellfish
1,T3,19,Normal,Muslim,Any,No,Yes,Yes,Shellfish
2,T3,18,Normal,Muslim,Any,Yes,No,No,Shellfish
1,T3,19,Normal,Muslim,Any,Yes,No,Yes,Shellfish
1,T3,19,Normal,Muslim,Any,Yes,Yes,No,Shellfish
1,T3,18,Normal,Muslim,Any,Yes,Yes,Yes,Shellfish
5,T3,19,Normal,Muslim,Any,No,No,No,Red meat
4,T3,18,Normal,Muslim,Any,No,No,Yes,Red meat
3,T3,18,Normal,Muslim,Any,No,Yes,No,Red meat
1,T3,18,Normal,Muslim,Any,No,Yes,Yes,Red meat
2,T3,18,Normal,Muslim,Any,Yes,No,No,Red meat
1,T3,18,Normal,Muslim,Any,Yes,No,Yes,Red meat
1,T3,18,Normal,Muslim,Any,Yes,Yes,No,Red meat
1,T3,19,Normal,Muslim,Any,Yes,Yes,Yes,Red meat
10,T3,19,Normal,Muslim,Vegetarian,No,No,No,None
4,T3,18,Normal,Muslim,Vegetarian,No,No,Yes,None
3,T3,18,Normal,Muslim,Vegetarian,No,Yes,No,None
1,T3,18,Normal,Muslim,Vegetarian,No,Yes,Yes,None
2,T3,19,Normal,Muslim,Vegetarian,Yes,No,No,None
1,T3,18,Normal,Muslim,Vegetarian,Yes,No,Yes,None
1,T3,18,Normal,Muslim,Vegetarian,Yes,Yes,No,None
1,T3,19,Normal,Muslim,Vegetarian,Yes,Yes,Yes,None
5,T3,19,Normal,Muslim,Vegetarian,No,No,No,Shellfish
4,T3,19,Normal,Muslim,Vegetarian,No,No,Yes,Shellfish
3,T3,18,Normal,Muslim,Vegetarian,No,Yes,No,Shellfish
1,T3,19,Normal,Muslim,Vegetarian,No,Yes,Yes,Shellfish
2,T3,18,Normal,Muslim,Vegetarian,Yes,No,No,Shellfish
1,T3,19,Normal,Muslim,Vegetarian,Yes,No,Yes,Shellfish
1,T3,19,Normal,Muslim,Vegetarian,Yes,Yes,No,Shellfish
1,T3,18,Normal,Muslim,Vegetarian,Yes,Yes,Yes,Shellfish
5,T3,18,Normal,Muslim,Vegetarian,No,No,No,Red meat
4,T3,19,Normal,Muslim,Vegetarian,No,No,Yes,Red meat
3,T3,19,Normal,Muslim,Vegetarian,No,Yes,No,Red meat
1,T3,19,Normal,Muslim,Vegetarian,No,Yes,Yes,Red meat
2,T3,19,Normal,Muslim,Vegetarian,Yes,No,No,Red meat
1,T3,19,Normal,Muslim,Vegetarian,Yes,No,Yes,Red meat
1,T3,19,Normal,Muslim,Vegetarian,Yes,Yes,No,Red meat
1,T3,19,Normal,Muslim,Vegetarian,Yes,Yes,Yes,Red meat
10,T3,19,Overweight,Sinhala,Any,No,No,No,None
4,T3,18,Overweight,Sinhala,Any,No,No,Yes,None
3,T3,18,Overweight,Sinhala,Any,No,Yes,No,None
1,T3,18,Overweight,Sinhala,Any,No,Yes,Yes,None
2,T3,18,Overweight,Sinhala,Any,Yes,No,No,None
1,T3,18,Overweight,Sinhala,Any,Yes,No,Yes,None
1,T3,18,Overweight,Sinhala,Any,Yes,Yes,No,None
1,T3,18,Overweight,Sinhala,Any,Yes,Yes,Yes,None
5,T3,19,Overweight,Sinhala,Any,No,No,No,Shellfish
4,T3,18,Overweight,Sinhala,Any,No,No,Yes,Shellfish
3,T3,18,Overweight,Sinhala,Any,No,Yes,No,Shellfish
1,T3,18,Overweight,Sinhala,Any,No,Yes,Yes,Shellfish
2,T3,18,Overweight,Sinhala,Any,Yes,No,No,Shellfish
1,T3,19,Overweight,Sinhala,Any,Yes,No,Yes,Shellfish
1,T3,19,Overweight,Sinhala,Any,Yes,Yes,No,Shellfish
1,T3,18,Overweight,Sinhala,Any,Yes,Yes,Yes,Shellfish
5,T3,19,Overweight,Sinhala,Any,No,No,No,Red meat
4,T3,18,Overweight,Sinhala,Any,No,No,Yes,Red meat
3,T3,19,Overweight,Sinhala,Any,No,Yes,No,Red meat
1,T3,19,Overweight,Sinhala,Any,No,Yes,Yes,Red meat
2,T3,19,Overweight,Sinhala,Any,Yes,No,No,Red meat
1,T3,18,Overweight,Sinhala,Any,Yes,No,Yes,Red meat
1,T3,18,Overweight,Sinhala,Any,Yes,Yes,No,Red meat
1,T3,18,Overweight,Sinhala,Any,Yes,Yes,Yes,Red meat
10,T3,19,Overweight,Sinhala,Vegetarian,No,No,No,None
4,T3,19,Overweight,Sinhala,Vegetarian,No,No,Yes,None
3,T3,19,Overweight,Sinhala,Vegetarian,No,Yes,No,None
1,T3,19,Overweight,Sinhala,Vegetarian,No,Yes,Yes,None
2,T3,18,Overweight,Sinhala,Vegetarian,Yes,No,No,None
1,T3,18,Overweight,Sinhala,Vegetarian,Yes,No,Yes,None
1,T3,19,Overweight,Sinhala,Vegetarian,Yes,Yes,No,None
1,T3,19,Overweight,Sinhala,Vegetarian,Yes,Yes,Yes,None
5,T3,18,Overweight,Sinhala,Vegetarian,No,No,No,Shellfish
4,T3,19,Overweight,Sinhala,Vegetarian,No,No,Yes,Shellfish
3,T3,19,Overweight,Sinhala,Vegetarian,No,Yes,No,Shellfish
1,T3,19,Overweight,Sinhala,Vegetarian,No,Yes,Yes,Shellfish
2,T3,18,Overweight,Sinhala,Vegetarian,Yes,No,No,Shellfish
1,T3,19,Overweight,Sinhala,Vegetarian,Yes,No,Yes,Shellfish
1,T3,19,Overweight,Sinhala,Vegetarian,Yes,Yes,No,Shellfish
1,T3,18,Overweight,Sinhala,Vegetarian,Yes,Yes,Yes,Shellfish
5,T3,19,Overweight,Sinhala,Vegetarian,No,No,No,Red meat
4,T3,18,Overweight,Sinhala,Vegetarian,No,No,Yes,Red meat
3,T3,19,Overweight,Sinhala,Vegetarian,No,Yes,No,Red meat
1,T3,18,Overweight,Sinhala,Vegetarian,No,Yes,Yes,Red meat
2,T3,18,Overweight,Sinhala,Vegetarian,Yes,No,No,Red meat
1,T3,19,Overweight,Sinhala,Vegetarian,Yes,No,Yes,Red meat
1,T3,18,Overweight,Sinhala,Vegetarian,Yes,Yes,No,Red meat
1,T3,19,Overweight,Sinhala,Vegetarian,Yes,Yes,Yes,Red meat
10,T3,18,Overweight,Tamil,Any,No,No,No,None
4,T3,18,Overweight,Tamil,Any,No,No,Yes,None
3,T3,19,Overweight,Tamil,Any,No,Yes,No,None
1,T3,18,Overweight,Tamil,Any,No,Yes,Yes,None
2,T3,19,Overweight,Tamil,Any,Yes,No,No,None
1,T3,19,Overweight,Tamil,Any,Yes,No,Yes,None
1,T3,19,Overweight,Tamil,Any,Yes,Yes,No,None
1,T3,19,Overweight,Tamil,Any,Yes,Yes,Yes,None
5,T3,18,Overweight,Tamil,Any,No,No,No,Shellfish
4,T3,19,Overweight,Tamil,Any,No,No,Yes,Shellfish
3,T3,19,Overweight,Tamil,Any,No,Yes,No,Shellfish
1,T3,18,Overweight,Tamil,Any,No,Yes,Yes,Shellfish
2,T3,18,Overweight,Tamil,Any,Yes,No,No,Shellfish
1,T3,19,Overweight,Tamil,Any,Yes,No,Yes,Shellfish
1,T3,18,Overweight,Tamil,Any,Yes,Yes,No,Shellfish
1,T3,19,Overweight,Tamil,Any,Yes,Yes,Yes,Shellfish
5,T3,18,Overweight,Tamil,Any,No,No,No,Red meat
4,T3,19,Overweight,Tamil,Any,No,No,Yes,Red meat
3,T3,18,Overweight,Tamil,Any,No,Yes,No,Red meat
1,T3,19,Overweight,Tamil,Any,No,Yes,Yes,Red meat
2,T3,19,Overweight,Tamil,Any,Yes,No,No,Red meat
1,T3,18,Overweight,Tamil,Any,Yes,No,Yes,Red meat
1,T3,19,Overweight,Tamil,Any,Yes,Yes,No,Red meat
1,T3,19,Overweight,Tamil,Any,Yes,Yes,Yes,Red meat
10,T3,18,Overweight,Tamil,Vegetarian,No,No,No,None
4,T3,18,Overweight,Tamil,Vegetarian,No,No,Yes,None
3,T3,18,Overweight,Tamil,Vegetarian,No,Yes,No,None
1,T3,19,Overweight,Tamil,Vegetarian,No,Yes,Yes,None
2,T3,18,Overweight,Tamil,Vegetarian,Yes,No,No,None
1,T3,19,Overweight,Tamil,Vegetarian,Yes,No,Yes,None
1,T3,19,Overweight,Tamil,Vegetarian,Yes,Yes,No,None
1,T3,19,Overweight,Tamil,Vegetarian,Yes,Yes,Yes,None
5,T3,18,Overweight,Tamil,Vegetarian,No,No,No,Shellfish
4,T3,19,Overweight,Tamil,Vegetarian,No,No,Yes,Shellfish
3,T3,18,Overweight,Tamil,Vegetarian,No,Yes,No,Shellfish
1,T3,18,Overweight,Tamil,Vegetarian,No,Yes,Yes,Shellfish
2,T3,18,Overweight,Tamil,Vegetarian,Yes,No,No,Shellfish
1,T3,18,Overweight,Tamil,Vegetarian,Yes,No,Yes,Shellfish
1,T3,19,Overweight,Tamil,Vegetarian,Yes,Yes,No,Shellfish
1,T3,19,Overweight,Tamil,Vegetarian,Yes,Yes,Yes,Shellfish
5,T3,18,Overweight,Tamil,Vegetarian,No,No,No,Red meat
4,T3,19,Overweight,Tamil,Vegetarian,No,No,Yes,Red meat
3,T3,18,Overweight,Tamil,Vegetarian,No,Yes,No,Red meat
1,T3,19,Overweight,Tamil,Vegetarian,No,Yes,Yes,Red meat
2,T3,18,Overweight,Tamil,Vegetarian,Yes,No,No,Red meat
1,T3,19,Overweight,Tamil,Vegetarian,Yes,No,Yes,Red meat
1,T3,19,Overweight,Tamil,Vegetarian,Yes,Yes,No,Red meat
1,T3,18,Overweight,Tamil,Vegetarian,Yes,Yes,Yes,Red meat
10,T3,19,Overweight,Muslim,Any,No,No,No,None
4,T3,19,Overweight,Muslim,Any,No,No,Yes,None
3,T3,18,Overweight,Muslim,Any,No,Yes,No,None
1,T3,19,Overweight,Muslim,Any,No,Yes,Yes,None
2,T3,19,Overweight,Muslim,Any,Yes,No,No,None
1,T3,19,Overweight,Muslim,Any,Yes,No,Yes,None
1,T3,19,Overweight,Muslim,Any,Yes,Yes,No,None
1,T3,19,Overweight,Muslim,Any,Yes,Yes,Yes,None
5,T3,19,Overweight,Muslim,Any,No,No,No,Shellfish
4,T3,19,Overweight,Muslim,Any,No,No,Yes,Shellfish
3,T3,18,Overweight,Muslim,Any,No,Yes,No,Shellfish
1,T3,18,Overweight,Muslim,Any,No,Yes,Yes,Shellfish
2,T3,18,Overweight,Muslim,Any,Yes,No,No,Shellfish
1,T3,19,Overweight,Muslim,Any,Yes,No,Yes,Shellfish
1,T3,19,Overweight,Muslim,Any,Yes,Yes,No,Shellfish
1,T3,18,Overweight,Muslim,Any,Yes,Yes,Yes,Shellfish
5,T3,18,Overweight,Muslim,Any,No,No,No,Red meat
4,T3,19,Overweight,Muslim,Any,No,No,Yes,Red meat
3,T3,18,Overweight,Muslim,Any,No,Yes,No,Red meat
1,T3,19,Overweight,Muslim,Any,No,Yes,Yes,Red meat
2,T3,18,Overweight,Muslim,Any,Yes,No,No,Red meat
1,T3,18,Overweight,Muslim,Any,Yes,No,Yes,Red meat
1,T3,18,Overweight,Muslim,Any,Yes,Yes,No,Red meat
1,T3,18,Overweight,Muslim,Any,Yes,Yes,Yes,Red meat
10,T3,19,Overweight,Muslim,Vegetarian,No,No,No,None
4,T3,18,Overweight,Muslim,Vegetarian,No,No,Yes,None
3,T3,18,Overweight,Muslim,Vegetarian,No,Yes,No,None
1,T3,19,Overweight,Muslim,Vegetarian,No,Yes,Yes,None
2,T3,18,Overweight,Muslim,Vegetarian,Yes,No,No,None
1,T3,18,Overweight,Muslim,Vegetarian,Yes,No,Yes,None
1,T3,19,Overweight,Muslim,Vegetarian,Yes,Yes,No,None
1,T3,19,Overweight,Muslim,Vegetarian,Yes,Yes,Yes,None
5,T3,19,Overweight,Muslim,Vegetarian,No,No,No,Shellfish
4,T3,19,Overweight,Muslim,Vegetarian,No,No,Yes,Shellfish
3,T3,19,Overweight,Muslim,Vegetarian,No,Yes,No,Shellfish
1,T3,19,Overweight,Muslim,Vegetarian,No,Yes,Yes,Shellfish
2,T3,18,Overweight,Muslim,Vegetarian,Yes,No,No,Shellfish
1,T3,18,Overweight,Muslim,Vegetarian,Yes,No,Yes,Shellfish
1,T3,19,Overweight,Muslim,Vegetarian,Yes,Yes,No,Shellfish
1,T3,18,Overweight,Muslim,Vegetarian,Yes,Yes,Yes,Shellfish
5,T3,18,Overweight,Muslim,Vegetarian,No,No,No,Red meat
4,T3,18,Overweight,Muslim,Vegetarian,No,No,Yes,Red meat
3,T3,19,Overweight,Muslim,Vegetarian,No,Yes,No,Red meat
1,T3,19,Overweight,Muslim,Vegetarian,No,Yes,Yes,Red meat
2,T3,18,Overweight,Muslim,Vegetarian,Yes,No,No,Red meat
1,T3,18,Overweight,Muslim,Vegetarian,Yes,No,Yes,Red meat
1,T3,19,Overweight,Muslim,Vegetarian,Yes,Yes,No,Red meat
1,T3,19,Overweight,Muslim,Vegetarian,Yes,Yes,Yes,Red meat
7,T3,18,Obese,Sinhala,Any,No,No,No,None
4,T3,18,Obese,Sinhala,Any,No,No,Yes,None
3,T3,19,Obese,Sinhala,Any,No,Yes,No,None
1,T3,19,Obese,Sinhala,Any,No,Yes,Yes,None
2,T3,18,Obese,Sinhala,Any,Yes,No,No,None
1,T3,19,Obese,Sinhala,Any,Yes,No,Yes,None
1,T3,19,Obese,Sinhala,Any,Yes,Yes,No,None
1,T3,18,Obese,Sinhala,Any,Yes,Yes,Yes,None
5,T3,18,Obese,Sinhala,Any,No,No,No,Shellfish
4,T3,19,Obese,Sinhala,Any,No,No,Yes,Shellfish
3,T3,18,Obese,Sinhala,Any,No,Yes,No,Shellfish
1,T3,18,Obese,Sinhala,Any,No,Yes,Yes,Shellfish
2,T3,19,Obese,Sinhala,Any,Yes,No,No,Shellfish
1,T3,19,Obese,Sinhala,Any,Yes,No,Yes,Shellfish
1,T3,18,Obese,Sinhala,Any,Yes,Yes,No,Shellfish
1,T3,19,Obese,Sinhala,Any,Yes,Yes,Yes,Shellfish
5,T3,19,Obese,Sinhala,Any,No,No,No,Red meat
4,T3,19,Obese,Sinhala,Any,No,No,Yes,Red meat
3,T3,18,Obese,Sinhala,Any,No,Yes,No,Red meat
1,T3,18,Obese,Sinhala,Any,No,Yes,Yes,Red meat
2,T3,18,Obese,Sinhala,Any,Yes,No,No,Red meat
1,T3,18,Obese,Sinhala,Any,Yes,No,Yes,Red meat
1,T3,19,Obese,Sinhala,Any,Yes,Yes,No,Red meat
1,T3,19,Obese,Sinhala,Any,Yes,Yes,Yes,Red meat
7,T3,18,Obese,Sinhala,Vegetarian,No,No,No,None
4,T3,19,Obese,Sinhala,Vegetarian,No,No,Yes,None
3,T3,19,Obese,Sinhala,Vegetarian,No,Yes,No,None
1,T3,19,Obese,Sinhala,Vegetarian,No,Yes,Yes,None
2,T3,19,Obese,Sinhala,Vegetarian,Yes,No,No,None
1,T3,19,Obese,Sinhala,Vegetarian,Yes,No,Yes,None
1,T3,18,Obese,Sinhala,Vegetarian,Yes,Yes,No,None
1,T3,18,Obese,Sinhala,Vegetarian,Yes,Yes,Yes,None
5,T3,19,Obese,Sinhala,Vegetarian,No,No,No,Shellfish
4,T3,19,Obese,Sinhala,Vegetarian,No,No,Yes,Shellfish
3,T3,18,Obese,Sinhala,Vegetarian,No,Yes,No,Shellfish
1,T3,18,Obese,Sinhala,Vegetarian,No,Yes,Yes,Shellfish
2,T3,19,Obese,Sinhala,Vegetarian,Yes,No,No,Shellfish
1,T3,18,Obese,Sinhala,Vegetarian,Yes,No,Yes,Shellfish
1,T3,18,Obese,Sinhala,Vegetarian,Yes,Yes,No,Shellfish
1,T3,18,Obese,Sinhala,Vegetarian,Yes,Yes,Yes,Shellfish
5,T3,19,Obese,Sinhala,Vegetarian,No,No,No,Red meat
4,T3,18,Obese,Sinhala,Vegetarian,No,No,Yes,Red meat
3,T3,19,Obese,Sinhala,Vegetarian,No,Yes,No,Red meat
1,T3,19,Obese,Sinhala,Vegetarian,No,Yes,Yes,Red meat
2,T3,19,Obese,Sinhala,Vegetarian,Yes,No,No,Red meat
1,T3,18,Obese,Sinhala,Vegetarian,Yes,No,Yes,Red meat
1,T3,19,Obese,Sinhala,Vegetarian,Yes,Yes,No,Red meat
1,T3,19,Obese,Sinhala,Vegetarian,Yes,Yes,Yes,Red meat
7,T3,19,Obese,Tamil,Any,No,No,No,None
4,T3,19,Obese,Tamil,Any,No,No,Yes,None
3,T3,18,Obese,Tamil,Any,No,Yes,No,None
1,T3,19,Obese,Tamil,Any,No,Yes,Yes,None
2,T3,18,Obese,Tamil,Any,Yes,No,No,None
1,T3,19,Obese,Tamil,Any,Yes,No,Yes,None
1,T3,19,Obese,Tamil,Any,Yes,Yes,No,None
1,T3,18,Obese,Tamil,Any,Yes,Yes,Yes,None
5,T3,18,Obese,Tamil,Any,No,No,No,Shellfish
4,T3,18,Obese,Tamil,Any,No,No,Yes,Shellfish
3,T3,18,Obese,Tamil,Any,No,Yes,No,Shellfish
1,T3,19,Obese,Tamil,Any,No,Yes,Yes,Shellfish
2,T3,19,Obese,Tamil,Any,Yes,No,No,Shellfish
1,T3,18,Obese,Tamil,Any,Yes,No,Yes,Shellfish
1,T3,18,Obese,Tamil,Any,Yes,Yes,No,Shellfish
1,T3,18,Obese,Tamil,Any,Yes,Yes,Yes,Shellfish
5,T3,19,Obese,Tamil,Any,No,No,No,Red meat
4,T3,19,Obese,Tamil,Any,No,No,Yes,Red meat
3,T3,19,Obese,Tamil,Any,No,Yes,No,Red meat
1,T3,19,Obese,Tamil,Any,No,Yes,Yes,Red meat
2,T3,19,Obese,Tamil,Any,Yes,No,No,Red meat
1,T3,19,Obese,Tamil,Any,Yes,No,Yes,Red meat
1,T3,19,Obese,Tamil,Any,Yes,Yes,No,Red meat
1,T3,19,Obese,Tamil,Any,Yes,Yes,Yes,Red meat
7,T3,18,Obese,Tamil,Vegetarian,No,No,No,None
4,T3,18,Obese,Tamil,Vegetarian,No,No,Yes,None
3,T3,19,Obese,Tamil,Vegetarian,No,Yes,No,None
1,T3,19,Obese,Tamil,Vegetarian,No,Yes,Yes,None
2,T3,19,Obese,Tamil,Vegetarian,Yes,No,No,None
1,T3,19,Obese,Tamil,Vegetarian,Yes,No,Yes,None
1,T3,19,Obese,Tamil,Vegetarian,Yes,Yes,No,None
1,T3,18,Obese,Tamil,Vegetarian,Yes,Yes,Yes,None
5,T3,19,Obese,Tamil,Vegetarian,No,No,No,Shellfish
4,T3,19,Obese,Tamil,Vegetarian,No,No,Yes,Shellfish
3,T3,19,Obese,Tamil,Vegetarian,No,Yes,No,Shellfish
1,T3,18,Obese,Tamil,Vegetarian,No,Yes,Yes,Shellfish
2,T3,19,Obese,Tamil,Vegetarian,Yes,No,No,Shellfish
1,T3,18,Obese,Tamil,Vegetarian,Yes,No,Yes,Shellfish
1,T3,18,Obese,Tamil,Vegetarian,Yes,Yes,No,Shellfish
1,T3,18,Obese,Tamil,Vegetarian,Yes,Yes,Yes,Shellfish
5,T3,18,Obese,Tamil,Vegetarian,No,No,No,Red meat
4,T3,18,Obese,Tamil,Vegetarian,No,No,Yes,Red meat
3,T3,19,Obese,Tamil,Vegetarian,No,Yes,No,Red meat
1,T3,19,Obese,Tamil,Vegetarian,No,Yes,Yes,Red meat
2,T3,19,Obese,Tamil,Vegetarian,Yes,No,No,Red meat
1,T3,19,Obese,Tamil,Vegetarian,Yes,No,Yes,Red meat
1,T3,19,Obese,Tamil,Vegetarian,Yes,Yes,No,Red meat
1,T3,19,Obese,Tamil,Vegetarian,Yes,Yes,Yes,Red meat
7,T3,19,Obese,Muslim,Any,No,No,No,None
4,T3,19,Obese,Muslim,Any,No,No,Yes,None
3,T3,19,Obese,Muslim,Any,No,Yes,No,None
1,T3,19,Obese,Muslim,Any,No,Yes,Yes,None
2,T3,18,Obese,Muslim,Any,Yes,No,No,None
1,T3,18,Obese,Muslim,Any,Yes,No,Yes,None
1,T3,19,Obese,Muslim,Any,Yes,Yes,No,None
1,T3,19,Obese,Muslim,Any,Yes,Yes,Yes,None
5,T3,19,Obese,Muslim,Any,No,No,No,Shellfish
4,T3,18,Obese,Muslim,Any,No,No,Yes,Shellfish
3,T3,18,Obese,Muslim,Any,No,Yes,No,Shellfish
1,T3,18,Obese,Muslim,Any,No,Yes,Yes,Shellfish
2,T3,19,Obese,Muslim,Any,Yes,No,No,Shellfish
1,T3,19,Obese,Muslim,Any,Yes,No,Yes,Shellfish
1,T3,18,Obese,Muslim,Any,Yes,Yes,No,Shellfish
1,T3,19,Obese,Muslim,Any,Yes,Yes,Yes,Shellfish
5,T3,19,Obese,Muslim,Any,No,No,No,Red meat
4,T3,18,Obese,Muslim,Any,No,No,Yes,Red meat
3,T3,18,Obese,Muslim,Any,No,Yes,No,Red meat
1,T3,18,Obese,Muslim,Any,No,Yes,Yes,Red meat
2,T3,18,Obese,Muslim,Any,Yes,No,No,Red meat
1,T3,19,Obese,Muslim,Any,Yes,No,Yes,Red meat
1,T3,19,Obese,Muslim,Any,Yes,Yes,No,Red meat
1,T3,19,Obese,Muslim,Any,Yes,Yes,Yes,Red meat
7,T3,18,Obese,Muslim,Vegetarian,No,No,No,None
4,T3,19,Obese,Muslim,Vegetarian,No,No,Yes,None
3,T3,18,Obese,Muslim,Vegetarian,No,Yes,No,None
1,T3,18,Obese,Muslim,Vegetarian,No,Yes,Yes,None
2,T3,18,Obese,Muslim,Vegetarian,Yes,No,No,None
1,T3,19,Obese,Muslim,Vegetarian,Yes,No,Yes,None
1,T3,18,Obese,Muslim,Vegetarian,Yes,Yes,No,None
1,T3,18,Obese,Muslim,Vegetarian,Yes,Yes,Yes,None
5,T3,18,Obese,Muslim,Vegetarian,No,No,No,Shellfish
4,T3,18,Obese,Muslim,Vegetarian,No,No,Yes,Shellfish
3,T3,19,Obese,Muslim,Vegetarian,No,Yes,No,Shellfish
1,T3,19,Obese,Muslim,Vegetarian,No,Yes,Yes,Shellfish
2,T3,18,Obese,Muslim,Vegetarian,Yes,No,No,Shellfish
1,T3,18,Obese,Muslim,Vegetarian,Yes,No,Yes,Shellfish
1,T3,18,Obese,Muslim,Vegetarian,Yes,Yes,No,Shellfish
1,T3,18,Obese,Muslim,Vegetarian,Yes,Yes,Yes,Shellfish
5,T3,18,Obese,Muslim,Vegetarian,No,No,No,Red meat
4,T3,18,Obese,Muslim,Vegetarian,No,No,Yes,Red meat
3,T3,19,Obese,Muslim,Vegetarian,No,Yes,No,Red meat
1,T3,18,Obese,Muslim,Vegetarian,No,Yes,Yes,Red meat
2,T3,19,Obese,Muslim,Vegetarian,Yes,No,No,Red meat
1,T3,19,Obese,Muslim,Vegetarian,Yes,No,Yes,Red meat
1,T3,18,Obese,Muslim,Vegetarian,Yes,Yes,No,Red meat
1,T3,19,Obese,Muslim,Vegetarian,Yes,Yes,Yes,Red meat
6,T3,25,Underweight,Sinhala,Any,No,No,No,None
4,T3,20,Underweight,Sinhala,Any,No,No,Yes,None
3,T3,25,Underweight,Sinhala,Any,No,Yes,No,None
1,T3,28,Underweight,Sinhala,Any,No,Yes,Yes,None
2,T3,23,Underweight,Sinhala,Any,Yes,No,No,None
1,T3,26,Underweight,Sinhala,Any,Yes,No,Yes,None
1,T3,24,Underweight,Sinhala,Any,Yes,Yes,No,None
1,T3,20,Underweight,Sinhala,Any,Yes,Yes,Yes,None
5,T3,25,Underweight,Sinhala,Any,No,No,No,Shellfish
4,T3,24,Underweight,Sinhala,Any,No,No,Yes,Shellfish
3,T3,21,Underweight,Sinhala,Any,No,Yes,No,Shellfish
1,T3,21,Underweight,Sinhala,Any,No,Yes,Yes,Shellfish
2,T3,24,Underweight,Sinhala,Any,Yes,No,No,Shellfish
1,T3,23,Underweight,Sinhala,Any,Yes,No,Yes,Shellfish
1,T3,25,Underweight,Sinhala,Any,Yes,Yes,No,Shellfish
1,T3,20,Underweight,Sinhala,Any,Yes,Yes,Yes,Shellfish
5,T3,29,Underweight,Sinhala,Any,No,No,No,Red meat
4,T3,23,Underweight,Sinhala,Any,No,No,Yes,Red meat
3,T3,20,Underweight,Sinhala,Any,No,Yes,No,Red meat
1,T3,28,Underweight,Sinhala,Any,No,Yes,Yes,Red meat
2,T3,28,Underweight,Sinhala,Any,Yes,No,No,Red meat
1,T3,24,Underweight,Sinhala,Any,Yes,No,Yes,Red meat
1,T3,22,Underweight,Sinhala,Any,Yes,Yes,No,Red meat
1,T3,20,Underweight,Sinhala,Any,Yes,Yes,Yes,Red meat
6,T3,24,Underweight,Sinhala,Vegetarian,No,No,No,None
4,T3,28,Underweight,Sinhala,Vegetarian,No,No,Yes,None
3,T3,28,Underweight,Sinhala,Vegetarian,No,Yes,No,None
1,T3,24,Underweight,Sinhala,Vegetarian,No,Yes,Yes,None
2,T3,27,Underweight,Sinhala,Vegetarian,Yes,No,No,None
1,T3,28,Underweight,Sinhala,Vegetarian,Yes,No,Yes,None
1,T3,21,Underweight,Sinhala,Vegetarian,Yes,Yes,No,None
1,T3,29,Underweight,Sinhala,Vegetarian,Yes,Yes,Yes,None
5,T3,23,Underweight,Sinhala,Vegetarian,No,No,No,Shellfish
4,T3,23,Underweight,Sinhala,Vegetarian,No,No,Yes,Shellfish
3,T3,27,Underweight,Sinhala,Vegetarian,No,Yes,No,Shellfish
1,T3,27,Underweight,Sinhala,Vegetarian,No,Yes,Yes,Shellfish
2,T3,24,Underweight,Sinhala,Vegetarian,Yes,No,No,Shellfish
1,T3,24,Underweight,Sinhala,Vegetarian,Yes,No,Yes,Shellfish
1,T3,22,Underweight,Sinhala,Vegetarian,Yes,Yes,No,Shellfish
1,T3,29,Underweight,Sinhala,Vegetarian,Yes,Yes,Yes,Shellfish
5,T3,25,Underweight,Sinhala,Vegetarian,No,No,No,Red meat
4,T3,26,Underweight,Sinhala,Vegetarian,No,No,Yes,Red meat
3,T3,29,Underweight,Sinhala,Vegetarian,No,Yes,No,Red meat
1,T3,21,Underweight,Sinhala,Vegetarian,No,Yes,Yes,Red meat
2,T3,29,Underweight,Sinhala,Vegetarian,Yes,No,No,Red meat
1,T3,20,Underweight,Sinhala,Vegetarian,Yes,No,Yes,Red meat
1,T3,25,Underweight,Sinhala,Vegetarian,Yes,Yes,No,Red meat
1,T3,24,Underweight,Sinhala,Vegetarian,Yes,Yes,Yes,Red meat
6,T3,20,Underweight,Tamil,Any,No,No,No,None
4,T3,22,Underweight,Tamil,Any,No,No,Yes,None
3,T3,20,Underweight,Tamil,Any,No,Yes,No,None
1,T3,26,Underweight,Tamil,Any,No,Yes,Yes,None
2,T3,23,Underweight,Tamil,Any,Yes,No,No,None
1,T3,22,Underweight,Tamil,Any,Yes,No,Yes,None
1,T3,24,Underweight,Tamil,Any,Yes,Yes,No,None
1,T3,28,Underweight,Tamil,Any,Yes,Yes,Yes,None
5,T3,26,Underweight,Tamil,Any,No,No,No,Shellfish
4,T3,21,Underweight,Tamil,Any,No,No,Yes,Shellfish
3,T3,24,Underweight,Tamil,Any,No,Yes,No,Shellfish
1,T3,29,Underweight,Tamil,Any,No,Yes,Yes,Shellfish
2,T3,25,Underweight,Tamil,Any,Yes,No,No,Shellfish
1,T3,20,Underweight,Tamil,Any,Yes,No,Yes,Shellfish
1,T3,27,Underweight,Tamil,Any,Yes,Yes,No,Shellfish
1,T3,20,Underweight,Tamil,Any,Yes,Yes,Yes,Shellfish
5,T3,29,Underweight,Tamil,Any,No,No,No,Red meat
4,T3,28,Underweight,Tamil,Any,No,No,Yes,Red meat
3,T3,25,Underweight,Tamil,Any,No,Yes,No,Red meat
1,T3,26,Underweight,Tamil,Any,No,Yes,Yes,Red meat
2,T3,25,Underweight,Tamil,Any,Yes,No,No,Red meat
1,T3,20,Underweight,Tamil,Any,Yes,No,Yes,Red meat
1,T3,26,Underweight,Tamil,Any,Yes,Yes,No,Red meat
1,T3,24,Underweight,Tamil,Any,Yes,Yes,Yes,Red meat
6,T3,26,Underweight,Tamil,Vegetarian,No,No,No,None
4,T3,22,Underweight,Tamil,Vegetarian,No,No,Yes,None
3,T3,26,Underweight,Tamil,Vegetarian,No,Yes,No,None
1,T3,23,Underweight,Tamil,Vegetarian,No,Yes,Yes,None
2,T3,28,Underweight,Tamil,Vegetarian,Yes,No,No,None
1,T3,21,Underweight,Tamil,Vegetarian,Yes,No,Yes,None
1,T3,26,Underweight,Tamil,Vegetarian,Yes,Yes,No,None
1,T3,27,Underweight,Tamil,Vegetarian,Yes,Yes,Yes,None
5,T3,24,Underweight,Tamil,Vegetarian,No,No,No,Shellfish
4,T3,26,Underweight,Tamil,Vegetarian,No,No,Yes,Shellfish
3,T3,26,Underweight,Tamil,Vegetarian,No,Yes,No,Shellfish
1,T3,29,Underweight,Tamil,Vegetarian,No,Yes,Yes,Shellfish
2,T3,23,Underweight,Tamil,Vegetarian,Yes,No,No,Shellfish
1,T3,21,Underweight,Tamil,Vegetarian,Yes,No,Yes,Shellfish
1,T3,25,Underweight,Tamil,Vegetarian,Yes,Yes,No,Shellfish
1,T3,28,Underweight,Tamil,Vegetarian,Yes,Yes,Yes,Shellfish
5,T3,29,Underweight,Tamil,Vegetarian,No,No,No,Red meat
4,T3,24,Underweight,Tamil,Vegetarian,No,No,Yes,Red meat
3,T3,27,Underweight,Tamil,Vegetarian,No,Yes,No,Red meat
1,T3,26,Underweight,Tamil,Vegetarian,No,Yes,Yes,Red meat
2,T3,29,Underweight,Tamil,Vegetarian,Yes,No,No,Red meat
1,T3,24,Underweight,Tamil,Vegetarian,Yes,No,Yes,Red meat
1,T3,23,Underweight,Tamil,Vegetarian,Yes,Yes,No,Red meat
1,T3,27,Underweight,Tamil,Vegetarian,Yes,Yes,Yes,Red meat
6,T3,23,Underweight,Muslim,Any,No,No,No,None
4,T3,28,Underweight,Muslim,Any,No,No,Yes,None
3,T3,29,Underweight,Muslim,Any,No,Yes,No,None
1,T3,24,Underweight,Muslim,Any,No,Yes,Yes,None
2,T3,27,Underweight,Muslim,Any,Yes,No,No,None
1,T3,28,Underweight,Muslim,Any,Yes,No,Yes,None
1,T3,28,Underweight,Muslim,Any,Yes,Yes,No,None
1,T3,27,Underweight,Muslim,Any,Yes,Yes,Yes,None
5,T3,20,Underweight,Muslim,Any,No,No,No,Shellfish
4,T3,28,Underweight,Muslim,Any,No,No,Yes,Shellfish
3,T3,22,Underweight,Muslim,Any,No,Yes,No,Shellfish
1,T3,28,Underweight,Muslim,Any,No,Yes,Yes,Shellfish
2,T3,28,Underweight,Muslim,Any,Yes,No,No,Shellfish
1,T3,23,Underweight,Muslim,Any,Yes,No,Yes,Shellfish
1,T3,23,Underweight,Muslim,Any,Yes,Yes,No,Shellfish
1,T3,29,Underweight,Muslim,Any,Yes,Yes,Yes,Shellfish
5,T3,21,Underweight,Muslim,Any,No,No,No,Red meat
4,T3,22,Underweight,Muslim,Any,No,No,Yes,Red meat
3,T3,26,Underweight,Muslim,Any,No,Yes,No,Red meat
1,T3,24,Underweight,Muslim,Any,No,Yes,Yes,Red meat
2,T3,22,Underweight,Muslim,Any,Yes,No,No,Red meat
1,T3,23,Underweight,Muslim,Any,Yes,No,Yes,Red meat
1,T3,22,Underweight,Muslim,Any,Yes,Yes,No,Red meat
1,T3,23,Underweight,Muslim,Any,Yes,Yes,Yes,Red meat
6,T3,21,Underweight,Muslim,Vegetarian,No,No,No,None
4,T3,26,Underweight,Muslim,Vegetarian,No,No,Yes,None
3,T3,26,Underweight,Muslim,Vegetarian,No,Yes,No,None
1,T3,21,Underweight,Muslim,Vegetarian,No,Yes,Yes,None
2,T3,23,Underweight,Muslim,Vegetarian,Yes,No,No,None
1,T3,26,Underweight,Muslim,Vegetarian,Yes,No,Yes,None
1,T3,22,Underweight,Muslim,Vegetarian,Yes,Yes,No,None
1,T3,25,Underweight,Muslim,Vegetarian,Yes,Yes,Yes,None
5,T3,20,Underweight,Muslim,Vegetarian,No,No,No,Shellfish
4,T3,20,Underweight,Muslim,Vegetarian,No,No,Yes,Shellfish
3,T3,25,Underweight,Muslim,Vegetarian,No,Yes,No,Shellfish
1,T3,27,Underweight,Muslim,Vegetarian,No,Yes,Yes,Shellfish
2,T3,20,Underweight,Muslim,Vegetarian,Yes,No,No,Shellfish
1,T3,23,Underweight,Muslim,Vegetarian,Yes,No,Yes,Shellfish
1,T3,20,Underweight,Muslim,Vegetarian,Yes,Yes,No,Shellfish
1,T3,27,Underweight,Muslim,Vegetarian,Yes,Yes,Yes,Shellfish
5,T3,26,Underweight,Muslim,Vegetarian,No,No,No,Red meat
4,T3,28,Underweight,Muslim,Vegetarian,No,No,Yes,Red meat
3,T3,25,Underweight,Muslim,Vegetarian,No,Yes,No,Red meat
1,T3,28,Underweight,Muslim,Vegetarian,No,Yes,Yes,Red meat
2,T3,28,Underweight,Muslim,Vegetarian,Yes,No,No,Red meat
1,T3,21,Underweight,Muslim,Vegetarian,Yes,No,Yes,Red meat
1,T3,21,Underweight,Muslim,Vegetarian,Yes,Yes,No,Red meat
1,T3,22,Underweight,Muslim,Vegetarian,Yes,Yes,Yes,Red meat
10,T3,26,Normal,Sinhala,Any,No,No,No,None
4,T3,25,Normal,Sinhala,Any,No,No,Yes,None
3,T3,29,Normal,Sinhala,Any,No,Yes,No,None
1,T3,25,Normal,Sinhala,Any,No,Yes,Yes,None
2,T3,26,Normal,Sinhala,Any,Yes,No,No,None
1,T3,21,Normal,Sinhala,Any,Yes,No,Yes,None
1,T3,28,Normal,Sinhala,Any,Yes,Yes,No,None
1,T3,20,Normal,Sinhala,Any,Yes,Yes,Yes,None
5,T3,26,Normal,Sinhala,Any,No,No,No,Shellfish
4,T3,27,Normal,Sinhala,Any,No,No,Yes,Shellfish
3,T3,20,Normal,Sinhala,Any,No,Yes,No,Shellfish
1,T3,26,Normal,Sinhala,Any,No,Yes,Yes,Shellfish
2,T3,27,Normal,Sinhala,Any,Yes,No,No,Shellfish
1,T3,25,Normal,Sinhala,Any,Yes,No,Yes,Shellfish
1,T3,27,Normal,Sinhala,Any,Yes,Yes,No,Shellfish
1,T3,29,Normal,Sinhala,Any,Yes,Yes,Yes,Shellfish
5,T3,23,Normal,Sinhala,Any,No,No,No,Red meat
4,T3,29,Normal,Sinhala,Any,No,No,Yes,Red meat
3,T3,22,Normal,Sinhala,Any,No,Yes,No,Red meat
1,T3,24,Normal,Sinhala,Any,No,Yes,Yes,Red meat
2,T3,21,Normal,Sinhala,Any,Yes,No,No,Red meat
1,T3,24,Normal,Sinhala,Any,Yes,No,Yes,Red meat
1,T3,27,Normal,Sinhala,Any,Yes,Yes,No,Red meat
1,T3,21,Normal,Sinhala,Any,Yes,Yes,Yes,Red meat
10,T3,20,Normal,Sinhala,Vegetarian,No,No,No,None
4,T3,27,Normal,Sinhala,Vegetarian,No,No,Yes,None
3,T3,27,Normal,Sinhala,Vegetarian,No,Yes,No,None
1,T3,26,Normal,Sinhala,Vegetarian,No,Yes,Yes,None
2,T3,29,Normal,Sinhala,Vegetarian,Yes,No,No,None
1,T3,20,Normal,Sinhala,Vegetarian,Yes,No,Yes,None
1,T3,24,Normal,Sinhala,Vegetarian,Yes,Yes,No,None
1,T3,21,Normal,Sinhala,Vegetarian,Yes,Yes,Yes,None
5,T3,28,Normal,Sinhala,Vegetarian,No,No,No,Shellfish
4,T3,22,Normal,Sinhala,Vegetarian,No,No,Yes,Shellfish
3,T3,27,Normal,Sinhala,Vegetarian,No,Yes,No,Shellfish
1,T3,25,Normal,Sinhala,Vegetarian,No,Yes,Yes,Shellfish
2,T3,26,Normal,Sinhala,Vegetarian,Yes,No,No,Shellfish
1,T3,20,Normal,Sinhala,Vegetarian,Yes,No,Yes,Shellfish
1,T3,23,Normal,Sinhala,Vegetarian,Yes,Yes,No,Shellfish
1,T3,27,Normal,Sinhala,Vegetarian,Yes,Yes,Yes,Shellfish
5,T3,27,Normal,Sinhala,Vegetarian,No,No,No,Red meat
4,T3,20,Normal,Sinhala,Vegetarian,No,No,Yes,Red meat
3,T3,28,Normal,Sinhala,Vegetarian,No,Yes,No,Red meat
1,T3,29,Normal,Sinhala,Vegetarian,No,Yes,Yes,Red meat
2,T3,29,Normal,Sinhala,Vegetarian,Yes,No,No,Red meat
1,T3,24,Normal,Sinhala,Vegetarian,Yes,No,Yes,Red meat
1,T3,24,Normal,Sinhala,Vegetarian,Yes,Yes,No,Red meat
1,T3,23,Normal,Sinhala,Vegetarian,Yes,Yes,Yes,Red meat
10,T3,20,Normal,Tamil,Any,No,No,No,None
4,T3,24,Normal,Tamil,Any,No,No,Yes,None
3,T3,22,Normal,Tamil,Any,No,Yes,No,None
1,T3,22,Normal,Tamil,Any,No,Yes,Yes,None
2,T3,25,Normal,Tamil,Any,Yes,No,No,None
1,T3,27,Normal,Tamil,Any,Yes,No,Yes,None
1,T3,28,Normal,Tamil,Any,Yes,Yes,No,None
1,T3,23,Normal,Tamil,Any,Yes,Yes,Yes,None
5,T3,26,Normal,Tamil,Any,No,No,No,Shellfish
4,T3,25,Normal,Tamil,Any,No,No,Yes,Shellfish
3,T3,25,Normal,Tamil,Any,No,Yes,No,Shellfish
1,T3,22,Normal,Tamil,Any,No,Yes,Yes,Shellfish
2,T3,28,Normal,Tamil,Any,Yes,No,No,Shellfish
1,T3,27,Normal,Tamil,Any,Yes,No,Yes,Shellfish
1,T3,24,Normal,Tamil,Any,Yes,Yes,No,Shellfish
1,T3,24,Normal,Tamil,Any,Yes,Yes,Yes,Shellfish
5,T3,27,Normal,Tamil,Any,No,No,No,Red meat
4,T3,26,Normal,Tamil,Any,No,No,Yes,Red meat
3,T3,29,Normal,Tamil,Any,No,Yes,No,Red meat
1,T3,29,Normal,Tamil,Any,No,Yes,Yes,Red meat
2,T3,20,Normal,Tamil,Any,Yes,No,No,Red meat
1,T3,25,Normal,Tamil,Any,Yes,No,Yes,Red meat
1,T3,22,Normal,Tamil,Any,Yes,Yes,No,Red meat
1,T3,28,Normal,Tamil,Any,Yes,Yes,Yes,Red meat
10,T3,28,Normal,Tamil,Vegetarian,No,No,No,None
4,T3,22,Normal,Tamil,Vegetarian,No,No,Yes,None
3,T3,28,Normal,Tamil,Vegetarian,No,Yes,No,None
1,T3,28,Normal,Tamil,Vegetarian,No,Yes,Yes,None
2,T3,24,Normal,Tamil,Vegetarian,Yes,No,No,None
1,T3,20,Normal,Tamil,Vegetarian,Yes,No,Yes,None
1,T3,26,Normal,Tamil,Vegetarian,Yes,Yes,No,None
1,T3,22,Normal,Tamil,Vegetarian,Yes,Yes,Yes,None
5,T3,20,Normal,Tamil,Vegetarian,No,No,No,Shellfish
4,T3,20,Normal,Tamil,Vegetarian,No,No,Yes,Shellfish
3,T3,29,Normal,Tamil,Vegetarian,No,Yes,No,Shellfish
1,T3,28,Normal,Tamil,Vegetarian,No,Yes,Yes,Shellfish
2,T3,29,Normal,Tamil,Vegetarian,Yes,No,No,Shellfish
1,T3,26,Normal,Tamil,Vegetarian,Yes,No,Yes,Shellfish
1,T3,20,Normal,Tamil,Vegetarian,Yes,Yes,No,Shellfish
1,T3,26,Normal,Tamil,Vegetarian,Yes,Yes,Yes,Shellfish
5,T3,29,Normal,Tamil,Vegetarian,No,No,No,Red meat
4,T3,20,Normal,Tamil,Vegetarian,No,No,Yes,Red meat
3,T3,24,Normal,Tamil,Vegetarian,No,Yes,No,Red meat
1,T3,24,Normal,Tamil,Vegetarian,No,Yes,Yes,Red meat
2,T3,22,Normal,Tamil,Vegetarian,Yes,No,No,Red meat
1,T3,24,Normal,Tamil,Vegetarian,Yes,No,Yes,Red meat
1,T3,24,Normal,Tamil,Vegetarian,Yes,Yes,No,Red meat
1,T3,28,Normal,Tamil,Vegetarian,Yes,Yes,Yes,Red meat
10,T3,29,Normal,Muslim,Any,No,No,No,None
4,T3,22,Normal,Muslim,Any,No,No,Yes,None
3,T3,22,Normal,Muslim,Any,No,Yes,No,None
1,T3,25,Normal,Muslim,Any,No,Yes,Yes,None
2,T3,24,Normal,Muslim,Any,Yes,No,No,None
1,T3,25,Normal,Muslim,Any,Yes,No,Yes,None
1,T3,29,Normal,Muslim,Any,Yes,Yes,No,None
1,T3,24,Normal,Muslim,Any,Yes,Yes,Yes,None
5,T3,22,Normal,Muslim,Any,No,No,No,Shellfish
4,T3,24,Normal,Muslim,Any,No,No,Yes,Shellfish
3,T3,26,Normal,Muslim,Any,No,Yes,No,Shellfish
1,T3,24,Normal,Muslim,Any,No,Yes,Yes,Shellfish
2,T3,27,Normal,Muslim,Any,Yes,No,No,Shellfish
1,T3,22,Normal,Muslim,Any,Yes,No,Yes,Shellfish
1,T3,20,Normal,Muslim,Any,Yes,Yes,No,Shellfish
1,T3,24,Normal,Muslim,Any,Yes,Yes,Yes,Shellfish
5,T3,26,Normal,Muslim,Any,No,No,No,Red meat
4,T3,21,Normal,Muslim,Any,No,No,Yes,Red meat
3,T3,21,Normal,Muslim,Any,No,Yes,No,Red meat
1,T3,21,Normal,Muslim,Any,No,Yes,Yes,Red meat
2,T3,21,Normal,Muslim,Any,Yes,No,No,Red meat
1,T3,23,Normal,Muslim,Any,Yes,No,Yes,Red meat
1,T3,20,Normal,Muslim,Any,Yes,Yes,No,Red meat
1,T3,29,Normal,Muslim,Any,Yes,Yes,Yes,Red meat
10,T3,20,Normal,Muslim,Vegetarian,No,No,No,None
4,T3,24,Normal,Muslim,Vegetarian,No,No,Yes,None
3,T3,25,Normal,Muslim,Vegetarian,No,Yes,No,None
1,T3,27,Normal,Muslim,Vegetarian,No,Yes,Yes,None
2,T3,27,Normal,Muslim,Vegetarian,Yes,No,No,None
1,T3,23,Normal,Muslim,Vegetarian,Yes,No,Yes,None
1,T3,26,Normal,Muslim,Vegetarian,Yes,Yes,No,None
1,T3,21,Normal,Muslim,Vegetarian,Yes,Yes,Yes,None
5,T3,24,Normal,Muslim,Vegetarian,No,No,No,Shellfish
4,T3,27,Normal,Muslim,Vegetarian,No,No,Yes,Shellfish
3,T3,21,Normal,Muslim,Vegetarian,No,Yes,No,Shellfish
1,T3,23,Normal,Muslim,Vegetarian,No,Yes,Yes,Shellfish
2,T3,24,Normal,Muslim,Vegetarian,Yes,No,No,Shellfish
1,T3,24,Normal,Muslim,Vegetarian,Yes,No,Yes,Shellfish
1,T3,27,Normal,Muslim,Vegetarian,Yes,Yes,No,Shellfish
1,T3,27,Normal,Muslim,Vegetarian,Yes,Yes,Yes,Shellfish
5,T3,28,Normal,Muslim,Vegetarian,No,No,No,Red meat
4,T3,27,Normal,Muslim,Vegetarian,No,No,Yes,Red meat
3,T3,21,Normal,Muslim,Vegetarian,No,Yes,No,Red meat
1,T3,20,Normal,Muslim,Vegetarian,No,Yes,Yes,Red meat
2,T3,22,Normal,Muslim,Vegetarian,Yes,No,No,Red meat
1,T3,24,Normal,Muslim,Vegetarian,Yes,No,Yes,Red meat
1,T3,26,Normal,Muslim,Vegetarian,Yes,Yes,No,Red meat
1,T3,25,Normal,Muslim,Vegetarian,Yes,Yes,Yes,Red meat
10,T3,25,Overweight,Sinhala,Any,No,No,No,None
4,T3,24,Overweight,Sinhala,Any,No,No,Yes,None
3,T3,25,Overweight,Sinhala,Any,No,Yes,No,None
1,T3,27,Overweight,Sinhala,Any,No,Yes,Yes,None
2,T3,21,Overweight,Sinhala,Any,Yes,No,No,None
1,T3,26,Overweight,Sinhala,Any,Yes,No,Yes,None
1,T3,21,Overweight,Sinhala,Any,Yes,Yes,No,None
1,T3,23,Overweight,Sinhala,Any,Yes,Yes,Yes,None
5,T3,24,Overweight,Sinhala,Any,No,No,No,Shellfish
4,T3,23,Overweight,Sinhala,Any,No,No,Yes,Shellfish
3,T3,25,Overweight,Sinhala,Any,No,Yes,No,Shellfish
1,T3,22,Overweight,Sinhala,Any,No,Yes,Yes,Shellfish
2,T3,24,Overweight,Sinhala,Any,Yes,No,No,Shellfish
1,T3,28,Overweight,Sinhala,Any,Yes,No,Yes,Shellfish
1,T3,26,Overweight,Sinhala,Any,Yes,Yes,No,Shellfish
1,T3,24,Overweight,Sinhala,Any,Yes,Yes,Yes,Shellfish
5,T3,26,Overweight,Sinhala,Any,No,No,No,Red meat
4,T3,27,Overweight,Sinhala,Any,No,No,Yes,Red meat
3,T3,24,Overweight,Sinhala,Any,No,Yes,No,Red meat
1,T3,21,Overweight,Sinhala,Any,No,Yes,Yes,Red meat
2,T3,23,Overweight,Sinhala,Any,Yes,No,No,Red meat
1,T3,27,Overweight,Sinhala,Any,Yes,No,Yes,Red meat
1,T3,21,Overweight,Sinhala,Any,Yes,Yes,No,Red meat
1,T3,24,Overweight,Sinhala,Any,Yes,Yes,Yes,Red meat
10,T3,20,Overweight,Sinhala,Vegetarian,No,No,No,None
4,T3,28,Overweight,Sinhala,Vegetarian,No,No,Yes,None
3,T3,20,Overweight,Sinhala,Vegetarian,No,Yes,No,None
1,T3,29,Overweight,Sinhala,Vegetarian,No,Yes,Yes,None
2,T3,29,Overweight,Sinhala,Vegetarian,Yes,No,No,None
1,T3,20,Overweight,Sinhala,Vegetarian,Yes,No,Yes,None
1,T3,28,Overweight,Sinhala,Vegetarian,Yes,Yes,No,None
1,T3,29,Overweight,Sinhala,Vegetarian,Yes,Yes,Yes,None
5,T3,22,Overweight,Sinhala,Vegetarian,No,No,No,Shellfish
4,T3,25,Overweight,Sinhala,Vegetarian,No,No,Yes,Shellfish
3,T3,27,Overweight,Sinhala,Vegetarian,No,Yes,No,Shellfish
1,T3,22,Overweight,Sinhala,Vegetarian,No,Yes,Yes,Shellfish
2,T3,21,Overweight,Sinhala,Vegetarian,Yes,No,No,Shellfish
1,T3,24,Overweight,Sinhala,Vegetarian,Yes,No,Yes,Shellfish
1,T3,27,Overweight,Sinhala,Vegetarian,Yes,Yes,No,Shellfish
1,T3,24,Overweight,Sinhala,Vegetarian,Yes,Yes,Yes,Shellfish
5,T3,28,Overweight,Sinhala,Vegetarian,No,No,No,Red meat
4,T3,21,Overweight,Sinhala,Vegetarian,No,No,Yes,Red meat
3,T3,21,Overweight,Sinhala,Vegetarian,No,Yes,No,Red meat
1,T3,23,Overweight,Sinhala,Vegetarian,No,Yes,Yes,Red meat
2,T3,22,Overweight,Sinhala,Vegetarian,Yes,No,No,Red meat
1,T3,26,Overweight,Sinhala,Vegetarian,Yes,No,Yes,Red meat
1,T3,26,Overweight,Sinhala,Vegetarian,Yes,Yes,No,Red meat
1,T3,21,Overweight,Sinhala,Vegetarian,Yes,Yes,Yes,Red meat
10,T3,20,Overweight,Tamil,Any,No,No,No,None
4,T3,21,Overweight,Tamil,Any,No,No,Yes,None
3,T3,29,Overweight,Tamil,Any,No,Yes,No,None
1,T3,21,Overweight,Tamil,Any,No,Yes,Yes,None
2,T3,29,Overweight,Tamil,Any,Yes,No,No,None
1,T3,20,Overweight,Tamil,Any,Yes,No,Yes,None
1,T3,23,Overweight,Tamil,Any,Yes,Yes,No,None
1,T3,26,Overweight,Tamil,Any,Yes,Yes,Yes,None
5,T3,28,Overweight,Tamil,Any,No,No,No,Shellfish
4,T3,28,Overweight,Tamil,Any,No,No,Yes,Shellfish
3,T3,29,Overweight,Tamil,Any,No,Yes,No,Shellfish
1,T3,21,Overweight,Tamil,Any,No,Yes,Yes,Shellfish
2,T3,24,Overweight,Tamil,Any,Yes,No,No,Shellfish
1,T3,22,Overweight,Tamil,Any,Yes,No,Yes,Shellfish
1,T3,20,Overweight,Tamil,Any,Yes,Yes,No,Shellfish
1,T3,24,Overweight,Tamil,Any,Yes,Yes,Yes,Shellfish
5,T3,24,Overweight,Tamil,Any,No,No,No,Red meat
4,T3,29,Overweight,Tamil,Any,No,No,Yes,Red meat
3,T3,28,Overweight,Tamil,Any,No,Yes,No,Red meat
1,T3,26,Overweight,Tamil,Any,No,Yes,Yes,Red meat
2,T3,27,Overweight,Tamil,Any,Yes,No,No,Red meat
1,T3,26,Overweight,Tamil,Any,Yes,No,Yes,Red meat
1,T3,28,Overweight,Tamil,Any,Yes,Yes,No,Red meat
1,T3,25,Overweight,Tamil,Any,Yes,Yes,Yes,Red meat
10,T3,25,Overweight,Tamil,Vegetarian,No,No,No,None
4,T3,26,Overweight,Tamil,Vegetarian,No,No,Yes,None
3,T3,29,Overweight,Tamil,Vegetarian,No,Yes,No,None
1,T3,28,Overweight,Tamil,Vegetarian,No,Yes,Yes,None
2,T3,24,Overweight,Tamil,Vegetarian,Yes,No,No,None
1,T3,25,Overweight,Tamil,Vegetarian,Yes,No,Yes,None
1,T3,29,Overweight,Tamil,Vegetarian,Yes,Yes,No,None
1,T3,27,Overweight,Tamil,Vegetarian,Yes,Yes,Yes,None
5,T3,29,Overweight,Tamil,Vegetarian,No,No,No,Shellfish
4,T3,25,Overweight,Tamil,Vegetarian,No,No,Yes,Shellfish
3,T3,21,Overweight,Tamil,Vegetarian,No,Yes,No,Shellfish
1,T3,28,Overweight,Tamil,Vegetarian,No,Yes,Yes,Shellfish
2,T3,26,Overweight,Tamil,Vegetarian,Yes,No,No,Shellfish
1,T3,27,Overweight,Tamil,Vegetarian,Yes,No,Yes,Shellfish
1,T3,23,Overweight,Tamil,Vegetarian,Yes,Yes,No,Shellfish
1,T3,28,Overweight,Tamil,Vegetarian,Yes,Yes,Yes,Shellfish
5,T3,23,Overweight,Tamil,Vegetarian,No,No,No,Red meat
4,T3,23,Overweight,Tamil,Vegetarian,No,No,Yes,Red meat
3,T3,27,Overweight,Tamil,Vegetarian,No,Yes,No,Red meat
1,T3,22,Overweight,Tamil,Vegetarian,No,Yes,Yes,Red meat
2,T3,20,Overweight,Tamil,Vegetarian,Yes,No,No,Red meat
1,T3,24,Overweight,Tamil,Vegetarian,Yes,No,Yes,Red meat
1,T3,27,Overweight,Tamil,Vegetarian,Yes,Yes,No,Red meat
1,T3,28,Overweight,Tamil,Vegetarian,Yes,Yes,Yes,Red meat
10,T3,27,Overweight,Muslim,Any,No,No,No,None
4,T3,25,Overweight,Muslim,Any,No,No,Yes,None
3,T3,25,Overweight,Muslim,Any,No,Yes,No,None
1,T3,20,Overweight,Muslim,Any,No,Yes,Yes,None
2,T3,28,Overweight,Muslim,Any,Yes,No,No,None
1,T3,21,Overweight,Muslim,Any,Yes,No,Yes,None
1,T3,21,Overweight,Muslim,Any,Yes,Yes,No,None
1,T3,27,Overweight,Muslim,Any,Yes,Yes,Yes,None
5,T3,22,Overweight,Muslim,Any,No,No,No,Shellfish
4,T3,23,Overweight,Muslim,Any,No,No,Yes,Shellfish
3,T3,29,Overweight,Muslim,Any,No,Yes,No,Shellfish
1,T3,24,Overweight,Muslim,Any,No,Yes,Yes,Shellfish
2,T3,22,Overweight,Muslim,Any,Yes,No,No,Shellfish
1,T3,28,Overweight,Muslim,Any,Yes,No,Yes,Shellfish
1,T3,27,Overweight,Muslim,Any,Yes,Yes,No,Shellfish
1,T3,22,Overweight,Muslim,Any,Yes,Yes,Yes,Shellfish
5,T3,28,Overweight,Muslim,Any,No,No,No,Red meat
4,T3,29,Overweight,Muslim,Any,No,No,Yes,Red meat
3,T3,21,Overweight,Muslim,Any,No,Yes,No,Red meat
1,T3,22,Overweight,Muslim,Any,No,Yes,Yes,Red meat
2,T3,26,Overweight,Muslim,Any,Yes,No,No,Red meat
1,T3,21,Overweight,Muslim,Any,Yes,No,Yes,Red meat
1,T3,25,Overweight,Muslim,Any,Yes,Yes,No,Red meat
1,T3,21,Overweight,Muslim,Any,Yes,Yes,Yes,Red meat
10,T3,29,Overweight,Muslim,Vegetarian,No,No,No,None
4,T3,21,Overweight,Muslim,Vegetarian,No,No,Yes,None
3,T3,27,Overweight,Muslim,Vegetarian,No,Yes,No,None
1,T3,29,Overweight,Muslim,Vegetarian,No,Yes,Yes,None
2,T3,24,Overweight,Muslim,Vegetarian,Yes,No,No,None
1,T3,26,Overweight,Muslim,Vegetarian,Yes,No,Yes,None
1,T3,26,Overweight,Muslim,Vegetarian,Yes,Yes,No,None
1,T3,25,Overweight,Muslim,Vegetarian,Yes,Yes,Yes,None
5,T3,26,Overweight,Muslim,Vegetarian,No,No,No,Shellfish
4,T3,23,Overweight,Muslim,Vegetarian,No,No,Yes,Shellfish
3,T3,24,Overweight,Muslim,Vegetarian,No,Yes,No,Shellfish
1,T3,24,Overweight,Muslim,Vegetarian,No,Yes,Yes,Shellfish
2,T3,25,Overweight,Muslim,Vegetarian,Yes,No,No,Shellfish
1,T3,27,Overweight,Muslim,Vegetarian,Yes,No,Yes,Shellfish
1,T3,27,Overweight,Muslim,Vegetarian,Yes,Yes,No,Shellfish
1,T3,25,Overweight,Muslim,Vegetarian,Yes,Yes,Yes,Shellfish
5,T3,29,Overweight,Muslim,Vegetarian,No,No,No,Red meat
4,T3,27,Overweight,Muslim,Vegetarian,No,No,Yes,Red meat
3,T3,21,Overweight,Muslim,Vegetarian,No,Yes,No,Red meat
1,T3,22,Overweight,Muslim,Vegetarian,No,Yes,Yes,Red meat
2,T3,28,Overweight,Muslim,Vegetarian,Yes,No,No,Red meat
1,T3,29,Overweight,Muslim,Vegetarian,Yes,No,Yes,Red meat
1,T3,27,Overweight,Muslim,Vegetarian,Yes,Yes,No,Red meat
1,T3,20,Overweight,Muslim,Vegetarian,Yes,Yes,Yes,Red meat
7,T3,22,Obese,Sinhala,Any,No,No,No,None
4,T3,24,Obese,Sinhala,Any,No,No,Yes,None
3,T3,28,Obese,Sinhala,Any,No,Yes,No,None
1,T3,23,Obese,Sinhala,Any,No,Yes,Yes,None
2,T3,21,Obese,Sinhala,Any,Yes,No,No,None
1,T3,26,Obese,Sinhala,Any,Yes,No,Yes,None
1,T3,26,Obese,Sinhala,Any,Yes,Yes,No,None
1,T3,23,Obese,Sinhala,Any,Yes,Yes,Yes,None
5,T3,22,Obese,Sinhala,Any,No,No,No,Shellfish
4,T3,21,Obese,Sinhala,Any,No,No,Yes,Shellfish
3,T3,25,Obese,Sinhala,Any,No,Yes,No,Shellfish
1,T3,25,Obese,Sinhala,Any,No,Yes,Yes,Shellfish
2,T3,28,Obese,Sinhala,Any,Yes,No,No,Shellfish
1,T3,27,Obese,Sinhala,Any,Yes,No,Yes,Shellfish
1,T3,24,Obese,Sinhala,Any,Yes,Yes,No,Shellfish
1,T3,23,Obese,Sinhala,Any,Yes,Yes,Yes,Shellfish
5,T3,22,Obese,Sinhala,Any,No,No,No,Red meat
4,T3,27,Obese,Sinhala,Any,No,No,Yes,Red meat
3,T3,20,Obese,Sinhala,Any,No,Yes,No,Red meat
1,T3,26,Obese,Sinhala,Any,No,Yes,Yes,Red meat
2,T3,21,Obese,Sinhala,Any,Yes,No,No,Red meat
1,T3,24,Obese,Sinhala,Any,Yes,No,Yes,Red meat
1,T3,24,Obese,Sinhala,Any,Yes,Yes,No,Red meat
1,T3,25,Obese,Sinhala,Any,Yes,Yes,Yes,Red meat
7,T3,24,Obese,Sinhala,Vegetarian,No,No,No,None
4,T3,25,Obese,Sinhala,Vegetarian,No,No,Yes,None
3,T3,28,Obese,Sinhala,Vegetarian,No,Yes,No,None
1,T3,28,Obese,Sinhala,Vegetarian,No,Yes,Yes,None
2,T3,25,Obese,Sinhala,Vegetarian,Yes,No,No,None
1,T3,22,Obese,Sinhala,Vegetarian,Yes,No,Yes,None
1,T3,23,Obese,Sinhala,Vegetarian,Yes,Yes,No,None
1,T3,27,Obese,Sinhala,Vegetarian,Yes,Yes,Yes,None
5,T3,26,Obese,Sinhala,Vegetarian,No,No,No,Shellfish
4,T3,25,Obese,Sinhala,Vegetarian,No,No,Yes,Shellfish
3,T3,26,Obese,Sinhala,Vegetarian,No,Yes,No,Shellfish
1,T3,26,Obese,Sinhala,Vegetarian,No,Yes,Yes,Shellfish
2,T3,25,Obese,Sinhala,Vegetarian,Yes,No,No,Shellfish
1,T3,22,Obese,Sinhala,Vegetarian,Yes,No,Yes,Shellfish
1,T3,21,Obese,Sinhala,Vegetarian,Yes,Yes,No,Shellfish
1,T3,29,Obese,Sinhala,Vegetarian,Yes,Yes,Yes,Shellfish
5,T3,25,Obese,Sinhala,Vegetarian,No,No,No,Red meat
4,T3,21,Obese,Sinhala,Vegetarian,No,No,Yes,Red meat
3,T3,24,Obese,Sinhala,Vegetarian,No,Yes,No,Red meat
1,T3,25,Obese,Sinhala,Vegetarian,No,Yes,Yes,Red meat
2,T3,23,Obese,Sinhala,Vegetarian,Yes,No,No,Red meat
1,T3,21,Obese,Sinhala,Vegetarian,Yes,No,Yes,Red meat
1,T3,21,Obese,Sinhala,Vegetarian,Yes,Yes,No,Red meat
1,T3,27,Obese,Sinhala,Vegetarian,Yes,Yes,Yes,Red meat
7,T3,27,Obese,Tamil,Any,No,No,No,None
4,T3,22,Obese,Tamil,Any,No,No,Yes,None
3,T3,22,Obese,Tamil,Any,No,Yes,No,None
1,T3,29,Obese,Tamil,Any,No,Yes,Yes,None
2,T3,29,Obese,Tamil,Any,Yes,No,No,None
1,T3,27,Obese,Tamil,Any,Yes,No,Yes,None
1,T3,20,Obese,Tamil,Any,Yes,Yes,No,None
1,T3,21,Obese,Tamil,Any,Yes,Yes,Yes,None
5,T3,29,Obese,Tamil,Any,No,No,No,Shellfish
4,T3,25,Obese,Tamil,Any,No,No,Yes,Shellfish
3,T3,28,Obese,Tamil,Any,No,Yes,No,Shellfish
1,T3,29,Obese,Tamil,Any,No,Yes,Yes,Shellfish
2,T3,27,Obese,Tamil,Any,Yes,No,No,Shellfish
1,T3,28,Obese,Tamil,Any,Yes,No,Yes,Shellfish
1,T3,27,Obese,Tamil,Any,Yes,Yes,No,Shellfish
1,T3,23,Obese,Tamil,Any,Yes,Yes,Yes,Shellfish
5,T3,25,Obese,Tamil,Any,No,No,No,Red meat
4,T3,20,Obese,Tamil,Any,No,No,Yes,Red meat
3,T3,28,Obese,Tamil,Any,No,Yes,No,Red meat
1,T3,28,Obese,Tamil,Any,No,Yes,Yes,Red meat
2,T3,22,Obese,Tamil,Any,Yes,No,No,Red meat
1,T3,29,Obese,Tamil,Any,Yes,No,Yes,Red meat
1,T3,25,Obese,Tamil,Any,Yes,Yes,No,Red meat
1,T3,27,Obese,Tamil,Any,Yes,Yes,Yes,Red meat
7,T3,20,Obese,Tamil,Vegetarian,No,No,No,None
4,T3,29,Obese,Tamil,Vegetarian,No,No,Yes,None
3,T3,29,Obese,Tamil,Vegetarian,No,Yes,No,None
1,T3,23,Obese,Tamil,Vegetarian,No,Yes,Yes,None
2,T3,22,Obese,Tamil,Vegetarian,Yes,No,No,None
1,T3,29,Obese,Tamil,Vegetarian,Yes,No,Yes,None
1,T3,29,Obese,Tamil,Vegetarian,Yes,Yes,No,None
1,T3,20,Obese,Tamil,Vegetarian,Yes,Yes,Yes,None
5,T3,28,Obese,Tamil,Vegetarian,No,No,No,Shellfish
4,T3,28,Obese,Tamil,Vegetarian,No,No,Yes,Shellfish
3,T3,29,Obese,Tamil,Vegetarian,No,Yes,No,Shellfish
1,T3,21,Obese,Tamil,Vegetarian,No,Yes,Yes,Shellfish
2,T3,20,Obese,Tamil,Vegetarian,Yes,No,No,Shellfish
1,T3,23,Obese,Tamil,Vegetarian,Yes,No,Yes,Shellfish
1,T3,21,Obese,Tamil,Vegetarian,Yes,Yes,No,Shellfish
1,T3,21,Obese,Tamil,Vegetarian,Yes,Yes,Yes,Shellfish
5,T3,24,Obese,Tamil,Vegetarian,No,No,No,Red meat
4,T3,24,Obese,Tamil,Vegetarian,No,No,Yes,Red meat
3,T3,25,Obese,Tamil,Vegetarian,No,Yes,No,Red meat
1,T3,29,Obese,Tamil,Vegetarian,No,Yes,Yes,Red meat
2,T3,27,Obese,Tamil,Vegetarian,Yes,No,No,Red meat
1,T3,27,Obese,Tamil,Vegetarian,Yes,No,Yes,Red meat
1,T3,28,Obese,Tamil,Vegetarian,Yes,Yes,No,Red meat
1,T3,25,Obese,Tamil,Vegetarian,Yes,Yes,Yes,Red meat
7,T3,23,Obese,Muslim,Any,No,No,No,None
4,T3,25,Obese,Muslim,Any,No,No,Yes,None
3,T3,25,Obese,Muslim,Any,No,Yes,No,None
1,T3,26,Obese,Muslim,Any,No,Yes,Yes,None
2,T3,22,Obese,Muslim,Any,Yes,No,No,None
1,T3,29,Obese,Muslim,Any,Yes,No,Yes,None
1,T3,21,Obese,Muslim,Any,Yes,Yes,No,None
1,T3,27,Obese,Muslim,Any,Yes,Yes,Yes,None
5,T3,25,Obese,Muslim,Any,No,No,No,Shellfish
4,T3,22,Obese,Muslim,Any,No,No,Yes,Shellfish
3,T3,25,Obese,Muslim,Any,No,Yes,No,Shellfish
1,T3,28,Obese,Muslim,Any,No,Yes,Yes,Shellfish
2,T3,24,Obese,Muslim,Any,Yes,No,No,Shellfish
1,T3,28,Obese,Muslim,Any,Yes,No,Yes,Shellfish
1,T3,29,Obese,Muslim,Any,Yes,Yes,No,Shellfish
1,T3,27,Obese,Muslim,Any,Yes,Yes,Yes,Shellfish
5,T3,29,Obese,Muslim,Any,No,No,No,Red meat
4,T3,21,Obese,Muslim,Any,No,No,Yes,Red meat
3,T3,26,Obese,Muslim,Any,No,Yes,No,Red meat
1,T3,28,Obese,Muslim,Any,No,Yes,Yes,Red meat
2,T3,28,Obese,Muslim,Any,Yes,No,No,Red meat
1,T3,27,Obese,Muslim,Any,Yes,No,Yes,Red meat
1,T3,21,Obese,Muslim,Any,Yes,Yes,No,Red meat
1,T3,22,Obese,Muslim,Any,Yes,Yes,Yes,Red meat
7,T3,20,Obese,Muslim,Vegetarian,No,No,No,None
4,T3,21,Obese,Muslim,Vegetarian,No,No,Yes,None
3,T3,20,Obese,Muslim,Vegetarian,No,Yes,No,None
1,T3,29,Obese,Muslim,Vegetarian,No,Yes,Yes,None
2,T3,22,Obese,Muslim,Vegetarian,Yes,No,No,None
1,T3,22,Obese,Muslim,Vegetarian,Yes,No,Yes,None
1,T3,20,Obese,Muslim,Vegetarian,Yes,Yes,No,None
1,T3,24,Obese,Muslim,Vegetarian,Yes,Yes,Yes,None
5,T3,21,Obese,Muslim,Vegetarian,No,No,No,Shellfish
4,T3,28,Obese,Muslim,Vegetarian,No,No,Yes,Shellfish
3,T3,27,Obese,Muslim,Vegetarian,No,Yes,No,Shellfish
1,T3,21,Obese,Muslim,Vegetarian,No,Yes,Yes,Shellfish
2,T3,23,Obese,Muslim,Vegetarian,Yes,No,No,Shellfish
1,T3,24,Obese,Muslim,Vegetarian,Yes,No,Yes,Shellfish
1,T3,27,Obese,Muslim,Vegetarian,Yes,Yes,No,Shellfish
1,T3,25,Obese,Muslim,Vegetarian,Yes,Yes,Yes,Shellfish
5,T3,27,Obese,Muslim,Vegetarian,No,No,No,Red meat
4,T3,29,Obese,Muslim,Vegetarian,No,No,Yes,Red meat
3,T3,25,Obese,Muslim,Vegetarian,No,Yes,No,Red meat
1,T3,20,Obese,Muslim,Vegetarian,No,Yes,Yes,Red meat
2,T3,23,Obese,Muslim,Vegetarian,Yes,No,No,Red meat
1,T3,25,Obese,Muslim,Vegetarian,Yes,No,Yes,Red meat
1,T3,23,Obese,Muslim,Vegetarian,Yes,Yes,No,Red meat
1,T3,21,Obese,Muslim,Vegetarian,Yes,Yes,Yes,Red meat
6,T3,33,Underweight,Sinhala,Any,No,No,No,None
4,T3,33,Underweight,Sinhala,Any,No,No,Yes,None
3,T3,34,Underweight,Sinhala,Any,No,Yes,No,None
1,T3,34,Underweight,Sinhala,Any,No,Yes,Yes,None
2,T3,32,Underweight,Sinhala,Any,Yes,No,No,None
1,T3,33,Underweight,Sinhala,Any,Yes,No,Yes,None
1,T3,32,Underweight,Sinhala,Any,Yes,Yes,No,None
1,T3,30,Underweight,Sinhala,Any,Yes,Yes,Yes,None
5,T3,30,Underweight,Sinhala,Any,No,No,No,Shellfish
4,T3,31,Underweight,Sinhala,Any,No,No,Yes,Shellfish
3,T3,33,Underweight,Sinhala,Any,No,Yes,No,Shellfish
1,T3,30,Underweight,Sinhala,Any,No,Yes,Yes,Shellfish
2,T3,34,Underweight,Sinhala,Any,Yes,No,No,Shellfish
1,T3,31,Underweight,Sinhala,Any,Yes,No,Yes,Shellfish
1,T3,31,Underweight,Sinhala,Any,Yes,Yes,No,Shellfish
1,T3,31,Underweight,Sinhala,Any,Yes,Yes,Yes,Shellfish
5,T3,34,Underweight,Sinhala,Any,No,No,No,Red meat
4,T3,31,Underweight,Sinhala,Any,No,No,Yes,Red meat
3,T3,30,Underweight,Sinhala,Any,No,Yes,No,Red meat
1,T3,33,Underweight,Sinhala,Any,No,Yes,Yes,Red meat
2,T3,31,Underweight,Sinhala,Any,Yes,No,No,Red meat
1,T3,31,Underweight,Sinhala,Any,Yes,No,Yes,Red meat
1,T3,32,Underweight,Sinhala,Any,Yes,Yes,No,Red meat
1,T3,34,Underweight,Sinhala,Any,Yes,Yes,Yes,Red meat
6,T3,31,Underweight,Sinhala,Vegetarian,No,No,No,None
4,T3,34,Underweight,Sinhala,Vegetarian,No,No,Yes,None
3,T3,31,Underweight,Sinhala,Vegetarian,No,Yes,No,None
1,T3,32,Underweight,Sinhala,Vegetarian,No,Yes,Yes,None
2,T3,34,Underweight,Sinhala,Vegetarian,Yes,No,No,None
1,T3,33,Underweight,Sinhala,Vegetarian,Yes,No,Yes,None
1,T3,33,Underweight,Sinhala,Vegetarian,Yes,Yes,No,None
1,T3,32,Underweight,Sinhala,Vegetarian,Yes,Yes,Yes,None
5,T3,30,Underweight,Sinhala,Vegetarian,No,No,No,Shellfish
4,T3,34,Underweight,Sinhala,Vegetarian,No,No,Yes,Shellfish
3,T3,30,Underweight,Sinhala,Vegetarian,No,Yes,No,Shellfish
1,T3,30,Underweight,Sinhala,Vegetarian,No,Yes,Yes,Shellfish
2,T3,30,Underweight,Sinhala,Vegetarian,Yes,No,No,Shellfish
1,T3,31,Underweight,Sinhala,Vegetarian,Yes,No,Yes,Shellfish
1,T3,31,Underweight,Sinhala,Vegetarian,Yes,Yes,No,Shellfish
1,T3,33,Underweight,Sinhala,Vegetarian,Yes,Yes,Yes,Shellfish
5,T3,30,Underweight,Sinhala,Vegetarian,No,No,No,Red meat
4,T3,32,Underweight,Sinhala,Vegetarian,No,No,Yes,Red meat
3,T3,31,Underweight,Sinhala,Vegetarian,No,Yes,No,Red meat
1,T3,30,Underweight,Sinhala,Vegetarian,No,Yes,Yes,Red meat
2,T3,34,Underweight,Sinhala,Vegetarian,Yes,No,No,Red meat
1,T3,30,Underweight,Sinhala,Vegetarian,Yes,No,Yes,Red meat
1,T3,30,Underweight,Sinhala,Vegetarian,Yes,Yes,No,Red meat
1,T3,30,Underweight,Sinhala,Vegetarian,Yes,Yes,Yes,Red meat
6,T3,31,Underweight,Tamil,Any,No,No,No,None
4,T3,33,Underweight,Tamil,Any,No,No,Yes,None
3,T3,32,Underweight,Tamil,Any,No,Yes,No,None
1,T3,34,Underweight,Tamil,Any,No,Yes,Yes,None
2,T3,31,Underweight,Tamil,Any,Yes,No,No,None
1,T3,31,Underweight,Tamil,Any,Yes,No,Yes,None
1,T3,33,Underweight,Tamil,Any,Yes,Yes,No,None
1,T3,30,Underweight,Tamil,Any,Yes,Yes,Yes,None
5,T3,30,Underweight,Tamil,Any,No,No,No,Shellfish
4,T3,30,Underweight,Tamil,Any,No,No,Yes,Shellfish
3,T3,33,Underweight,Tamil,Any,No,Yes,No,Shellfish
1,T3,32,Underweight,Tamil,Any,No,Yes,Yes,Shellfish
2,T3,33,Underweight,Tamil,Any,Yes,No,No,Shellfish
1,T3,33,Underweight,Tamil,Any,Yes,No,Yes,Shellfish
1,T3,34,Underweight,Tamil,Any,Yes,Yes,No,Shellfish
1,T3,30,Underweight,Tamil,Any,Yes,Yes,Yes,Shellfish
5,T3,30,Underweight,Tamil,Any,No,No,No,Red meat
4,T3,33,Underweight,Tamil,Any,No,No,Yes,Red meat
3,T3,33,Underweight,Tamil,Any,No,Yes,No,Red meat
1,T3,31,Underweight,Tamil,Any,No,Yes,Yes,Red meat
2,T3,34,Underweight,Tamil,Any,Yes,No,No,Red meat
1,T3,30,Underweight,Tamil,Any,Yes,No,Yes,Red meat
1,T3,31,Underweight,Tamil,Any,Yes,Yes,No,Red meat
1,T3,33,Underweight,Tamil,Any,Yes,Yes,Yes,Red meat
6,T3,33,Underweight,Tamil,Vegetarian,No,No,No,None
4,T3,33,Underweight,Tamil,Vegetarian,No,No,Yes,None
3,T3,34,Underweight,Tamil,Vegetarian,No,Yes,No,None
1,T3,32,Underweight,Tamil,Vegetarian,No,Yes,Yes,None
2,T3,32,Underweight,Tamil,Vegetarian,Yes,No,No,None
1,T3,34,Underweight,Tamil,Vegetarian,Yes,No,Yes,None
1,T3,32,Underweight,Tamil,Vegetarian,Yes,Yes,No,None
1,T3,31,Underweight,Tamil,Vegetarian,Yes,Yes,Yes,None
5,T3,30,Underweight,Tamil,Vegetarian,No,No,No,Shellfish
4,T3,32,Underweight,Tamil,Vegetarian,No,No,Yes,Shellfish
3,T3,32,Underweight,Tamil,Vegetarian,No,Yes,No,Shellfish
1,T3,34,Underweight,Tamil,Vegetarian,No,Yes,Yes,Shellfish
2,T3,30,Underweight,Tamil,Vegetarian,Yes,No,No,Shellfish
1,T3,31,Underweight,Tamil,Vegetarian,Yes,No,Yes,Shellfish
1,T3,34,Underweight,Tamil,Vegetarian,Yes,Yes,No,Shellfish
1,T3,34,Underweight,Tamil,Vegetarian,Yes,Yes,Yes,Shellfish
5,T3,34,Underweight,Tamil,Vegetarian,No,No,No,Red meat
4,T3,33,Underweight,Tamil,Vegetarian,No,No,Yes,Red meat
3,T3,34,Underweight,Tamil,Vegetarian,No,Yes,No,Red meat
1,T3,34,Underweight,Tamil,Vegetarian,No,Yes,Yes,Red meat
2,T3,33,Underweight,Tamil,Vegetarian,Yes,No,No,Red meat
1,T3,32,Underweight,Tamil,Vegetarian,Yes,No,Yes,Red meat
1,T3,31,Underweight,Tamil,Vegetarian,Yes,Yes,No,Red meat
1,T3,30,Underweight,Tamil,Vegetarian,Yes,Yes,Yes,Red meat
6,T3,34,Underweight,Muslim,Any,No,No,No,None
4,T3,32,Underweight,Muslim,Any,No,No,Yes,None
3,T3,30,Underweight,Muslim,Any,No,Yes,No,None
1,T3,33,Underweight,Muslim,Any,No,Yes,Yes,None
2,T3,33,Underweight,Muslim,Any,Yes,No,No,None
1,T3,30,Underweight,Muslim,Any,Yes,No,Yes,None
1,T3,34,Underweight,Muslim,Any,Yes,Yes,No,None
1,T3,33,Underweight,Muslim,Any,Yes,Yes,Yes,None
5,T3,31,Underweight,Muslim,Any,No,No,No,Shellfish
4,T3,30,Underweight,Muslim,Any,No,No,Yes,Shellfish
3,T3,31,Underweight,Muslim,Any,No,Yes,No,Shellfish
1,T3,33,Underweight,Muslim,Any,No,Yes,Yes,Shellfish
2,T3,31,Underweight,Muslim,Any,Yes,No,No,Shellfish
1,T3,30,Underweight,Muslim,Any,Yes,No,Yes,Shellfish
1,T3,32,Underweight,Muslim,Any,Yes,Yes,No,Shellfish
1,T3,30,Underweight,Muslim,Any,Yes,Yes,Yes,Shellfish
5,T3,31,Underweight,Muslim,Any,No,No,No,Red meat
4,T3,30,Underweight,Muslim,Any,No,No,Yes,Red meat
3,T3,30,Underweight,Muslim,Any,No,Yes,No,Red meat
1,T3,31,Underweight,Muslim,Any,No,Yes,Yes,Red meat
2,T3,34,Underweight,Muslim,Any,Yes,No,No,Red meat
1,T3,32,Underweight,Muslim,Any,Yes,No,Yes,Red meat
1,T3,33,Underweight,Muslim,Any,Yes,Yes,No,Red meat
1,T3,32,Underweight,Muslim,Any,Yes,Yes,Yes,Red meat
6,T3,34,Underweight,Muslim,Vegetarian,No,No,No,None
4,T3,31,Underweight,Muslim,Vegetarian,No,No,Yes,None
3,T3,30,Underweight,Muslim,Vegetarian,No,Yes,No,None
1,T3,31,Underweight,Muslim,Vegetarian,No,Yes,Yes,None
2,T3,31,Underweight,Muslim,Vegetarian,Yes,No,No,None
1,T3,34,Underweight,Muslim,Vegetarian,Yes,No,Yes,None
1,T3,32,Underweight,Muslim,Vegetarian,Yes,Yes,No,None
1,T3,30,Underweight,Muslim,Vegetarian,Yes,Yes,Yes,None
5,T3,32,Underweight,Muslim,Vegetarian,No,No,No,Shellfish
4,T3,31,Underweight,Muslim,Vegetarian,No,No,Yes,Shellfish
3,T3,34,Underweight,Muslim,Vegetarian,No,Yes,No,Shellfish
1,T3,30,Underweight,Muslim,Vegetarian,No,Yes,Yes,Shellfish
2,T3,33,Underweight,Muslim,Vegetarian,Yes,No,No,Shellfish
1,T3,33,Underweight,Muslim,Vegetarian,Yes,No,Yes,Shellfish
1,T3,33,Underweight,Muslim,Vegetarian,Yes,Yes,No,Shellfish
1,T3,33,Underweight,Muslim,Vegetarian,Yes,Yes,Yes,Shellfish
5,T3,34,Underweight,Muslim,Vegetarian,No,No,No,Red meat
4,T3,30,Underweight,Muslim,Vegetarian,No,No,Yes,Red meat
3,T3,30,Underweight,Muslim,Vegetarian,No,Yes,No,Red meat
1,T3,34,Underweight,Muslim,Vegetarian,No,Yes,Yes,Red meat
2,T3,31,Underweight,Muslim,Vegetarian,Yes,No,No,Red meat
1,T3,30,Underweight,Muslim,Vegetarian,Yes,No,Yes,Red meat
1,T3,32,Underweight,Muslim,Vegetarian,Yes,Yes,No,Red meat
1,T3,32,Underweight,Muslim,Vegetarian,Yes,Yes,Yes,Red meat
10,T3,34,Normal,Sinhala,Any,No,No,No,None
4,T3,30,Normal,Sinhala,Any,No,No,Yes,None
3,T3,33,Normal,Sinhala,Any,No,Yes,No,None
1,T3,34,Normal,Sinhala,Any,No,Yes,Yes,None
2,T3,34,Normal,Sinhala,Any,Yes,No,No,None
1,T3,33,Normal,Sinhala,Any,Yes,No,Yes,None
1,T3,34,Normal,Sinhala,Any,Yes,Yes,No,None
1,T3,31,Normal,Sinhala,Any,Yes,Yes,Yes,None
5,T3,32,Normal,Sinhala,Any,No,No,No,Shellfish
4,T3,31,Normal,Sinhala,Any,No,No,Yes,Shellfish
3,T3,30,Normal,Sinhala,Any,No,Yes,No,Shellfish
1,T3,33,Normal,Sinhala,Any,No,Yes,Yes,Shellfish
2,T3,31,Normal,Sinhala,Any,Yes,No,No,Shellfish
1,T3,32,Normal,Sinhala,Any,Yes,No,Yes,Shellfish
1,T3,32,Normal,Sinhala,Any,Yes,Yes,No,Shellfish
1,T3,30,Normal,Sinhala,Any,Yes,Yes,Yes,Shellfish
5,T3,31,Normal,Sinhala,Any,No,No,No,Red meat
4,T3,31,Normal,Sinhala,Any,No,No,Yes,Red meat
3,T3,31,Normal,Sinhala,Any,No,Yes,No,Red meat
1,T3,31,Normal,Sinhala,Any,No,Yes,Yes,Red meat
2,T3,30,Normal,Sinhala,Any,Yes,No,No,Red meat
1,T3,32,Normal,Sinhala,Any,Yes,No,Yes,Red meat
1,T3,34,Normal,Sinhala,Any,Yes,Yes,No,Red meat
1,T3,34,Normal,Sinhala,Any,Yes,Yes,Yes,Red meat
10,T3,32,Normal,Sinhala,Vegetarian,No,No,No,None
4,T3,30,Normal,Sinhala,Vegetarian,No,No,Yes,None
3,T3,34,Normal,Sinhala,Vegetarian,No,Yes,No,None
1,T3,33,Normal,Sinhala,Vegetarian,No,Yes,Yes,None
2,T3,30,Normal,Sinhala,Vegetarian,Yes,No,No,None
1,T3,31,Normal,Sinhala,Vegetarian,Yes,No,Yes,None
1,T3,33,Normal,Sinhala,Vegetarian,Yes,Yes,No,None
1,T3,30,Normal,Sinhala,Vegetarian,Yes,Yes,Yes,None
5,T3,34,Normal,Sinhala,Vegetarian,No,No,No,Shellfish
4,T3,33,Normal,Sinhala,Vegetarian,No,No,Yes,Shellfish
3,T3,33,Normal,Sinhala,Vegetarian,No,Yes,No,Shellfish
1,T3,30,Normal,Sinhala,Vegetarian,No,Yes,Yes,Shellfish
2,T3,30,Normal,Sinhala,Vegetarian,Yes,No,No,Shellfish
1,T3,34,Normal,Sinhala,Vegetarian,Yes,No,Yes,Shellfish
1,T3,30,Normal,Sinhala,Vegetarian,Yes,Yes,No,Shellfish
1,T3,31,Normal,Sinhala,Vegetarian,Yes,Yes,Yes,Shellfish
5,T3,32,Normal,Sinhala,Vegetarian,No,No,No,Red meat
4,T3,30,Normal,Sinhala,Vegetarian,No,No,Yes,Red meat
3,T3,30,Normal,Sinhala,Vegetarian,No,Yes,No,Red meat
1,T3,34,Normal,Sinhala,Vegetarian,No,Yes,Yes,Red meat
2,T3,33,Normal,Sinhala,Vegetarian,Yes,No,No,Red meat
1,T3,30,Normal,Sinhala,Vegetarian,Yes,No,Yes,Red meat
1,T3,31,Normal,Sinhala,Vegetarian,Yes,Yes,No,Red meat
1,T3,33,Normal,Sinhala,Vegetarian,Yes,Yes,Yes,Red meat
10,T3,32,Normal,Tamil,Any,No,No,No,None
4,T3,34,Normal,Tamil,Any,No,No,Yes,None
3,T3,31,Normal,Tamil,Any,No,Yes,No,None
1,T3,30,Normal,Tamil,Any,No,Yes,Yes,None
2,T3,32,Normal,Tamil,Any,Yes,No,No,None
1,T3,31,Normal,Tamil,Any,Yes,No,Yes,None
1,T3,32,Normal,Tamil,Any,Yes,Yes,No,None
1,T3,32,Normal,Tamil,Any,Yes,Yes,Yes,None
5,T3,34,Normal,Tamil,Any,No,No,No,Shellfish
4,T3,34,Normal,Tamil,Any,No,No,Yes,Shellfish
3,T3,34,Normal,Tamil,Any,No,Yes,No,Shellfish
1,T3,30,Normal,Tamil,Any,No,Yes,Yes,Shellfish
2,T3,32,Normal,Tamil,Any,Yes,No,No,Shellfish
1,T3,30,Normal,Tamil,Any,Yes,No,Yes,Shellfish
1,T3,31,Normal,Tamil,Any,Yes,Yes,No,Shellfish
1,T3,30,Normal,Tamil,Any,Yes,Yes,Yes,Shellfish
5,T3,30,Normal,Tamil,Any,No,No,No,Red meat
4,T3,34,Normal,Tamil,Any,No,No,Yes,Red meat
3,T3,33,Normal,Tamil,Any,No,Yes,No,Red meat
1,T3,31,Normal,Tamil,Any,No,Yes,Yes,Red meat
2,T3,33,Normal,Tamil,Any,Yes,No,No,Red meat
1,T3,33,Normal,Tamil,Any,Yes,No,Yes,Red meat
1,T3,34,Normal,Tamil,Any,Yes,Yes,No,Red meat
1,T3,30,Normal,Tamil,Any,Yes,Yes,Yes,Red meat
10,T3,33,Normal,Tamil,Vegetarian,No,No,No,None
4,T3,33,Normal,Tamil,Vegetarian,No,No,Yes,None
3,T3,33,Normal,Tamil,Vegetarian,No,Yes,No,None
1,T3,33,Normal,Tamil,Vegetarian,No,Yes,Yes,None
2,T3,31,Normal,Tamil,Vegetarian,Yes,No,No,None
1,T3,31,Normal,Tamil,Vegetarian,Yes,No,Yes,None
1,T3,33,Normal,Tamil,Vegetarian,Yes,Yes,No,None
1,T3,30,Normal,Tamil,Vegetarian,Yes,Yes,Yes,None
5,T3,30,Normal,Tamil,Vegetarian,No,No,No,Shellfish
4,T3,31,Normal,Tamil,Vegetarian,No,No,Yes,Shellfish
3,T3,32,Normal,Tamil,Vegetarian,No,Yes,No,Shellfish
1,T3,30,Normal,Tamil,Vegetarian,No,Yes,Yes,Shellfish
2,T3,31,Normal,Tamil,Vegetarian,Yes,No,No,Shellfish
1,T3,31,Normal,Tamil,Vegetarian,Yes,No,Yes,Shellfish
1,T3,34,Normal,Tamil,Vegetarian,Yes,Yes,No,Shellfish
1,T3,31,Normal,Tamil,Vegetarian,Yes,Yes,Yes,Shellfish
5,T3,33,Normal,Tamil,Vegetarian,No,No,No,Red meat
4,T3,33,Normal,Tamil,Vegetarian,No,No,Yes,Red meat
3,T3,33,Normal,Tamil,Vegetarian,No,Yes,No,Red meat
1,T3,33,Normal,Tamil,Vegetarian,No,Yes,Yes,Red meat
2,T3,31,Normal,Tamil,Vegetarian,Yes,No,No,Red meat
1,T3,30,Normal,Tamil,Vegetarian,Yes,No,Yes,Red meat
1,T3,32,Normal,Tamil,Vegetarian,Yes,Yes,No,Red meat
1,T3,34,Normal,Tamil,Vegetarian,Yes,Yes,Yes,Red meat
10,T3,31,Normal,Muslim,Any,No,No,No,None
4,T3,34,Normal,Muslim,Any,No,No,Yes,None
3,T3,33,Normal,Muslim,Any,No,Yes,No,None
1,T3,32,Normal,Muslim,Any,No,Yes,Yes,None
2,T3,33,Normal,Muslim,Any,Yes,No,No,None
1,T3,33,Normal,Muslim,Any,Yes,No,Yes,None
1,T3,32,Normal,Muslim,Any,Yes,Yes,No,None
1,T3,32,Normal,Muslim,Any,Yes,Yes,Yes,None
5,T3,33,Normal,Muslim,Any,No,No,No,Shellfish
4,T3,30,Normal,Muslim,Any,No,No,Yes,Shellfish
3,T3,31,Normal,Muslim,Any,No,Yes,No,Shellfish
1,T3,33,Normal,Muslim,Any,No,Yes,Yes,Shellfish
2,T3,34,Normal,Muslim,Any,Yes,No,No,Shellfish
1,T3,34,Normal,Muslim,Any,Yes,No,Yes,Shellfish
1,T3,32,Normal,Muslim,Any,Yes,Yes,No,Shellfish
1,T3,30,Normal,Muslim,Any,Yes,Yes,Yes,Shellfish
5,T3,32,Normal,Muslim,Any,No,No,No,Red meat
4,T3,34,Normal,Muslim,Any,No,No,Yes,Red meat
3,T3,34,Normal,Muslim,Any,No,Yes,No,Red meat
1,T3,32,Normal,Muslim,Any,No,Yes,Yes,Red meat
2,T3,33,Normal,Muslim,Any,Yes,No,No,Red meat
1,T3,31,Normal,Muslim,Any,Yes,No,Yes,Red meat
1,T3,31,Normal,Muslim,Any,Yes,Yes,No,Red meat
1,T3,30,Normal,Muslim,Any,Yes,Yes,Yes,Red meat
10,T3,30,Normal,Muslim,Vegetarian,No,No,No,None
4,T3,34,Normal,Muslim,Vegetarian,No,No,Yes,None
3,T3,30,Normal,Muslim,Vegetarian,No,Yes,No,None
1,T3,31,Normal,Muslim,Vegetarian,No,Yes,Yes,None
2,T3,32,Normal,Muslim,Vegetarian,Yes,No,No,None
1,T3,34,Normal,Muslim,Vegetarian,Yes,No,Yes,None
1,T3,31,Normal,Muslim,Vegetarian,Yes,Yes,No,None
1,T3,33,Normal,Muslim,Vegetarian,Yes,Yes,Yes,None
5,T3,34,Normal,Muslim,Vegetarian,No,No,No,Shellfish
4,T3,34,Normal,Muslim,Vegetarian,No,No,Yes,Shellfish
3,T3,30,Normal,Muslim,Vegetarian,No,Yes,No,Shellfish
1,T3,31,Normal,Muslim,Vegetarian,No,Yes,Yes,Shellfish
2,T3,31,Normal,Muslim,Vegetarian,Yes,No,No,Shellfish
1,T3,34,Normal,Muslim,Vegetarian,Yes,No,Yes,Shellfish
1,T3,32,Normal,Muslim,Vegetarian,Yes,Yes,No,Shellfish
1,T3,33,Normal,Muslim,Vegetarian,Yes,Yes,Yes,Shellfish
5,T3,32,Normal,Muslim,Vegetarian,No,No,No,Red meat
4,T3,34,Normal,Muslim,Vegetarian,No,No,Yes,Red meat
3,T3,32,Normal,Muslim,Vegetarian,No,Yes,No,Red meat
1,T3,33,Normal,Muslim,Vegetarian,No,Yes,Yes,Red meat
2,T3,33,Normal,Muslim,Vegetarian,Yes,No,No,Red meat
1,T3,32,Normal,Muslim,Vegetarian,Yes,No,Yes,Red meat
1,T3,30,Normal,Muslim,Vegetarian,Yes,Yes,No,Red meat
1,T3,33,Normal,Muslim,Vegetarian,Yes,Yes,Yes,Red meat
10,T3,34,Overweight,Sinhala,Any,No,No,No,None
4,T3,31,Overweight,Sinhala,Any,No,No,Yes,None
3,T3,31,Overweight,Sinhala,Any,No,Yes,No,None
1,T3,32,Overweight,Sinhala,Any,No,Yes,Yes,None
2,T3,33,Overweight,Sinhala,Any,Yes,No,No,None
1,T3,34,Overweight,Sinhala,Any,Yes,No,Yes,None
1,T3,34,Overweight,Sinhala,Any,Yes,Yes,No,None
1,T3,32,Overweight,Sinhala,Any,Yes,Yes,Yes,None
5,T3,34,Overweight,Sinhala,Any,No,No,No,Shellfish
4,T3,33,Overweight,Sinhala,Any,No,No,Yes,Shellfish
3,T3,30,Overweight,Sinhala,Any,No,Yes,No,Shellfish
1,T3,31,Overweight,Sinhala,Any,No,Yes,Yes,Shellfish
2,T3,30,Overweight,Sinhala,Any,Yes,No,No,Shellfish
1,T3,34,Overweight,Sinhala,Any,Yes,No,Yes,Shellfish
1,T3,31,Overweight,Sinhala,Any,Yes,Yes,No,Shellfish
1,T3,33,Overweight,Sinhala,Any,Yes,Yes,Yes,Shellfish
5,T3,34,Overweight,Sinhala,Any,No,No,No,Red meat
4,T3,30,Overweight,Sinhala,Any,No,No,Yes,Red meat
3,T3,31,Overweight,Sinhala,Any,No,Yes,No,Red meat
1,T3,30,Overweight,Sinhala,Any,No,Yes,Yes,Red meat
2,T3,32,Overweight,Sinhala,Any,Yes,No,No,Red meat
1,T3,32,Overweight,Sinhala,Any,Yes,No,Yes,Red meat
1,T3,32,Overweight,Sinhala,Any,Yes,Yes,No,Red meat
1,T3,34,Overweight,Sinhala,Any,Yes,Yes,Yes,Red meat
10,T3,32,Overweight,Sinhala,Vegetarian,No,No,No,None
4,T3,32,Overweight,Sinhala,Vegetarian,No,No,Yes,None
3,T3,30,Overweight,Sinhala,Vegetarian,No,Yes,No,None
1,T3,34,Overweight,Sinhala,Vegetarian,No,Yes,Yes,None
2,T3,31,Overweight,Sinhala,Vegetarian,Yes,No,No,None
1,T3,31,Overweight,Sinhala,Vegetarian,Yes,No,Yes,None
1,T3,34,Overweight,Sinhala,Vegetarian,Yes,Yes,No,None
1,T3,30,Overweight,Sinhala,Vegetarian,Yes,Yes,Yes,None
5,T3,30,Overweight,Sinhala,Vegetarian,No,No,No,Shellfish
4,T3,30,Overweight,Sinhala,Vegetarian,No,No,Yes,Shellfish
3,T3,34,Overweight,Sinhala,Vegetarian,No,Yes,No,Shellfish
1,T3,34,Overweight,Sinhala,Vegetarian,No,Yes,Yes,Shellfish
2,T3,32,Overweight,Sinhala,Vegetarian,Yes,No,No,Shellfish
1,T3,31,Overweight,Sinhala,Vegetarian,Yes,No,Yes,Shellfish
1,T3,34,Overweight,Sinhala,Vegetarian,Yes,Yes,No,Shellfish
1,T3,31,Overweight,Sinhala,Vegetarian,Yes,Yes,Yes,Shellfish
5,T3,34,Overweight,Sinhala,Vegetarian,No,No,No,Red meat
4,T3,32,Overweight,Sinhala,Vegetarian,No,No,Yes,Red meat
3,T3,33,Overweight,Sinhala,Vegetarian,No,Yes,No,Red meat
1,T3,34,Overweight,Sinhala,Vegetarian,No,Yes,Yes,Red meat
2,T3,32,Overweight,Sinhala,Vegetarian,Yes,No,No,Red meat
1,T3,33,Overweight,Sinhala,Vegetarian,Yes,No,Yes,Red meat
1,T3,31,Overweight,Sinhala,Vegetarian,Yes,Yes,No,Red meat
1,T3,30,Overweight,Sinhala,Vegetarian,Yes,Yes,Yes,Red meat
10,T3,30,Overweight,Tamil,Any,No,No,No,None
4,T3,30,Overweight,Tamil,Any,No,No,Yes,None
3,T3,32,Overweight,Tamil,Any,No,Yes,No,None
1,T3,34,Overweight,Tamil,Any,No,Yes,Yes,None
2,T3,32,Overweight,Tamil,Any,Yes,No,No,None
1,T3,32,Overweight,Tamil,Any,Yes,No,Yes,None
1,T3,30,Overweight,Tamil,Any,Yes,Yes,No,None
1,T3,34,Overweight,Tamil,Any,Yes,Yes,Yes,None
5,T3,30,Overweight,Tamil,Any,No,No,No,Shellfish
4,T3,31,Overweight,Tamil,Any,No,No,Yes,Shellfish
3,T3,31,Overweight,Tamil,Any,No,Yes,No,Shellfish
1,T3,34,Overweight,Tamil,Any,No,Yes,Yes,Shellfish
2,T3,30,Overweight,Tamil,Any,Yes,No,No,Shellfish
1,T3,34,Overweight,Tamil,Any,Yes,No,Yes,Shellfish
1,T3,30,Overweight,Tamil,Any,Yes,Yes,No,Shellfish
1,T3,30,Overweight,Tamil,Any,Yes,Yes,Yes,Shellfish
5,T3,31,Overweight,Tamil,Any,No,No,No,Red meat
4,T3,31,Overweight,Tamil,Any,No,No,Yes,Red meat
3,T3,30,Overweight,Tamil,Any,No,Yes,No,Red meat
1,T3,30,Overweight,Tamil,Any,No,Yes,Yes,Red meat
2,T3,30,Overweight,Tamil,Any,Yes,No,No,Red meat
1,T3,31,Overweight,Tamil,Any,Yes,No,Yes,Red meat
1,T3,30,Overweight,Tamil,Any,Yes,Yes,No,Red meat
1,T3,31,Overweight,Tamil,Any,Yes,Yes,Yes,Red meat
10,T3,33,Overweight,Tamil,Vegetarian,No,No,No,None
4,T3,34,Overweight,Tamil,Vegetarian,No,No,Yes,None
3,T3,34,Overweight,Tamil,Vegetarian,No,Yes,No,None
1,T3,34,Overweight,Tamil,Vegetarian,No,Yes,Yes,None
2,T3,32,Overweight,Tamil,Vegetarian,Yes,No,No,None
1,T3,32,Overweight,Tamil,Vegetarian,Yes,No,Yes,None
1,T3,33,Overweight,Tamil,Vegetarian,Yes,Yes,No,None
1,T3,33,Overweight,Tamil,Vegetarian,Yes,Yes,Yes,None
5,T3,34,Overweight,Tamil,Vegetarian,No,No,No,Shellfish
4,T3,34,Overweight,Tamil,Vegetarian,No,No,Yes,Shellfish
3,T3,33,Overweight,Tamil,Vegetarian,No,Yes,No,Shellfish
1,T3,30,Overweight,Tamil,Vegetarian,No,Yes,Yes,Shellfish
2,T3,30,Overweight,Tamil,Vegetarian,Yes,No,No,Shellfish
1,T3,32,Overweight,Tamil,Vegetarian,Yes,No,Yes,Shellfish
1,T3,32,Overweight,Tamil,Vegetarian,Yes,Yes,No,Shellfish
1,T3,34,Overweight,Tamil,Vegetarian,Yes,Yes,Yes,Shellfish
5,T3,30,Overweight,Tamil,Vegetarian,No,No,No,Red meat
4,T3,33,Overweight,Tamil,Vegetarian,No,No,Yes,Red meat
3,T3,34,Overweight,Tamil,Vegetarian,No,Yes,No,Red meat
1,T3,31,Overweight,Tamil,Vegetarian,No,Yes,Yes,Red meat
2,T3,30,Overweight,Tamil,Vegetarian,Yes,No,No,Red meat
1,T3,34,Overweight,Tamil,Vegetarian,Yes,No,Yes,Red meat
1,T3,32,Overweight,Tamil,Vegetarian,Yes,Yes,No,Red meat
1,T3,33,Overweight,Tamil,Vegetarian,Yes,Yes,Yes,Red meat
10,T3,32,Overweight,Muslim,Any,No,No,No,None
4,T3,31,Overweight,Muslim,Any,No,No,Yes,None
3,T3,31,Overweight,Muslim,Any,No,Yes,No,None
1,T3,30,Overweight,Muslim,Any,No,Yes,Yes,None
2,T3,30,Overweight,Muslim,Any,Yes,No,No,None
1,T3,33,Overweight,Muslim,Any,Yes,No,Yes,None
1,T3,33,Overweight,Muslim,Any,Yes,Yes,No,None
1,T3,34,Overweight,Muslim,Any,Yes,Yes,Yes,None
5,T3,30,Overweight,Muslim,Any,No,No,No,Shellfish
4,T3,33,Overweight,Muslim,Any,No,No,Yes,Shellfish
3,T3,34,Overweight,Muslim,Any,No,Yes,No,Shellfish
1,T3,30,Overweight,Muslim,Any,No,Yes,Yes,Shellfish
2,T3,30,Overweight,Muslim,Any,Yes,No,No,Shellfish
1,T3,32,Overweight,Muslim,Any,Yes,No,Yes,Shellfish
1,T3,33,Overweight,Muslim,Any,Yes,Yes,No,Shellfish
1,T3,31,Overweight,Muslim,Any,Yes,Yes,Yes,Shellfish
5,T3,32,Overweight,Muslim,Any,No,No,No,Red meat
4,T3,30,Overweight,Muslim,Any,No,No,Yes,Red meat
3,T3,31,Overweight,Muslim,Any,No,Yes,No,Red meat
1,T3,34,Overweight,Muslim,Any,No,Yes,Yes,Red meat
2,T3,33,Overweight,Muslim,Any,Yes,No,No,Red meat
1,T3,30,Overweight,Muslim,Any,Yes,No,Yes,Red meat
1,T3,30,Overweight,Muslim,Any,Yes,Yes,No,Red meat
1,T3,32,Overweight,Muslim,Any,Yes,Yes,Yes,Red meat
10,T3,33,Overweight,Muslim,Vegetarian,No,No,No,None
4,T3,34,Overweight,Muslim,Vegetarian,No,No,Yes,None
3,T3,30,Overweight,Muslim,Vegetarian,No,Yes,No,None
1,T3,34,Overweight,Muslim,Vegetarian,No,Yes,Yes,None
2,T3,34,Overweight,Muslim,Vegetarian,Yes,No,No,None
1,T3,32,Overweight,Muslim,Vegetarian,Yes,No,Yes,None
1,T3,33,Overweight,Muslim,Vegetarian,Yes,Yes,No,None
1,T3,33,Overweight,Muslim,Vegetarian,Yes,Yes,Yes,None
5,T3,32,Overweight,Muslim,Vegetarian,No,No,No,Shellfish
4,T3,33,Overweight,Muslim,Vegetarian,No,No,Yes,Shellfish
3,T3,32,Overweight,Muslim,Vegetarian,No,Yes,No,Shellfish
1,T3,31,Overweight,Muslim,Vegetarian,No,Yes,Yes,Shellfish
2,T3,34,Overweight,Muslim,Vegetarian,Yes,No,No,Shellfish
1,T3,33,Overweight,Muslim,Vegetarian,Yes,No,Yes,Shellfish
1,T3,32,Overweight,Muslim,Vegetarian,Yes,Yes,No,Shellfish
1,T3,31,Overweight,Muslim,Vegetarian,Yes,Yes,Yes,Shellfish
5,T3,33,Overweight,Muslim,Vegetarian,No,No,No,Red meat
4,T3,34,Overweight,Muslim,Vegetarian,No,No,Yes,Red meat
3,T3,31,Overweight,Muslim,Vegetarian,No,Yes,No,Red meat
1,T3,31,Overweight,Muslim,Vegetarian,No,Yes,Yes,Red meat
2,T3,33,Overweight,Muslim,Vegetarian,Yes,No,No,Red meat
1,T3,30,Overweight,Muslim,Vegetarian,Yes,No,Yes,Red meat
1,T3,33,Overweight,Muslim,Vegetarian,Yes,Yes,No,Red meat
1,T3,33,Overweight,Muslim,Vegetarian,Yes,Yes,Yes,Red meat
7,T3,30,Obese,Sinhala,Any,No,No,No,None
4,T3,34,Obese,Sinhala,Any,No,No,Yes,None
3,T3,34,Obese,Sinhala,Any,No,Yes,No,None
1,T3,33,Obese,Sinhala,Any,No,Yes,Yes,None
2,T3,32,Obese,Sinhala,Any,Yes,No,No,None
1,T3,30,Obese,Sinhala,Any,Yes,No,Yes,None
1,T3,30,Obese,Sinhala,Any,Yes,Yes,No,None
1,T3,31,Obese,Sinhala,Any,Yes,Yes,Yes,None
5,T3,33,Obese,Sinhala,Any,No,No,No,Shellfish
4,T3,31,Obese,Sinhala,Any,No,No,Yes,Shellfish
3,T3,33,Obese,Sinhala,Any,No,Yes,No,Shellfish
1,T3,32,Obese,Sinhala,Any,No,Yes,Yes,Shellfish
2,T3,31,Obese,Sinhala,Any,Yes,No,No,Shellfish
1,T3,30,Obese,Sinhala,Any,Yes,No,Yes,Shellfish
1,T3,32,Obese,Sinhala,Any,Yes,Yes,No,Shellfish
1,T3,30,Obese,Sinhala,Any,Yes,Yes,Yes,Shellfish
5,T3,34,Obese,Sinhala,Any,No,No,No,Red meat
4,T3,34,Obese,Sinhala,Any,No,No,Yes,Red meat
3,T3,32,Obese,Sinhala,Any,No,Yes,No,Red meat
1,T3,33,Obese,Sinhala,Any,No,Yes,Yes,Red meat
2,T3,33,Obese,Sinhala,Any,Yes,No,No,Red meat
1,T3,33,Obese,Sinhala,Any,Yes,No,Yes,Red meat
1,T3,30,Obese,Sinhala,Any,Yes,Yes,No,Red meat
1,T3,30,Obese,Sinhala,Any,Yes,Yes,Yes,Red meat
7,T3,33,Obese,Sinhala,Vegetarian,No,No,No,None
4,T3,31,Obese,Sinhala,Vegetarian,No,No,Yes,None
3,T3,32,Obese,Sinhala,Vegetarian,No,Yes,No,None
1,T3,34,Obese,Sinhala,Vegetarian,No,Yes,Yes,None
2,T3,33,Obese,Sinhala,Vegetarian,Yes,No,No,None
1,T3,32,Obese,Sinhala,Vegetarian,Yes,No,Yes,None
1,T3,34,Obese,Sinhala,Vegetarian,Yes,Yes,No,None
1,T3,31,Obese,Sinhala,Vegetarian,Yes,Yes,Yes,None
5,T3,33,Obese,Sinhala,Vegetarian,No,No,No,Shellfish
4,T3,31,Obese,Sinhala,Vegetarian,No,No,Yes,Shellfish
3,T3,33,Obese,Sinhala,Vegetarian,No,Yes,No,Shellfish
1,T3,33,Obese,Sinhala,Vegetarian,No,Yes,Yes,Shellfish
2,T3,33,Obese,Sinhala,Vegetarian,Yes,No,No,Shellfish
1,T3,30,Obese,Sinhala,Vegetarian,Yes,No,Yes,Shellfish
1,T3,30,Obese,Sinhala,Vegetarian,Yes,Yes,No,Shellfish
1,T3,32,Obese,Sinhala,Vegetarian,Yes,Yes,Yes,Shellfish
5,T3,34,Obese,Sinhala,Vegetarian,No,No,No,Red meat
4,T3,30,Obese,Sinhala,Vegetarian,No,No,Yes,Red meat
3,T3,33,Obese,Sinhala,Vegetarian,No,Yes,No,Red meat
1,T3,30,Obese,Sinhala,Vegetarian,No,Yes,Yes,Red meat
2,T3,33,Obese,Sinhala,Vegetarian,Yes,No,No,Red meat
1,T3,33,Obese,Sinhala,Vegetarian,Yes,No,Yes,Red meat
1,T3,34,Obese,Sinhala,Vegetarian,Yes,Yes,No,Red meat
1,T3,30,Obese,Sinhala,Vegetarian,Yes,Yes,Yes,Red meat
7,T3,31,Obese,Tamil,Any,No,No,No,None
4,T3,31,Obese,Tamil,Any,No,No,Yes,None
3,T3,32,Obese,Tamil,Any,No,Yes,No,None
1,T3,33,Obese,Tamil,Any,No,Yes,Yes,None
2,T3,33,Obese,Tamil,Any,Yes,No,No,None
1,T3,33,Obese,Tamil,Any,Yes,No,Yes,None
1,T3,32,Obese,Tamil,Any,Yes,Yes,No,None
1,T3,30,Obese,Tamil,Any,Yes,Yes,Yes,None
5,T3,34,Obese,Tamil,Any,No,No,No,Shellfish
4,T3,30,Obese,Tamil,Any,No,No,Yes,Shellfish
3,T3,33,Obese,Tamil,Any,No,Yes,No,Shellfish
1,T3,32,Obese,Tamil,Any,No,Yes,Yes,Shellfish
2,T3,33,Obese,Tamil,Any,Yes,No,No,Shellfish
1,T3,33,Obese,Tamil,Any,Yes,No,Yes,Shellfish
1,T3,30,Obese,Tamil,Any,Yes,Yes,No,Shellfish
1,T3,33,Obese,Tamil,Any,Yes,Yes,Yes,Shellfish
5,T3,31,Obese,Tamil,Any,No,No,No,Red meat
4,T3,30,Obese,Tamil,Any,No,No,Yes,Red meat
3,T3,31,Obese,Tamil,Any,No,Yes,No,Red meat
1,T3,31,Obese,Tamil,Any,No,Yes,Yes,Red meat
2,T3,32,Obese,Tamil,Any,Yes,No,No,Red meat
1,T3,33,Obese,Tamil,Any,Yes,No,Yes,Red meat
1,T3,34,Obese,Tamil,Any,Yes,Yes,No,Red meat
1,T3,31,Obese,Tamil,Any,Yes,Yes,Yes,Red meat
7,T3,32,Obese,Tamil,Vegetarian,No,No,No,None
4,T3,30,Obese,Tamil,Vegetarian,No,No,Yes,None
3,T3,33,Obese,Tamil,Vegetarian,No,Yes,No,None
1,T3,34,Obese,Tamil,Vegetarian,No,Yes,Yes,None
2,T3,31,Obese,Tamil,Vegetarian,Yes,No,No,None
1,T3,33,Obese,Tamil,Vegetarian,Yes,No,Yes,None
1,T3,34,Obese,Tamil,Vegetarian,Yes,Yes,No,None
1,T3,30,Obese,Tamil,Vegetarian,Yes,Yes,Yes,None
5,T3,34,Obese,Tamil,Vegetarian,No,No,No,Shellfish
4,T3,33,Obese,Tamil,Vegetarian,No,No,Yes,Shellfish
3,T3,30,Obese,Tamil,Vegetarian,No,Yes,No,Shellfish
1,T3,30,Obese,Tamil,Vegetarian,No,Yes,Yes,Shellfish
2,T3,30,Obese,Tamil,Vegetarian,Yes,No,No,Shellfish
1,T3,34,Obese,Tamil,Vegetarian,Yes,No,Yes,Shellfish
1,T3,30,Obese,Tamil,Vegetarian,Yes,Yes,No,Shellfish
1,T3,32,Obese,Tamil,Vegetarian,Yes,Yes,Yes,Shellfish
5,T3,34,Obese,Tamil,Vegetarian,No,No,No,Red meat
4,T3,34,Obese,Tamil,Vegetarian,No,No,Yes,Red meat
3,T3,31,Obese,Tamil,Vegetarian,No,Yes,No,Red meat
1,T3,31,Obese,Tamil,Vegetarian,No,Yes,Yes,Red meat
2,T3,33,Obese,Tamil,Vegetarian,Yes,No,No,Red meat
1,T3,30,Obese,Tamil,Vegetarian,Yes,No,Yes,Red meat
1,T3,33,Obese,Tamil,Vegetarian,Yes,Yes,No,Red meat
1,T3,31,Obese,Tamil,Vegetarian,Yes,Yes,Yes,Red meat
7,T3,31,Obese,Muslim,Any,No,No,No,None
4,T3,34,Obese,Muslim,Any,No,No,Yes,None
3,T3,30,Obese,Muslim,Any,No,Yes,No,None
1,T3,34,Obese,Muslim,Any,No,Yes,Yes,None
2,T3,34,Obese,Muslim,Any,Yes,No,No,None
1,T3,33,Obese,Muslim,Any,Yes,No,Yes,None
1,T3,33,Obese,Muslim,Any,Yes,Yes,No,None
1,T3,34,Obese,Muslim,Any,Yes,Yes,Yes,None
5,T3,30,Obese,Muslim,Any,No,No,No,Shellfish
4,T3,30,Obese,Muslim,Any,No,No,Yes,Shellfish
3,T3,32,Obese,Muslim,Any,No,Yes,No,Shellfish
1,T3,32,Obese,Muslim,Any,No,Yes,Yes,Shellfish
2,T3,34,Obese,Muslim,Any,Yes,No,No,Shellfish
1,T3,34,Obese,Muslim,Any,Yes,No,Yes,Shellfish
1,T3,34,Obese,Muslim,Any,Yes,Yes,No,Shellfish
1,T3,34,Obese,Muslim,Any,Yes,Yes,Yes,Shellfish
5,T3,32,Obese,Muslim,Any,No,No,No,Red meat
4,T3,31,Obese,Muslim,Any,No,No,Yes,Red meat
3,T3,32,Obese,Muslim,Any,No,Yes,No,Red meat
1,T3,31,Obese,Muslim,Any,No,Yes,Yes,Red meat
2,T3,32,Obese,Muslim,Any,Yes,No,No,Red meat
1,T3,30,Obese,Muslim,Any,Yes,No,Yes,Red meat
1,T3,34,Obese,Muslim,Any,Yes,Yes,No,Red meat
1,T3,34,Obese,Muslim,Any,Yes,Yes,Yes,Red meat
7,T3,33,Obese,Muslim,Vegetarian,No,No,No,None
4,T3,30,Obese,Muslim,Vegetarian,No,No,Yes,None
3,T3,34,Obese,Muslim,Vegetarian,No,Yes,No,None
1,T3,34,Obese,Muslim,Vegetarian,No,Yes,Yes,None
2,T3,32,Obese,Muslim,Vegetarian,Yes,No,No,None
1,T3,31,Obese,Muslim,Vegetarian,Yes,No,Yes,None
1,T3,30,Obese,Muslim,Vegetarian,Yes,Yes,No,None
1,T3,34,Obese,Muslim,Vegetarian,Yes,Yes,Yes,None
5,T3,31,Obese,Muslim,Vegetarian,No,No,No,Shellfish
4,T3,31,Obese,Muslim,Vegetarian,No,No,Yes,Shellfish
3,T3,31,Obese,Muslim,Vegetarian,No,Yes,No,Shellfish
1,T3,32,Obese,Muslim,Vegetarian,No,Yes,Yes,Shellfish
2,T3,33,Obese,Muslim,Vegetarian,Yes,No,No,Shellfish
1,T3,34,Obese,Muslim,Vegetarian,Yes,No,Yes,Shellfish
1,T3,31,Obese,Muslim,Vegetarian,Yes,Yes,No,Shellfish
1,T3,32,Obese,Muslim,Vegetarian,Yes,Yes,Yes,Shellfish
5,T3,33,Obese,Muslim,Vegetarian,No,No,No,Red meat
4,T3,32,Obese,Muslim,Vegetarian,No,No,Yes,Red meat
3,T3,33,Obese,Muslim,Vegetarian,No,Yes,No,Red meat
1,T3,31,Obese,Muslim,Vegetarian,No,Yes,Yes,Red meat
2,T3,34,Obese,Muslim,Vegetarian,Yes,No,No,Red meat
1,T3,31,Obese,Muslim,Vegetarian,Yes,No,Yes,Red meat
1,T3,32,Obese,Muslim,Vegetarian,Yes,Yes,No,Red meat
1,T3,31,Obese,Muslim,Vegetarian,Yes,Yes,Yes,Red meat
6,T3,36,Underweight,Sinhala,Any,No,No,No,None
4,T3,36,Underweight,Sinhala,Any,No,No,Yes,None
3,T3,35,Underweight,Sinhala,Any,No,Yes,No,None
1,T3,39,Underweight,Sinhala,Any,No,Yes,Yes,None
2,T3,41,Underweight,Sinhala,Any,Yes,No,No,None
1,T3,39,Underweight,Sinhala,Any,Yes,No,Yes,None
1,T3,35,Underweight,Sinhala,Any,Yes,Yes,No,None
1,T3,38,Underweight,Sinhala,Any,Yes,Yes,Yes,None
5,T3,41,Underweight,Sinhala,Any,No,No,No,Shellfish
4,T3,39,Underweight,Sinhala,Any,No,No,Yes,Shellfish
3,T3,35,Underweight,Sinhala,Any,No,Yes,No,Shellfish
1,T3,37,Underweight,Sinhala,Any,No,Yes,Yes,Shellfish
2,T3,39,Underweight,Sinhala,Any,Yes,No,No,Shellfish
1,T3,36,Underweight,Sinhala,Any,Yes,No,Yes,Shellfish
1,T3,36,Underweight,Sinhala,Any,Yes,Yes,No,Shellfish
1,T3,35,Underweight,Sinhala,Any,Yes,Yes,Yes,Shellfish
5,T3,35,Underweight,Sinhala,Any,No,No,No,Red meat
4,T3,36,Underweight,Sinhala,Any,No,No,Yes,Red meat
3,T3,36,Underweight,Sinhala,Any,No,Yes,No,Red meat
1,T3,41,Underweight,Sinhala,Any,No,Yes,Yes,Red meat
2,T3,37,Underweight,Sinhala,Any,Yes,No,No,Red meat
1,T3,39,Underweight,Sinhala,Any,Yes,No,Yes,Red meat
1,T3,35,Underweight,Sinhala,Any,Yes,Yes,No,Red meat
1,T3,40,Underweight,Sinhala,Any,Yes,Yes,Yes,Red meat
6,T3,39,Underweight,Sinhala,Vegetarian,No,No,No,None
4,T3,37,Underweight,Sinhala,Vegetarian,No,No,Yes,None
3,T3,41,Underweight,Sinhala,Vegetarian,No,Yes,No,None
1,T3,38,Underweight,Sinhala,Vegetarian,No,Yes,Yes,None
2,T3,40,Underweight,Sinhala,Vegetarian,Yes,No,No,None
1,T3,36,Underweight,Sinhala,Vegetarian,Yes,No,Yes,None
1,T3,35,Underweight,Sinhala,Vegetarian,Yes,Yes,No,None
1,T3,38,Underweight,Sinhala,Vegetarian,Yes,Yes,Yes,None
5,T3,41,Underweight,Sinhala,Vegetarian,No,No,No,Shellfish
4,T3,41,Underweight,Sinhala,Vegetarian,No,No,Yes,Shellfish
3,T3,35,Underweight,Sinhala,Vegetarian,No,Yes,No,Shellfish
1,T3,40,Underweight,Sinhala,Vegetarian,No,Yes,Yes,Shellfish
2,T3,41,Underweight,Sinhala,Vegetarian,Yes,No,No,Shellfish
1,T3,40,Underweight,Sinhala,Vegetarian,Yes,No,Yes,Shellfish
1,T3,38,Underweight,Sinhala,Vegetarian,Yes,Yes,No,Shellfish
1,T3,37,Underweight,Sinhala,Vegetarian,Yes,Yes,Yes,Shellfish
5,T3,37,Underweight,Sinhala,Vegetarian,No,No,No,Red meat
4,T3,40,Underweight,Sinhala,Vegetarian,No,No,Yes,Red meat
3,T3,37,Underweight,Sinhala,Vegetarian,No,Yes,No,Red meat
1,T3,40,Underweight,Sinhala,Vegetarian,No,Yes,Yes,Red meat
2,T3,37,Underweight,Sinhala,Vegetarian,Yes,No,No,Red meat
1,T3,37,Underweight,Sinhala,Vegetarian,Yes,No,Yes,Red meat
1,T3,41,Underweight,Sinhala,Vegetarian,Yes,Yes,No,Red meat
1,T3,36,Underweight,Sinhala,Vegetarian,Yes,Yes,Yes,Red meat
6,T3,38,Underweight,Tamil,Any,No,No,No,None
4,T3,35,Underweight,Tamil,Any,No,No,Yes,None
3,T3,35,Underweight,Tamil,Any,No,Yes,No,None
1,T3,35,Underweight,Tamil,Any,No,Yes,Yes,None
2,T3,35,Underweight,Tamil,Any,Yes,No,No,None
1,T3,35,Underweight,Tamil,Any,Yes,No,Yes,None
1,T3,40,Underweight,Tamil,Any,Yes,Yes,No,None
1,T3,41,Underweight,Tamil,Any,Yes,Yes,Yes,None
5,T3,39,Underweight,Tamil,Any,No,No,No,Shellfish
4,T3,35,Underweight,Tamil,Any,No,No,Yes,Shellfish
3,T3,35,Underweight,Tamil,Any,No,Yes,No,Shellfish
1,T3,36,Underweight,Tamil,Any,No,Yes,Yes,Shellfish
2,T3,39,Underweight,Tamil,Any,Yes,No,No,Shellfish
1,T3,38,Underweight,Tamil,Any,Yes,No,Yes,Shellfish
1,T3,36,Underweight,Tamil,Any,Yes,Yes,No,Shellfish
1,T3,40,Underweight,Tamil,Any,Yes,Yes,Yes,Shellfish
5,T3,37,Underweight,Tamil,Any,No,No,No,Red meat
4,T3,40,Underweight,Tamil,Any,No,No,Yes,Red meat
3,T3,40,Underweight,Tamil,Any,No,Yes,No,Red meat
1,T3,38,Underweight,Tamil,Any,No,Yes,Yes,Red meat
2,T3,40,Underweight,Tamil,Any,Yes,No,No,Red meat
1,T3,35,Underweight,Tamil,Any,Yes,No,Yes,Red meat
1,T3,37,Underweight,Tamil,Any,Yes,Yes,No,Red meat
1,T3,39,Underweight,Tamil,Any,Yes,Yes,Yes,Red meat
6,T3,40,Underweight,Tamil,Vegetarian,No,No,No,None
4,T3,40,Underweight,Tamil,Vegetarian,No,No,Yes,None
3,T3,35,Underweight,Tamil,Vegetarian,No,Yes,No,None
1,T3,36,Underweight,Tamil,Vegetarian,No,Yes,Yes,None
2,T3,41,Underweight,Tamil,Vegetarian,Yes,No,No,None
1,T3,36,Underweight,Tamil,Vegetarian,Yes,No,Yes,None
1,T3,38,Underweight,Tamil,Vegetarian,Yes,Yes,No,None
1,T3,41,Underweight,Tamil,Vegetarian,Yes,Yes,Yes,None
5,T3,36,Underweight,Tamil,Vegetarian,No,No,No,Shellfish
4,T3,41,Underweight,Tamil,Vegetarian,No,No,Yes,Shellfish
3,T3,38,Underweight,Tamil,Vegetarian,No,Yes,No,Shellfish
1,T3,37,Underweight,Tamil,Vegetarian,No,Yes,Yes,Shellfish
2,T3,41,Underweight,Tamil,Vegetarian,Yes,No,No,Shellfish
1,T3,39,Underweight,Tamil,Vegetarian,Yes,No,Yes,Shellfish
1,T3,36,Underweight,Tamil,Vegetarian,Yes,Yes,No,Shellfish
1,T3,41,Underweight,Tamil,Vegetarian,Yes,Yes,Yes,Shellfish
5,T3,36,Underweight,Tamil,Vegetarian,No,No,No,Red meat
4,T3,39,Underweight,Tamil,Vegetarian,No,No,Yes,Red meat
3,T3,37,Underweight,Tamil,Vegetarian,No,Yes,No,Red meat
1,T3,39,Underweight,Tamil,Vegetarian,No,Yes,Yes,Red meat
2,T3,41,Underweight,Tamil,Vegetarian,Yes,No,No,Red meat
1,T3,37,Underweight,Tamil,Vegetarian,Yes,No,Yes,Red meat
1,T3,41,Underweight,Tamil,Vegetarian,Yes,Yes,No,Red meat
1,T3,38,Underweight,Tamil,Vegetarian,Yes,Yes,Yes,Red meat
6,T3,39,Underweight,Muslim,Any,No,No,No,None
4,T3,38,Underweight,Muslim,Any,No,No,Yes,None
3,T3,37,Underweight,Muslim,Any,No,Yes,No,None
1,T3,40,Underweight,Muslim,Any,No,Yes,Yes,None
2,T3,37,Underweight,Muslim,Any,Yes,No,No,None
1,T3,38,Underweight,Muslim,Any,Yes,No,Yes,None
1,T3,36,Underweight,Muslim,Any,Yes,Yes,No,None
1,T3,35,Underweight,Muslim,Any,Yes,Yes,Yes,None
5,T3,38,Underweight,Muslim,Any,No,No,No,Shellfish
4,T3,35,Underweight,Muslim,Any,No,No,Yes,Shellfish
3,T3,40,Underweight,Muslim,Any,No,Yes,No,Shellfish
1,T3,38,Underweight,Muslim,Any,No,Yes,Yes,Shellfish
2,T3,38,Underweight,Muslim,Any,Yes,No,No,Shellfish
1,T3,41,Underweight,Muslim,Any,Yes,No,Yes,Shellfish
1,T3,36,Underweight,Muslim,Any,Yes,Yes,No,Shellfish
1,T3,35,Underweight,Muslim,Any,Yes,Yes,Yes,Shellfish
5,T3,39,Underweight,Muslim,Any,No,No,No,Red meat
4,T3,38,Underweight,Muslim,Any,No,No,Yes,Red meat
3,T3,35,Underweight,Muslim,Any,No,Yes,No,Red meat
1,T3,36,Underweight,Muslim,Any,No,Yes,Yes,Red meat
2,T3,40,Underweight,Muslim,Any,Yes,No,No,Red meat
1,T3,40,Underweight,Muslim,Any,Yes,No,Yes,Red meat
1,T3,36,Underweight,Muslim,Any,Yes,Yes,No,Red meat
1,T3,36,Underweight,Muslim,Any,Yes,Yes,Yes,Red meat
6,T3,39,Underweight,Muslim,Vegetarian,No,No,No,None
4,T3,39,Underweight,Muslim,Vegetarian,No,No,Yes,None
3,T3,40,Underweight,Muslim,Vegetarian,No,Yes,No,None
1,T3,36,Underweight,Muslim,Vegetarian,No,Yes,Yes,None
2,T3,36,Underweight,Muslim,Vegetarian,Yes,No,No,None
1,T3,41,Underweight,Muslim,Vegetarian,Yes,No,Yes,None
1,T3,41,Underweight,Muslim,Vegetarian,Yes,Yes,No,None
1,T3,37,Underweight,Muslim,Vegetarian,Yes,Yes,Yes,None
5,T3,40,Underweight,Muslim,Vegetarian,No,No,No,Shellfish
4,T3,36,Underweight,Muslim,Vegetarian,No,No,Yes,Shellfish
3,T3,40,Underweight,Muslim,Vegetarian,No,Yes,No,Shellfish
1,T3,37,Underweight,Muslim,Vegetarian,No,Yes,Yes,Shellfish
2,T3,36,Underweight,Muslim,Vegetarian,Yes,No,No,Shellfish
1,T3,40,Underweight,Muslim,Vegetarian,Yes,No,Yes,Shellfish
1,T3,37,Underweight,Muslim,Vegetarian,Yes,Yes,No,Shellfish
1,T3,39,Underweight,Muslim,Vegetarian,Yes,Yes,Yes,Shellfish
5,T3,41,Underweight,Muslim,Vegetarian,No,No,No,Red meat
4,T3,38,Underweight,Muslim,Vegetarian,No,No,Yes,Red meat
3,T3,40,Underweight,Muslim,Vegetarian,No,Yes,No,Red meat
1,T3,38,Underweight,Muslim,Vegetarian,No,Yes,Yes,Red meat
2,T3,41,Underweight,Muslim,Vegetarian,Yes,No,No,Red meat
1,T3,36,Underweight,Muslim,Vegetarian,Yes,No,Yes,Red meat
1,T3,36,Underweight,Muslim,Vegetarian,Yes,Yes,No,Red meat
1,T3,39,Underweight,Muslim,Vegetarian,Yes,Yes,Yes,Red meat
10,T3,37,Normal,Sinhala,Any,No,No,No,None
4,T3,40,Normal,Sinhala,Any,No,No,Yes,None
3,T3,38,Normal,Sinhala,Any,No,Yes,No,None
1,T3,39,Normal,Sinhala,Any,No,Yes,Yes,None
2,T3,40,Normal,Sinhala,Any,Yes,No,No,None
1,T3,36,Normal,Sinhala,Any,Yes,No,Yes,None
1,T3,41,Normal,Sinhala,Any,Yes,Yes,No,None
1,T3,40,Normal,Sinhala,Any,Yes,Yes,Yes,None
5,T3,35,Normal,Sinhala,Any,No,No,No,Shellfish
4,T3,38,Normal,Sinhala,Any,No,No,Yes,Shellfish
3,T3,41,Normal,Sinhala,Any,No,Yes,No,Shellfish
1,T3,41,Normal,Sinhala,Any,No,Yes,Yes,Shellfish
2,T3,40,Normal,Sinhala,Any,Yes,No,No,Shellfish
1,T3,37,Normal,Sinhala,Any,Yes,No,Yes,Shellfish
1,T3,40,Normal,Sinhala,Any,Yes,Yes,No,Shellfish
1,T3,36,Normal,Sinhala,Any,Yes,Yes,Yes,Shellfish
5,T3,35,Normal,Sinhala,Any,No,No,No,Red meat
4,T3,38,Normal,Sinhala,Any,No,No,Yes,Red meat
3,T3,41,Normal,Sinhala,Any,No,Yes,No,Red meat
1,T3,40,Normal,Sinhala,Any,No,Yes,Yes,Red meat
2,T3,39,Normal,Sinhala,Any,Yes,No,No,Red meat
1,T3,41,Normal,Sinhala,Any,Yes,No,Yes,Red meat
1,T3,41,Normal,Sinhala,Any,Yes,Yes,No,Red meat
1,T3,36,Normal,Sinhala,Any,Yes,Yes,Yes,Red meat
10,T3,35,Normal,Sinhala,Vegetarian,No,No,No,None
4,T3,35,Normal,Sinhala,Vegetarian,No,No,Yes,None
3,T3,37,Normal,Sinhala,Vegetarian,No,Yes,No,None
1,T3,38,Normal,Sinhala,Vegetarian,No,Yes,Yes,None
2,T3,41,Normal,Sinhala,Vegetarian,Yes,No,No,None
1,T3,41,Normal,Sinhala,Vegetarian,Yes,No,Yes,None
1,T3,41,Normal,Sinhala,Vegetarian,Yes,Yes,No,None
1,T3,35,Normal,Sinhala,Vegetarian,Yes,Yes,Yes,None
5,T3,38,Normal,Sinhala,Vegetarian,No,No,No,Shellfish
4,T3,35,Normal,Sinhala,Vegetarian,No,No,Yes,Shellfish
3,T3,41,Normal,Sinhala,Vegetarian,No,Yes,No,Shellfish
1,T3,40,Normal,Sinhala,Vegetarian,No,Yes,Yes,Shellfish
2,T3,40,Normal,Sinhala,Vegetarian,Yes,No,No,Shellfish
1,T3,41,Normal,Sinhala,Vegetarian,Yes,No,Yes,Shellfish
1,T3,39,Normal,Sinhala,Vegetarian,Yes,Yes,No,Shellfish
1,T3,37,Normal,Sinhala,Vegetarian,Yes,Yes,Yes,Shellfish
5,T3,37,Normal,Sinhala,Vegetarian,No,No,No,Red meat
4,T3,41,Normal,Sinhala,Vegetarian,No,No,Yes,Red meat
3,T3,36,Normal,Sinhala,Vegetarian,No,Yes,No,Red meat
1,T3,35,Normal,Sinhala,Vegetarian,No,Yes,Yes,Red meat
2,T3,39,Normal,Sinhala,Vegetarian,Yes,No,No,Red meat
1,T3,39,Normal,Sinhala,Vegetarian,Yes,No,Yes,Red meat
1,T3,40,Normal,Sinhala,Vegetarian,Yes,Yes,No,Red meat
1,T3,41,Normal,Sinhala,Vegetarian,Yes,Yes,Yes,Red meat
10,T3,36,Normal,Tamil,Any,No,No,No,None
4,T3,37,Normal,Tamil,Any,No,No,Yes,None
3,T3,37,Normal,Tamil,Any,No,Yes,No,None
1,T3,36,Normal,Tamil,Any,No,Yes,Yes,None
2,T3,35,Normal,Tamil,Any,Yes,No,No,None
1,T3,41,Normal,Tamil,Any,Yes,No,Yes,None
1,T3,40,Normal,Tamil,Any,Yes,Yes,No,None
1,T3,35,Normal,Tamil,Any,Yes,Yes,Yes,None
5,T3,35,Normal,Tamil,Any,No,No,No,Shellfish
4,T3,36,Normal,Tamil,Any,No,No,Yes,Shellfish
3,T3,41,Normal,Tamil,Any,No,Yes,No,Shellfish
1,T3,39,Normal,Tamil,Any,No,Yes,Yes,Shellfish
2,T3,37,Normal,Tamil,Any,Yes,No,No,Shellfish
1,T3,37,Normal,Tamil,Any,Yes,No,Yes,Shellfish
1,T3,36,Normal,Tamil,Any,Yes,Yes,No,Shellfish
1,T3,35,Normal,Tamil,Any,Yes,Yes,Yes,Shellfish
5,T3,38,Normal,Tamil,Any,No,No,No,Red meat
4,T3,37,Normal,Tamil,Any,No,No,Yes,Red meat
3,T3,35,Normal,Tamil,Any,No,Yes,No,Red meat
1,T3,38,Normal,Tamil,Any,No,Yes,Yes,Red meat
2,T3,35,Normal,Tamil,Any,Yes,No,No,Red meat
1,T3,38,Normal,Tamil,Any,Yes,No,Yes,Red meat
1,T3,36,Normal,Tamil,Any,Yes,Yes,No,Red meat
1,T3,39,Normal,Tamil,Any,Yes,Yes,Yes,Red meat
10,T3,39,Normal,Tamil,Vegetarian,No,No,No,None
4,T3,39,Normal,Tamil,Vegetarian,No,No,Yes,None
3,T3,36,Normal,Tamil,Vegetarian,No,Yes,No,None
1,T3,35,Normal,Tamil,Vegetarian,No,Yes,Yes,None
2,T3,41,Normal,Tamil,Vegetarian,Yes,No,No,None
1,T3,36,Normal,Tamil,Vegetarian,Yes,No,Yes,None
1,T3,36,Normal,Tamil,Vegetarian,Yes,Yes,No,None
1,T3,37,Normal,Tamil,Vegetarian,Yes,Yes,Yes,None
5,T3,38,Normal,Tamil,Vegetarian,No,No,No,Shellfish
4,T3,36,Normal,Tamil,Vegetarian,No,No,Yes,Shellfish
3,T3,40,Normal,Tamil,Vegetarian,No,Yes,No,Shellfish
1,T3,39,Normal,Tamil,Vegetarian,No,Yes,Yes,Shellfish
2,T3,37,Normal,Tamil,Vegetarian,Yes,No,No,Shellfish
1,T3,37,Normal,Tamil,Vegetarian,Yes,No,Yes,Shellfish
1,T3,37,Normal,Tamil,Vegetarian,Yes,Yes,No,Shellfish
1,T3,37,Normal,Tamil,Vegetarian,Yes,Yes,Yes,Shellfish
5,T3,41,Normal,Tamil,Vegetarian,No,No,No,Red meat
4,T3,37,Normal,Tamil,Vegetarian,No,No,Yes,Red meat
3,T3,38,Normal,Tamil,Vegetarian,No,Yes,No,Red meat
1,T3,36,Normal,Tamil,Vegetarian,No,Yes,Yes,Red meat
2,T3,41,Normal,Tamil,Vegetarian,Yes,No,No,Red meat
1,T3,36,Normal,Tamil,Vegetarian,Yes,No,Yes,Red meat
1,T3,39,Normal,Tamil,Vegetarian,Yes,Yes,No,Red meat
1,T3,35,Normal,Tamil,Vegetarian,Yes,Yes,Yes,Red meat
10,T3,41,Normal,Muslim,Any,No,No,No,None
4,T3,39,Normal,Muslim,Any,No,No,Yes,None
3,T3,39,Normal,Muslim,Any,No,Yes,No,None
1,T3,37,Normal,Muslim,Any,No,Yes,Yes,None
2,T3,40,Normal,Muslim,Any,Yes,No,No,None
1,T3,38,Normal,Muslim,Any,Yes,No,Yes,None
1,T3,38,Normal,Muslim,Any,Yes,Yes,No,None
1,T3,35,Normal,Muslim,Any,Yes,Yes,Yes,None
5,T3,40,Normal,Muslim,Any,No,No,No,Shellfish
4,T3,40,Normal,Muslim,Any,No,No,Yes,Shellfish
3,T3,35,Normal,Muslim,Any,No,Yes,No,Shellfish
1,T3,39,Normal,Muslim,Any,No,Yes,Yes,Shellfish
2,T3,38,Normal,Muslim,Any,Yes,No,No,Shellfish
1,T3,39,Normal,Muslim,Any,Yes,No,Yes,Shellfish
1,T3,40,Normal,Muslim,Any,Yes,Yes,No,Shellfish
1,T3,38,Normal,Muslim,Any,Yes,Yes,Yes,Shellfish
5,T3,39,Normal,Muslim,Any,No,No,No,Red meat
4,T3,36,Normal,Muslim,Any,No,No,Yes,Red meat
3,T3,36,Normal,Muslim,Any,No,Yes,No,Red meat
1,T3,35,Normal,Muslim,Any,No,Yes,Yes,Red meat
2,T3,37,Normal,Muslim,Any,Yes,No,No,Red meat
1,T3,35,Normal,Muslim,Any,Yes,No,Yes,Red meat
1,T3,35,Normal,Muslim,Any,Yes,Yes,No,Red meat
1,T3,39,Normal,Muslim,Any,Yes,Yes,Yes,Red meat
10,T3,39,Normal,Muslim,Vegetarian,No,No,No,None
4,T3,38,Normal,Muslim,Vegetarian,No,No,Yes,None
3,T3,36,Normal,Muslim,Vegetarian,No,Yes,No,None
1,T3,35,Normal,Muslim,Vegetarian,No,Yes,Yes,None
2,T3,41,Normal,Muslim,Vegetarian,Yes,No,No,None
1,T3,37,Normal,Muslim,Vegetarian,Yes,No,Yes,None
1,T3,37,Normal,Muslim,Vegetarian,Yes,Yes,No,None
1,T3,39,Normal,Muslim,Vegetarian,Yes,Yes,Yes,None
5,T3,40,Normal,Muslim,Vegetarian,No,No,No,Shellfish
4,T3,40,Normal,Muslim,Vegetarian,No,No,Yes,Shellfish
3,T3,35,Normal,Muslim,Vegetarian,No,Yes,No,Shellfish
1,T3,39,Normal,Muslim,Vegetarian,No,Yes,Yes,Shellfish
2,T3,38,Normal,Muslim,Vegetarian,Yes,No,No,Shellfish
1,T3,41,Normal,Muslim,Vegetarian,Yes,No,Yes,Shellfish
1,T3,41,Normal,Muslim,Vegetarian,Yes,Yes,No,Shellfish
1,T3,37,Normal,Muslim,Vegetarian,Yes,Yes,Yes,Shellfish
5,T3,38,Normal,Muslim,Vegetarian,No,No,No,Red meat
4,T3,39,Normal,Muslim,Vegetarian,No,No,Yes,Red meat
3,T3,41,Normal,Muslim,Vegetarian,No,Yes,No,Red meat
1,T3,39,Normal,Muslim,Vegetarian,No,Yes,Yes,Red meat
2,T3,39,Normal,Muslim,Vegetarian,Yes,No,No,Red meat
1,T3,39,Normal,Muslim,Vegetarian,Yes,No,Yes,Red meat
1,T3,41,Normal,Muslim,Vegetarian,Yes,Yes,No,Red meat
1,T3,38,Normal,Muslim,Vegetarian,Yes,Yes,Yes,Red meat
10,T3,40,Overweight,Sinhala,Any,No,No,No,None
4,T3,36,Overweight,Sinhala,Any,No,No,Yes,None
3,T3,35,Overweight,Sinhala,Any,No,Yes,No,None
1,T3,37,Overweight,Sinhala,Any,No,Yes,Yes,None
2,T3,37,Overweight,Sinhala,Any,Yes,No,No,None
1,T3,36,Overweight,Sinhala,Any,Yes,No,Yes,None
1,T3,35,Overweight,Sinhala,Any,Yes,Yes,No,None
1,T3,37,Overweight,Sinhala,Any,Yes,Yes,Yes,None
5,T3,39,Overweight,Sinhala,Any,No,No,No,Shellfish
4,T3,35,Overweight,Sinhala,Any,No,No,Yes,Shellfish
3,T3,37,Overweight,Sinhala,Any,No,Yes,No,Shellfish
1,T3,37,Overweight,Sinhala,Any,No,Yes,Yes,Shellfish
2,T3,37,Overweight,Sinhala,Any,Yes,No,No,Shellfish
1,T3,38,Overweight,Sinhala,Any,Yes,No,Yes,Shellfish
1,T3,41,Overweight,Sinhala,Any,Yes,Yes,No,Shellfish
1,T3,38,Overweight,Sinhala,Any,Yes,Yes,Yes,Shellfish
5,T3,39,Overweight,Sinhala,Any,No,No,No,Red meat
4,T3,38,Overweight,Sinhala,Any,No,No,Yes,Red meat
3,T3,40,Overweight,Sinhala,Any,No,Yes,No,Red meat
1,T3,38,Overweight,Sinhala,Any,No,Yes,Yes,Red meat
2,T3,40,Overweight,Sinhala,Any,Yes,No,No,Red meat
1,T3,37,Overweight,Sinhala,Any,Yes,No,Yes,Red meat
1,T3,37,Overweight,Sinhala,Any,Yes,Yes,No,Red meat
1,T3,36,Overweight,Sinhala,Any,Yes,Yes,Yes,Red meat
10,T3,39,Overweight,Sinhala,Vegetarian,No,No,No,None
4,T3,39,Overweight,Sinhala,Vegetarian,No,No,Yes,None
3,T3,40,Overweight,Sinhala,Vegetarian,No,Yes,No,None
1,T3,40,Overweight,Sinhala,Vegetarian,No,Yes,Yes,None
2,T3,35,Overweight,Sinhala,Vegetarian,Yes,No,No,None
1,T3,36,Overweight,Sinhala,Vegetarian,Yes,No,Yes,None
1,T3,40,Overweight,Sinhala,Vegetarian,Yes,Yes,No,None
1,T3,40,Overweight,Sinhala,Vegetarian,Yes,Yes,Yes,None
5,T3,35,Overweight,Sinhala,Vegetarian,No,No,No,Shellfish
4,T3,41,Overweight,Sinhala,Vegetarian,No,No,Yes,Shellfish
3,T3,39,Overweight,Sinhala,Vegetarian,No,Yes,No,Shellfish
1,T3,39,Overweight,Sinhala,Vegetarian,No,Yes,Yes,Shellfish
2,T3,37,Overweight,Sinhala,Vegetarian,Yes,No,No,Shellfish
1,T3,38,Overweight,Sinhala,Vegetarian,Yes,No,Yes,Shellfish
1,T3,38,Overweight,Sinhala,Vegetarian,Yes,Yes,No,Shellfish
1,T3,37,Overweight,Sinhala,Vegetarian,Yes,Yes,Yes,Shellfish
5,T3,39,Overweight,Sinhala,Vegetarian,No,No,No,Red meat
4,T3,35,Overweight,Sinhala,Vegetarian,No,No,Yes,Red meat
3,T3,38,Overweight,Sinhala,Vegetarian,No,Yes,No,Red meat
1,T3,37,Overweight,Sinhala,Vegetarian,No,Yes,Yes,Red meat
2,T3,35,Overweight,Sinhala,Vegetarian,Yes,No,No,Red meat
1,T3,41,Overweight,Sinhala,Vegetarian,Yes,No,Yes,Red meat
1,T3,37,Overweight,Sinhala,Vegetarian,Yes,Yes,No,Red meat
1,T3,41,Overweight,Sinhala,Vegetarian,Yes,Yes,Yes,Red meat
10,T3,35,Overweight,Tamil,Any,No,No,No,None
4,T3,37,Overweight,Tamil,Any,No,No,Yes,None
3,T3,38,Overweight,Tamil,Any,No,Yes,No,None
1,T3,35,Overweight,Tamil,Any,No,Yes,Yes,None
2,T3,41,Overweight,Tamil,Any,Yes,No,No,None
1,T3,38,Overweight,Tamil,Any,Yes,No,Yes,None
1,T3,41,Overweight,Tamil,Any,Yes,Yes,No,None
1,T3,39,Overweight,Tamil,Any,Yes,Yes,Yes,None
5,T3,37,Overweight,Tamil,Any,No,No,No,Shellfish
4,T3,39,Overweight,Tamil,Any,No,No,Yes,Shellfish
3,T3,39,Overweight,Tamil,Any,No,Yes,No,Shellfish
1,T3,35,Overweight,Tamil,Any,No,Yes,Yes,Shellfish
2,T3,37,Overweight,Tamil,Any,Yes,No,No,Shellfish
1,T3,38,Overweight,Tamil,Any,Yes,No,Yes,Shellfish
1,T3,36,Overweight,Tamil,Any,Yes,Yes,No,Shellfish
1,T3,41,Overweight,Tamil,Any,Yes,Yes,Yes,Shellfish
5,T3,35,Overweight,Tamil,Any,No,No,No,Red meat
4,T3,39,Overweight,Tamil,Any,No,No,Yes,Red meat
3,T3,38,Overweight,Tamil,Any,No,Yes,No,Red meat
1,T3,41,Overweight,Tamil,Any,No,Yes,Yes,Red meat
2,T3,38,Overweight,Tamil,Any,Yes,No,No,Red meat
1,T3,37,Overweight,Tamil,Any,Yes,No,Yes,Red meat
1,T3,41,Overweight,Tamil,Any,Yes,Yes,No,Red meat
1,T3,38,Overweight,Tamil,Any,Yes,Yes,Yes,Red meat
10,T3,38,Overweight,Tamil,Vegetarian,No,No,No,None
4,T3,36,Overweight,Tamil,Vegetarian,No,No,Yes,None
3,T3,38,Overweight,Tamil,Vegetarian,No,Yes,No,None
1,T3,40,Overweight,Tamil,Vegetarian,No,Yes,Yes,None
2,T3,36,Overweight,Tamil,Vegetarian,Yes,No,No,None
1,T3,38,Overweight,Tamil,Vegetarian,Yes,No,Yes,None
1,T3,41,Overweight,Tamil,Vegetarian,Yes,Yes,No,None
1,T3,41,Overweight,Tamil,Vegetarian,Yes,Yes,Yes,None
5,T3,37,Overweight,Tamil,Vegetarian,No,No,No,Shellfish
4,T3,38,Overweight,Tamil,Vegetarian,No,No,Yes,Shellfish
3,T3,36,Overweight,Tamil,Vegetarian,No,Yes,No,Shellfish
1,T3,36,Overweight,Tamil,Vegetarian,No,Yes,Yes,Shellfish
2,T3,37,Overweight,Tamil,Vegetarian,Yes,No,No,Shellfish
1,T3,35,Overweight,Tamil,Vegetarian,Yes,No,Yes,Shellfish
1,T3,38,Overweight,Tamil,Vegetarian,Yes,Yes,No,Shellfish
1,T3,38,Overweight,Tamil,Vegetarian,Yes,Yes,Yes,Shellfish
5,T3,35,Overweight,Tamil,Vegetarian,No,No,No,Red meat
4,T3,40,Overweight,Tamil,Vegetarian,No,No,Yes,Red meat
3,T3,36,Overweight,Tamil,Vegetarian,No,Yes,No,Red meat
1,T3,39,Overweight,Tamil,Vegetarian,No,Yes,Yes,Red meat
2,T3,37,Overweight,Tamil,Vegetarian,Yes,No,No,Red meat
1,T3,41,Overweight,Tamil,Vegetarian,Yes,No,Yes,Red meat
1,T3,41,Overweight,Tamil,Vegetarian,Yes,Yes,No,Red meat
1,T3,37,Overweight,Tamil,Vegetarian,Yes,Yes,Yes,Red meat
10,T3,40,Overweight,Muslim,Any,No,No,No,None
4,T3,39,Overweight,Muslim,Any,No,No,Yes,None
3,T3,37,Overweight,Muslim,Any,No,Yes,No,None
1,T3,41,Overweight,Muslim,Any,No,Yes,Yes,None
2,T3,41,Overweight,Muslim,Any,Yes,No,No,None
1,T3,40,Overweight,Muslim,Any,Yes,No,Yes,None
1,T3,40,Overweight,Muslim,Any,Yes,Yes,No,None
1,T3,41,Overweight,Muslim,Any,Yes,Yes,Yes,None
5,T3,40,Overweight,Muslim,Any,No,No,No,Shellfish
4,T3,40,Overweight,Muslim,Any,No,No,Yes,Shellfish
3,T3,35,Overweight,Muslim,Any,No,Yes,No,Shellfish
1,T3,36,Overweight,Muslim,Any,No,Yes,Yes,Shellfish
2,T3,37,Overweight,Muslim,Any,Yes,No,No,Shellfish
1,T3,39,Overweight,Muslim,Any,Yes,No,Yes,Shellfish
1,T3,39,Overweight,Muslim,Any,Yes,Yes,No,Shellfish
1,T3,36,Overweight,Muslim,Any,Yes,Yes,Yes,Shellfish
5,T3,38,Overweight,Muslim,Any,No,No,No,Red meat
4,T3,39,Overweight,Muslim,Any,No,No,Yes,Red meat
3,T3,37,Overweight,Muslim,Any,No,Yes,No,Red meat
1,T3,38,Overweight,Muslim,Any,No,Yes,Yes,Red meat
2,T3,35,Overweight,Muslim,Any,Yes,No,No,Red meat
1,T3,36,Overweight,Muslim,Any,Yes,No,Yes,Red meat
1,T3,35,Overweight,Muslim,Any,Yes,Yes,No,Red meat
1,T3,36,Overweight,Muslim,Any,Yes,Yes,Yes,Red meat
10,T3,39,Overweight,Muslim,Vegetarian,No,No,No,None
4,T3,37,Overweight,Muslim,Vegetarian,No,No,Yes,None
3,T3,35,Overweight,Muslim,Vegetarian,No,Yes,No,None
1,T3,39,Overweight,Muslim,Vegetarian,No,Yes,Yes,None
2,T3,37,Overweight,Muslim,Vegetarian,Yes,No,No,None
1,T3,38,Overweight,Muslim,Vegetarian,Yes,No,Yes,None
1,T3,39,Overweight,Muslim,Vegetarian,Yes,Yes,No,None
1,T3,41,Overweight,Muslim,Vegetarian,Yes,Yes,Yes,None
5,T3,41,Overweight,Muslim,Vegetarian,No,No,No,Shellfish
4,T3,41,Overweight,Muslim,Vegetarian,No,No,Yes,Shellfish
3,T3,38,Overweight,Muslim,Vegetarian,No,Yes,No,Shellfish
1,T3,38,Overweight,Muslim,Vegetarian,No,Yes,Yes,Shellfish
2,T3,37,Overweight,Muslim,Vegetarian,Yes,No,No,Shellfish
1,T3,37,Overweight,Muslim,Vegetarian,Yes,No,Yes,Shellfish
1,T3,39,Overweight,Muslim,Vegetarian,Yes,Yes,No,Shellfish
1,T3,37,Overweight,Muslim,Vegetarian,Yes,Yes,Yes,Shellfish
5,T3,36,Overweight,Muslim,Vegetarian,No,No,No,Red meat
4,T3,35,Overweight,Muslim,Vegetarian,No,No,Yes,Red meat
3,T3,38,Overweight,Muslim,Vegetarian,No,Yes,No,Red meat
1,T3,41,Overweight,Muslim,Vegetarian,No,Yes,Yes,Red meat
2,T3,37,Overweight,Muslim,Vegetarian,Yes,No,No,Red meat
1,T3,36,Overweight,Muslim,Vegetarian,Yes,No,Yes,Red meat
1,T3,39,Overweight,Muslim,Vegetarian,Yes,Yes,No,Red meat
1,T3,41,Overweight,Muslim,Vegetarian,Yes,Yes,Yes,Red meat
7,T3,35,Obese,Sinhala,Any,No,No,No,None
4,T3,37,Obese,Sinhala,Any,No,No,Yes,None
3,T3,40,Obese,Sinhala,Any,No,Yes,No,None
1,T3,41,Obese,Sinhala,Any,No,Yes,Yes,None
2,T3,36,Obese,Sinhala,Any,Yes,No,No,None
1,T3,38,Obese,Sinhala,Any,Yes,No,Yes,None
1,T3,41,Obese,Sinhala,Any,Yes,Yes,No,None
1,T3,37,Obese,Sinhala,Any,Yes,Yes,Yes,None
5,T3,38,Obese,Sinhala,Any,No,No,No,Shellfish
4,T3,38,Obese,Sinhala,Any,No,No,Yes,Shellfish
3,T3,37,Obese,Sinhala,Any,No,Yes,No,Shellfish
1,T3,36,Obese,Sinhala,Any,No,Yes,Yes,Shellfish
2,T3,41,Obese,Sinhala,Any,Yes,No,No,Shellfish
1,T3,41,Obese,Sinhala,Any,Yes,No,Yes,Shellfish
1,T3,38,Obese,Sinhala,Any,Yes,Yes,No,Shellfish
1,T3,40,Obese,Sinhala,Any,Yes,Yes,Yes,Shellfish
5,T3,40,Obese,Sinhala,Any,No,No,No,Red meat
4,T3,40,Obese,Sinhala,Any,No,No,Yes,Red meat
3,T3,35,Obese,Sinhala,Any,No,Yes,No,Red meat
1,T3,37,Obese,Sinhala,Any,No,Yes,Yes,Red meat
2,T3,35,Obese,Sinhala,Any,Yes,No,No,Red meat
1,T3,36,Obese,Sinhala,Any,Yes,No,Yes,Red meat
1,T3,39,Obese,Sinhala,Any,Yes,Yes,No,Red meat
1,T3,40,Obese,Sinhala,Any,Yes,Yes,Yes,Red meat
7,T3,35,Obese,Sinhala,Vegetarian,No,No,No,None
4,T3,39,Obese,Sinhala,Vegetarian,No,No,Yes,None
3,T3,39,Obese,Sinhala,Vegetarian,No,Yes,No,None
1,T3,39,Obese,Sinhala,Vegetarian,No,Yes,Yes,None
2,T3,39,Obese,Sinhala,Vegetarian,Yes,No,No,None
1,T3,38,Obese,Sinhala,Vegetarian,Yes,No,Yes,None
1,T3,36,Obese,Sinhala,Vegetarian,Yes,Yes,No,None
1,T3,38,Obese,Sinhala,Vegetarian,Yes,Yes,Yes,None
5,T3,41,Obese,Sinhala,Vegetarian,No,No,No,Shellfish
4,T3,40,Obese,Sinhala,Vegetarian,No,No,Yes,Shellfish
3,T3,35,Obese,Sinhala,Vegetarian,No,Yes,No,Shellfish
1,T3,35,Obese,Sinhala,Vegetarian,No,Yes,Yes,Shellfish
2,T3,40,Obese,Sinhala,Vegetarian,Yes,No,No,Shellfish
1,T3,35,Obese,Sinhala,Vegetarian,Yes,No,Yes,Shellfish
1,T3,37,Obese,Sinhala,Vegetarian,Yes,Yes,No,Shellfish
1,T3,38,Obese,Sinhala,Vegetarian,Yes,Yes,Yes,Shellfish
5,T3,41,Obese,Sinhala,Vegetarian,No,No,No,Red meat
4,T3,37,Obese,Sinhala,Vegetarian,No,No,Yes,Red meat
3,T3,40,Obese,Sinhala,Vegetarian,No,Yes,No,Red meat
1,T3,39,Obese,Sinhala,Vegetarian,No,Yes,Yes,Red meat
2,T3,41,Obese,Sinhala,Vegetarian,Yes,No,No,Red meat
1,T3,35,Obese,Sinhala,Vegetarian,Yes,No,Yes,Red meat
1,T3,39,Obese,Sinhala,Vegetarian,Yes,Yes,No,Red meat
1,T3,39,Obese,Sinhala,Vegetarian,Yes,Yes,Yes,Red meat
7,T3,40,Obese,Tamil,Any,No,No,No,None
4,T3,40,Obese,Tamil,Any,No,No,Yes,None
3,T3,35,Obese,Tamil,Any,No,Yes,No,None
1,T3,38,Obese,Tamil,Any,No,Yes,Yes,None
2,T3,37,Obese,Tamil,Any,Yes,No,No,None
1,T3,39,Obese,Tamil,Any,Yes,No,Yes,None
1,T3,39,Obese,Tamil,Any,Yes,Yes,No,None
1,T3,38,Obese,Tamil,Any,Yes,Yes,Yes,None
5,T3,37,Obese,Tamil,Any,No,No,No,Shellfish
4,T3,37,Obese,Tamil,Any,No,No,Yes,Shellfish
3,T3,37,Obese,Tamil,Any,No,Yes,No,Shellfish
1,T3,40,Obese,Tamil,Any,No,Yes,Yes,Shellfish
2,T3,40,Obese,Tamil,Any,Yes,No,No,Shellfish
1,T3,37,Obese,Tamil,Any,Yes,No,Yes,Shellfish
1,T3,38,Obese,Tamil,Any,Yes,Yes,No,Shellfish
1,T3,37,Obese,Tamil,Any,Yes,Yes,Yes,Shellfish
5,T3,38,Obese,Tamil,Any,No,No,No,Red meat
4,T3,39,Obese,Tamil,Any,No,No,Yes,Red meat
3,T3,39,Obese,Tamil,Any,No,Yes,No,Red meat
1,T3,39,Obese,Tamil,Any,No,Yes,Yes,Red meat
2,T3,40,Obese,Tamil,Any,Yes,No,No,Red meat
1,T3,41,Obese,Tamil,Any,Yes,No,Yes,Red meat
1,T3,39,Obese,Tamil,Any,Yes,Yes,No,Red meat
1,T3,41,Obese,Tamil,Any,Yes,Yes,Yes,Red meat
7,T3,35,Obese,Tamil,Vegetarian,No,No,No,None
4,T3,37,Obese,Tamil,Vegetarian,No,No,Yes,None
3,T3,39,Obese,Tamil,Vegetarian,No,Yes,No,None
1,T3,40,Obese,Tamil,Vegetarian,No,Yes,Yes,None
2,T3,39,Obese,Tamil,Vegetarian,Yes,No,No,None
1,T3,41,Obese,Tamil,Vegetarian,Yes,No,Yes,None
1,T3,40,Obese,Tamil,Vegetarian,Yes,Yes,No,None
1,T3,38,Obese,Tamil,Vegetarian,Yes,Yes,Yes,None
5,T3,40,Obese,Tamil,Vegetarian,No,No,No,Shellfish
4,T3,40,Obese,Tamil,Vegetarian,No,No,Yes,Shellfish
3,T3,41,Obese,Tamil,Vegetarian,No,Yes,No,Shellfish
1,T3,35,Obese,Tamil,Vegetarian,No,Yes,Yes,Shellfish
2,T3,41,Obese,Tamil,Vegetarian,Yes,No,No,Shellfish
1,T3,35,Obese,Tamil,Vegetarian,Yes,No,Yes,Shellfish
1,T3,36,Obese,Tamil,Vegetarian,Yes,Yes,No,Shellfish
1,T3,38,Obese,Tamil,Vegetarian,Yes,Yes,Yes,Shellfish
5,T3,35,Obese,Tamil,Vegetarian,No,No,No,Red meat
4,T3,37,Obese,Tamil,Vegetarian,No,No,Yes,Red meat
3,T3,38,Obese,Tamil,Vegetarian,No,Yes,No,Red meat
1,T3,39,Obese,Tamil,Vegetarian,No,Yes,Yes,Red meat
2,T3,39,Obese,Tamil,Vegetarian,Yes,No,No,Red meat
1,T3,38,Obese,Tamil,Vegetarian,Yes,No,Yes,Red meat
1,T3,39,Obese,Tamil,Vegetarian,Yes,Yes,No,Red meat
1,T3,38,Obese,Tamil,Vegetarian,Yes,Yes,Yes,Red meat
7,T3,39,Obese,Muslim,Any,No,No,No,None
4,T3,39,Obese,Muslim,Any,No,No,Yes,None
3,T3,41,Obese,Muslim,Any,No,Yes,No,None
1,T3,39,Obese,Muslim,Any,No,Yes,Yes,None
2,T3,35,Obese,Muslim,Any,Yes,No,No,None
1,T3,37,Obese,Muslim,Any,Yes,No,Yes,None
1,T3,38,Obese,Muslim,Any,Yes,Yes,No,None
1,T3,39,Obese,Muslim,Any,Yes,Yes,Yes,None
5,T3,39,Obese,Muslim,Any,No,No,No,Shellfish
4,T3,36,Obese,Muslim,Any,No,No,Yes,Shellfish
3,T3,37,Obese,Muslim,Any,No,Yes,No,Shellfish
1,T3,35,Obese,Muslim,Any,No,Yes,Yes,Shellfish
2,T3,39,Obese,Muslim,Any,Yes,No,No,Shellfish
1,T3,41,Obese,Muslim,Any,Yes,No,Yes,Shellfish
1,T3,36,Obese,Muslim,Any,Yes,Yes,No,Shellfish
1,T3,41,Obese,Muslim,Any,Yes,Yes,Yes,Shellfish
5,T3,40,Obese,Muslim,Any,No,No,No,Red meat
4,T3,35,Obese,Muslim,Any,No,No,Yes,Red meat
3,T3,35,Obese,Muslim,Any,No,Yes,No,Red meat
1,T3,38,Obese,Muslim,Any,No,Yes,Yes,Red meat
2,T3,35,Obese,Muslim,Any,Yes,No,No,Red meat
1,T3,39,Obese,Muslim,Any,Yes,No,Yes,Red meat
1,T3,40,Obese,Muslim,Any,Yes,Yes,No,Red meat
1,T3,39,Obese,Muslim,Any,Yes,Yes,Yes,Red meat
7,T3,36,Obese,Muslim,Vegetarian,No,No,No,None
4,T3,40,Obese,Muslim,Vegetarian,No,No,Yes,None
3,T3,36,Obese,Muslim,Vegetarian,No,Yes,No,None
1,T3,37,Obese,Muslim,Vegetarian,No,Yes,Yes,None
2,T3,37,Obese,Muslim,Vegetarian,Yes,No,No,None
1,T3,41,Obese,Muslim,Vegetarian,Yes,No,Yes,None
1,T3,37,Obese,Muslim,Vegetarian,Yes,Yes,No,None
1,T3,38,Obese,Muslim,Vegetarian,Yes,Yes,Yes,None
5,T3,37,Obese,Muslim,Vegetarian,No,No,No,Shellfish
4,T3,38,Obese,Muslim,Vegetarian,No,No,Yes,Shellfish
3,T3,40,Obese,Muslim,Vegetarian,No,Yes,No,Shellfish
1,T3,40,Obese,Muslim,Vegetarian,No,Yes,Yes,Shellfish
2,T3,35,Obese,Muslim,Vegetarian,Yes,No,No,Shellfish
1,T3,36,Obese,Muslim,Vegetarian,Yes,No,Yes,Shellfish
1,T3,36,Obese,Muslim,Vegetarian,Yes,Yes,No,Shellfish
1,T3,38,Obese,Muslim,Vegetarian,Yes,Yes,Yes,Shellfish
5,T3,36,Obese,Muslim,Vegetarian,No,No,No,Red meat
4,T3,35,Obese,Muslim,Vegetarian,No,No,Yes,Red meat
3,T3,41,Obese,Muslim,Vegetarian,No,Yes,No,Red meat
1,T3,36,Obese,Muslim,Vegetarian,No,Yes,Yes,Red meat
2,T3,39,Obese,Muslim,Vegetarian,Yes,No,No,Red meat
1,T3,40,Obese,Muslim,Vegetarian,Yes,No,Yes,Red meat
1,T3,35,Obese,Muslim,Vegetarian,Yes,Yes,No,Red meat
1,T3,41,Obese,Muslim,Vegetarian,Yes,Yes,Yes,Red meat
